ISO-10303-21;
HEADER;
/* Generated by software containing ST-Developer
 * from STEP Tools, Inc. (www.steptools.com) 
 */

FILE_DESCRIPTION(
/* description */ (''),
/* implementation_level */ '2;1');

FILE_NAME(
/* name */ 'MainBody.step',
/* time_stamp */ '2026-08-10T18:26:31-05:00',
/* author */ (''),
/* organization */ (''),
/* preprocessor_version */ 'ST-DEVELOPER v20.1',
/* originating_system */ 'Autodesk Translation Framework v15.8.0.0',
/* authorisation */ '');

FILE_SCHEMA (('AUTOMOTIVE_DESIGN { 1 0 10303 214 3 1 1 }'));
ENDSEC;

DATA;
#10=MECHANICAL_DESIGN_GEOMETRIC_PRESENTATION_REPRESENTATION('',(#13),#3689);
#11=SHAPE_REPRESENTATION_RELATIONSHIP('SRR','None',#3696,#12);
#12=ADVANCED_BREP_SHAPE_REPRESENTATION('',(#14),#3688);
#13=STYLED_ITEM('',(#3705),#14);
#14=MANIFOLD_SOLID_BREP('Body1',#2236);
#15=ELLIPSE('',#2377,21.2132034355964,15.);
#16=ELLIPSE('',#2378,21.2132034355964,15.);
#17=ELLIPSE('',#2391,21.2132034355964,15.);
#18=ELLIPSE('',#2420,21.2132034355964,15.);
#19=ELLIPSE('',#2421,21.2132034355964,15.);
#20=ELLIPSE('',#2424,21.2132034355964,15.);
#21=ELLIPSE('',#2426,21.2132034355964,15.);
#22=ELLIPSE('',#2428,21.2132034355964,15.);
#23=ELLIPSE('',#2432,21.2132034355964,15.);
#24=CYLINDRICAL_SURFACE('',#2256,2.);
#25=CYLINDRICAL_SURFACE('',#2259,2.);
#26=CYLINDRICAL_SURFACE('',#2262,2.);
#27=CYLINDRICAL_SURFACE('',#2265,2.);
#28=CYLINDRICAL_SURFACE('',#2268,2.);
#29=CYLINDRICAL_SURFACE('',#2276,17.5);
#30=CYLINDRICAL_SURFACE('',#2277,12.5);
#31=CYLINDRICAL_SURFACE('',#2279,2.5);
#32=CYLINDRICAL_SURFACE('',#2283,1.5);
#33=CYLINDRICAL_SURFACE('',#2287,1.5);
#34=CYLINDRICAL_SURFACE('',#2291,1.5);
#35=CYLINDRICAL_SURFACE('',#2327,11.0052558883258);
#36=CYLINDRICAL_SURFACE('',#2328,11.0052558883258);
#37=CYLINDRICAL_SURFACE('',#2333,2.1);
#38=CYLINDRICAL_SURFACE('',#2335,2.1);
#39=CYLINDRICAL_SURFACE('',#2339,2.1);
#40=CYLINDRICAL_SURFACE('',#2343,2.1);
#41=CYLINDRICAL_SURFACE('',#2346,0.750000000000001);
#42=CYLINDRICAL_SURFACE('',#2348,0.750000000000001);
#43=CYLINDRICAL_SURFACE('',#2351,0.750000000000001);
#44=CYLINDRICAL_SURFACE('',#2354,0.750000000000001);
#45=CYLINDRICAL_SURFACE('',#2366,17.5);
#46=CYLINDRICAL_SURFACE('',#2371,17.5);
#47=CYLINDRICAL_SURFACE('',#2376,15.);
#48=CYLINDRICAL_SURFACE('',#2397,2.5);
#49=CYLINDRICAL_SURFACE('',#2413,2.);
#50=CYLINDRICAL_SURFACE('',#2416,2.);
#51=CYLINDRICAL_SURFACE('',#2419,15.);
#52=CYLINDRICAL_SURFACE('',#2425,15.);
#53=CYLINDRICAL_SURFACE('',#2430,15.);
#54=CYLINDRICAL_SURFACE('',#2434,15.);
#55=FACE_BOUND('',#203,.T.);
#56=FACE_BOUND('',#204,.T.);
#57=FACE_BOUND('',#212,.T.);
#58=FACE_BOUND('',#213,.T.);
#59=FACE_BOUND('',#214,.T.);
#60=FACE_BOUND('',#215,.T.);
#61=FACE_BOUND('',#216,.T.);
#62=FACE_BOUND('',#218,.T.);
#63=FACE_BOUND('',#219,.T.);
#64=FACE_BOUND('',#220,.T.);
#65=FACE_BOUND('',#221,.T.);
#66=FACE_BOUND('',#222,.T.);
#67=FACE_BOUND('',#223,.T.);
#68=FACE_BOUND('',#241,.T.);
#69=FACE_BOUND('',#242,.T.);
#70=FACE_BOUND('',#243,.T.);
#71=FACE_BOUND('',#248,.T.);
#72=FACE_BOUND('',#249,.T.);
#73=FACE_BOUND('',#250,.T.);
#74=FACE_BOUND('',#251,.T.);
#75=FACE_BOUND('',#252,.T.);
#76=FACE_BOUND('',#253,.T.);
#77=FACE_BOUND('',#254,.T.);
#78=FACE_BOUND('',#255,.T.);
#79=FACE_BOUND('',#302,.T.);
#80=FACE_BOUND('',#312,.T.);
#81=FACE_BOUND('',#326,.T.);
#82=FACE_BOUND('',#331,.T.);
#83=FACE_OUTER_BOUND('',#202,.T.);
#84=FACE_OUTER_BOUND('',#205,.T.);
#85=FACE_OUTER_BOUND('',#206,.T.);
#86=FACE_OUTER_BOUND('',#207,.T.);
#87=FACE_OUTER_BOUND('',#208,.T.);
#88=FACE_OUTER_BOUND('',#209,.T.);
#89=FACE_OUTER_BOUND('',#210,.T.);
#90=FACE_OUTER_BOUND('',#211,.T.);
#91=FACE_OUTER_BOUND('',#217,.T.);
#92=FACE_OUTER_BOUND('',#224,.T.);
#93=FACE_OUTER_BOUND('',#225,.T.);
#94=FACE_OUTER_BOUND('',#226,.T.);
#95=FACE_OUTER_BOUND('',#227,.T.);
#96=FACE_OUTER_BOUND('',#228,.T.);
#97=FACE_OUTER_BOUND('',#229,.T.);
#98=FACE_OUTER_BOUND('',#230,.T.);
#99=FACE_OUTER_BOUND('',#231,.T.);
#100=FACE_OUTER_BOUND('',#232,.T.);
#101=FACE_OUTER_BOUND('',#233,.T.);
#102=FACE_OUTER_BOUND('',#234,.T.);
#103=FACE_OUTER_BOUND('',#235,.T.);
#104=FACE_OUTER_BOUND('',#236,.T.);
#105=FACE_OUTER_BOUND('',#237,.T.);
#106=FACE_OUTER_BOUND('',#238,.T.);
#107=FACE_OUTER_BOUND('',#239,.T.);
#108=FACE_OUTER_BOUND('',#240,.T.);
#109=FACE_OUTER_BOUND('',#244,.T.);
#110=FACE_OUTER_BOUND('',#245,.T.);
#111=FACE_OUTER_BOUND('',#246,.T.);
#112=FACE_OUTER_BOUND('',#247,.T.);
#113=FACE_OUTER_BOUND('',#256,.T.);
#114=FACE_OUTER_BOUND('',#257,.T.);
#115=FACE_OUTER_BOUND('',#258,.T.);
#116=FACE_OUTER_BOUND('',#259,.T.);
#117=FACE_OUTER_BOUND('',#260,.T.);
#118=FACE_OUTER_BOUND('',#261,.T.);
#119=FACE_OUTER_BOUND('',#262,.T.);
#120=FACE_OUTER_BOUND('',#263,.T.);
#121=FACE_OUTER_BOUND('',#264,.T.);
#122=FACE_OUTER_BOUND('',#265,.T.);
#123=FACE_OUTER_BOUND('',#266,.T.);
#124=FACE_OUTER_BOUND('',#267,.T.);
#125=FACE_OUTER_BOUND('',#268,.T.);
#126=FACE_OUTER_BOUND('',#269,.T.);
#127=FACE_OUTER_BOUND('',#270,.T.);
#128=FACE_OUTER_BOUND('',#271,.T.);
#129=FACE_OUTER_BOUND('',#272,.T.);
#130=FACE_OUTER_BOUND('',#273,.T.);
#131=FACE_OUTER_BOUND('',#274,.T.);
#132=FACE_OUTER_BOUND('',#275,.T.);
#133=FACE_OUTER_BOUND('',#276,.T.);
#134=FACE_OUTER_BOUND('',#277,.T.);
#135=FACE_OUTER_BOUND('',#278,.T.);
#136=FACE_OUTER_BOUND('',#279,.T.);
#137=FACE_OUTER_BOUND('',#280,.T.);
#138=FACE_OUTER_BOUND('',#281,.T.);
#139=FACE_OUTER_BOUND('',#282,.T.);
#140=FACE_OUTER_BOUND('',#283,.T.);
#141=FACE_OUTER_BOUND('',#284,.T.);
#142=FACE_OUTER_BOUND('',#285,.T.);
#143=FACE_OUTER_BOUND('',#286,.T.);
#144=FACE_OUTER_BOUND('',#287,.T.);
#145=FACE_OUTER_BOUND('',#288,.T.);
#146=FACE_OUTER_BOUND('',#289,.T.);
#147=FACE_OUTER_BOUND('',#290,.T.);
#148=FACE_OUTER_BOUND('',#291,.T.);
#149=FACE_OUTER_BOUND('',#292,.T.);
#150=FACE_OUTER_BOUND('',#293,.T.);
#151=FACE_OUTER_BOUND('',#294,.T.);
#152=FACE_OUTER_BOUND('',#295,.T.);
#153=FACE_OUTER_BOUND('',#296,.T.);
#154=FACE_OUTER_BOUND('',#297,.T.);
#155=FACE_OUTER_BOUND('',#298,.T.);
#156=FACE_OUTER_BOUND('',#299,.T.);
#157=FACE_OUTER_BOUND('',#300,.T.);
#158=FACE_OUTER_BOUND('',#301,.T.);
#159=FACE_OUTER_BOUND('',#303,.T.);
#160=FACE_OUTER_BOUND('',#304,.T.);
#161=FACE_OUTER_BOUND('',#305,.T.);
#162=FACE_OUTER_BOUND('',#306,.T.);
#163=FACE_OUTER_BOUND('',#307,.T.);
#164=FACE_OUTER_BOUND('',#308,.T.);
#165=FACE_OUTER_BOUND('',#309,.T.);
#166=FACE_OUTER_BOUND('',#310,.T.);
#167=FACE_OUTER_BOUND('',#311,.T.);
#168=FACE_OUTER_BOUND('',#313,.T.);
#169=FACE_OUTER_BOUND('',#314,.T.);
#170=FACE_OUTER_BOUND('',#315,.T.);
#171=FACE_OUTER_BOUND('',#316,.T.);
#172=FACE_OUTER_BOUND('',#317,.T.);
#173=FACE_OUTER_BOUND('',#318,.T.);
#174=FACE_OUTER_BOUND('',#319,.T.);
#175=FACE_OUTER_BOUND('',#320,.T.);
#176=FACE_OUTER_BOUND('',#321,.T.);
#177=FACE_OUTER_BOUND('',#322,.T.);
#178=FACE_OUTER_BOUND('',#323,.T.);
#179=FACE_OUTER_BOUND('',#324,.T.);
#180=FACE_OUTER_BOUND('',#325,.T.);
#181=FACE_OUTER_BOUND('',#327,.T.);
#182=FACE_OUTER_BOUND('',#328,.T.);
#183=FACE_OUTER_BOUND('',#329,.T.);
#184=FACE_OUTER_BOUND('',#330,.T.);
#185=FACE_OUTER_BOUND('',#332,.T.);
#186=FACE_OUTER_BOUND('',#333,.T.);
#187=FACE_OUTER_BOUND('',#334,.T.);
#188=FACE_OUTER_BOUND('',#335,.T.);
#189=FACE_OUTER_BOUND('',#336,.T.);
#190=FACE_OUTER_BOUND('',#337,.T.);
#191=FACE_OUTER_BOUND('',#338,.T.);
#192=FACE_OUTER_BOUND('',#339,.T.);
#193=FACE_OUTER_BOUND('',#340,.T.);
#194=FACE_OUTER_BOUND('',#341,.T.);
#195=FACE_OUTER_BOUND('',#342,.T.);
#196=FACE_OUTER_BOUND('',#343,.T.);
#197=FACE_OUTER_BOUND('',#344,.T.);
#198=FACE_OUTER_BOUND('',#345,.T.);
#199=FACE_OUTER_BOUND('',#346,.T.);
#200=FACE_OUTER_BOUND('',#347,.T.);
#201=FACE_OUTER_BOUND('',#348,.T.);
#202=EDGE_LOOP('',(#1409,#1410,#1411,#1412,#1413,#1414,#1415,#1416,#1417,
#1418,#1419,#1420,#1421,#1422,#1423,#1424,#1425,#1426,#1427,#1428));
#203=EDGE_LOOP('',(#1429,#1430));
#204=EDGE_LOOP('',(#1431,#1432));
#205=EDGE_LOOP('',(#1433,#1434,#1435,#1436));
#206=EDGE_LOOP('',(#1437,#1438,#1439,#1440));
#207=EDGE_LOOP('',(#1441,#1442,#1443,#1444));
#208=EDGE_LOOP('',(#1445,#1446,#1447,#1448));
#209=EDGE_LOOP('',(#1449,#1450,#1451,#1452));
#210=EDGE_LOOP('',(#1453,#1454,#1455,#1456));
#211=EDGE_LOOP('',(#1457));
#212=EDGE_LOOP('',(#1458));
#213=EDGE_LOOP('',(#1459));
#214=EDGE_LOOP('',(#1460));
#215=EDGE_LOOP('',(#1461));
#216=EDGE_LOOP('',(#1462));
#217=EDGE_LOOP('',(#1463));
#218=EDGE_LOOP('',(#1464));
#219=EDGE_LOOP('',(#1465));
#220=EDGE_LOOP('',(#1466));
#221=EDGE_LOOP('',(#1467));
#222=EDGE_LOOP('',(#1468));
#223=EDGE_LOOP('',(#1469));
#224=EDGE_LOOP('',(#1470,#1471,#1472,#1473));
#225=EDGE_LOOP('',(#1474,#1475,#1476,#1477));
#226=EDGE_LOOP('',(#1478,#1479,#1480,#1481));
#227=EDGE_LOOP('',(#1482,#1483,#1484,#1485));
#228=EDGE_LOOP('',(#1486,#1487,#1488,#1489));
#229=EDGE_LOOP('',(#1490));
#230=EDGE_LOOP('',(#1491,#1492,#1493,#1494));
#231=EDGE_LOOP('',(#1495));
#232=EDGE_LOOP('',(#1496,#1497,#1498,#1499));
#233=EDGE_LOOP('',(#1500));
#234=EDGE_LOOP('',(#1501,#1502,#1503,#1504));
#235=EDGE_LOOP('',(#1505,#1506,#1507,#1508));
#236=EDGE_LOOP('',(#1509,#1510,#1511,#1512,#1513,#1514,#1515,#1516));
#237=EDGE_LOOP('',(#1517,#1518,#1519,#1520));
#238=EDGE_LOOP('',(#1521,#1522,#1523,#1524,#1525,#1526,#1527));
#239=EDGE_LOOP('',(#1528,#1529,#1530,#1531,#1532,#1533));
#240=EDGE_LOOP('',(#1534,#1535,#1536,#1537,#1538,#1539,#1540,#1541,#1542,
#1543,#1544));
#241=EDGE_LOOP('',(#1545));
#242=EDGE_LOOP('',(#1546));
#243=EDGE_LOOP('',(#1547));
#244=EDGE_LOOP('',(#1548,#1549,#1550,#1551));
#245=EDGE_LOOP('',(#1552,#1553,#1554,#1555,#1556,#1557));
#246=EDGE_LOOP('',(#1558,#1559,#1560,#1561));
#247=EDGE_LOOP('',(#1562,#1563,#1564,#1565));
#248=EDGE_LOOP('',(#1566,#1567));
#249=EDGE_LOOP('',(#1568,#1569));
#250=EDGE_LOOP('',(#1570,#1571));
#251=EDGE_LOOP('',(#1572,#1573));
#252=EDGE_LOOP('',(#1574,#1575,#1576));
#253=EDGE_LOOP('',(#1577,#1578,#1579));
#254=EDGE_LOOP('',(#1580,#1581,#1582,#1583));
#255=EDGE_LOOP('',(#1584,#1585,#1586,#1587,#1588,#1589,#1590,#1591,#1592,
#1593,#1594,#1595,#1596,#1597,#1598,#1599));
#256=EDGE_LOOP('',(#1600,#1601,#1602,#1603,#1604));
#257=EDGE_LOOP('',(#1605,#1606,#1607,#1608));
#258=EDGE_LOOP('',(#1609,#1610,#1611,#1612,#1613));
#259=EDGE_LOOP('',(#1614,#1615,#1616,#1617));
#260=EDGE_LOOP('',(#1618,#1619,#1620,#1621));
#261=EDGE_LOOP('',(#1622,#1623,#1624,#1625));
#262=EDGE_LOOP('',(#1626,#1627,#1628,#1629));
#263=EDGE_LOOP('',(#1630,#1631,#1632,#1633));
#264=EDGE_LOOP('',(#1634,#1635,#1636,#1637));
#265=EDGE_LOOP('',(#1638,#1639,#1640,#1641));
#266=EDGE_LOOP('',(#1642,#1643,#1644,#1645));
#267=EDGE_LOOP('',(#1646,#1647,#1648,#1649));
#268=EDGE_LOOP('',(#1650,#1651,#1652,#1653));
#269=EDGE_LOOP('',(#1654,#1655,#1656,#1657));
#270=EDGE_LOOP('',(#1658,#1659,#1660,#1661));
#271=EDGE_LOOP('',(#1662,#1663,#1664,#1665));
#272=EDGE_LOOP('',(#1666,#1667,#1668,#1669));
#273=EDGE_LOOP('',(#1670,#1671,#1672,#1673));
#274=EDGE_LOOP('',(#1674,#1675,#1676,#1677));
#275=EDGE_LOOP('',(#1678,#1679,#1680,#1681));
#276=EDGE_LOOP('',(#1682,#1683,#1684,#1685));
#277=EDGE_LOOP('',(#1686,#1687,#1688,#1689));
#278=EDGE_LOOP('',(#1690,#1691,#1692,#1693));
#279=EDGE_LOOP('',(#1694,#1695,#1696,#1697));
#280=EDGE_LOOP('',(#1698,#1699,#1700,#1701));
#281=EDGE_LOOP('',(#1702,#1703,#1704,#1705));
#282=EDGE_LOOP('',(#1706,#1707,#1708,#1709));
#283=EDGE_LOOP('',(#1710,#1711,#1712,#1713));
#284=EDGE_LOOP('',(#1714,#1715,#1716,#1717));
#285=EDGE_LOOP('',(#1718,#1719,#1720,#1721));
#286=EDGE_LOOP('',(#1722,#1723,#1724,#1725));
#287=EDGE_LOOP('',(#1726,#1727,#1728,#1729));
#288=EDGE_LOOP('',(#1730,#1731,#1732,#1733));
#289=EDGE_LOOP('',(#1734,#1735,#1736,#1737));
#290=EDGE_LOOP('',(#1738,#1739,#1740,#1741,#1742));
#291=EDGE_LOOP('',(#1743,#1744,#1745,#1746));
#292=EDGE_LOOP('',(#1747,#1748));
#293=EDGE_LOOP('',(#1749,#1750));
#294=EDGE_LOOP('',(#1751,#1752,#1753));
#295=EDGE_LOOP('',(#1754,#1755,#1756));
#296=EDGE_LOOP('',(#1757,#1758,#1759,#1760));
#297=EDGE_LOOP('',(#1761,#1762,#1763,#1764));
#298=EDGE_LOOP('',(#1765,#1766,#1767,#1768));
#299=EDGE_LOOP('',(#1769,#1770,#1771,#1772));
#300=EDGE_LOOP('',(#1773,#1774,#1775,#1776,#1777,#1778,#1779));
#301=EDGE_LOOP('',(#1780,#1781,#1782,#1783,#1784,#1785,#1786,#1787,#1788,
#1789,#1790));
#302=EDGE_LOOP('',(#1791));
#303=EDGE_LOOP('',(#1792,#1793,#1794,#1795));
#304=EDGE_LOOP('',(#1796,#1797,#1798,#1799,#1800));
#305=EDGE_LOOP('',(#1801,#1802,#1803,#1804,#1805,#1806,#1807));
#306=EDGE_LOOP('',(#1808,#1809,#1810,#1811,#1812,#1813,#1814,#1815));
#307=EDGE_LOOP('',(#1816,#1817,#1818,#1819,#1820));
#308=EDGE_LOOP('',(#1821,#1822,#1823));
#309=EDGE_LOOP('',(#1824,#1825,#1826,#1827,#1828,#1829,#1830,#1831,#1832,
#1833,#1834));
#310=EDGE_LOOP('',(#1835,#1836,#1837,#1838,#1839));
#311=EDGE_LOOP('',(#1840,#1841,#1842,#1843,#1844,#1845,#1846,#1847));
#312=EDGE_LOOP('',(#1848));
#313=EDGE_LOOP('',(#1849,#1850,#1851,#1852));
#314=EDGE_LOOP('',(#1853,#1854,#1855,#1856));
#315=EDGE_LOOP('',(#1857,#1858,#1859,#1860,#1861,#1862,#1863,#1864));
#316=EDGE_LOOP('',(#1865,#1866,#1867,#1868,#1869,#1870,#1871,#1872,#1873,
#1874));
#317=EDGE_LOOP('',(#1875,#1876,#1877,#1878));
#318=EDGE_LOOP('',(#1879,#1880,#1881,#1882));
#319=EDGE_LOOP('',(#1883,#1884,#1885,#1886,#1887));
#320=EDGE_LOOP('',(#1888));
#321=EDGE_LOOP('',(#1889,#1890,#1891,#1892));
#322=EDGE_LOOP('',(#1893,#1894,#1895,#1896,#1897,#1898,#1899,#1900,#1901,
#1902));
#323=EDGE_LOOP('',(#1903,#1904,#1905,#1906));
#324=EDGE_LOOP('',(#1907,#1908,#1909,#1910,#1911,#1912,#1913,#1914));
#325=EDGE_LOOP('',(#1915,#1916,#1917,#1918));
#326=EDGE_LOOP('',(#1919));
#327=EDGE_LOOP('',(#1920,#1921,#1922,#1923));
#328=EDGE_LOOP('',(#1924,#1925,#1926,#1927));
#329=EDGE_LOOP('',(#1928,#1929,#1930,#1931));
#330=EDGE_LOOP('',(#1932,#1933,#1934,#1935));
#331=EDGE_LOOP('',(#1936));
#332=EDGE_LOOP('',(#1937,#1938,#1939,#1940));
#333=EDGE_LOOP('',(#1941));
#334=EDGE_LOOP('',(#1942,#1943,#1944,#1945));
#335=EDGE_LOOP('',(#1946));
#336=EDGE_LOOP('',(#1947,#1948,#1949,#1950));
#337=EDGE_LOOP('',(#1951,#1952,#1953,#1954,#1955,#1956,#1957,#1958,#1959,
#1960,#1961,#1962,#1963,#1964,#1965,#1966,#1967));
#338=EDGE_LOOP('',(#1968,#1969,#1970,#1971,#1972,#1973,#1974,#1975));
#339=EDGE_LOOP('',(#1976,#1977,#1978,#1979,#1980));
#340=EDGE_LOOP('',(#1981,#1982,#1983,#1984));
#341=EDGE_LOOP('',(#1985,#1986,#1987,#1988,#1989,#1990));
#342=EDGE_LOOP('',(#1991,#1992,#1993,#1994,#1995));
#343=EDGE_LOOP('',(#1996,#1997,#1998,#1999,#2000,#2001));
#344=EDGE_LOOP('',(#2002,#2003,#2004,#2005,#2006,#2007,#2008,#2009));
#345=EDGE_LOOP('',(#2010,#2011,#2012,#2013,#2014));
#346=EDGE_LOOP('',(#2015,#2016,#2017,#2018,#2019,#2020));
#347=EDGE_LOOP('',(#2021,#2022,#2023,#2024));
#348=EDGE_LOOP('',(#2025,#2026,#2027,#2028));
#349=CIRCLE('',#2251,11.0052558883258);
#350=CIRCLE('',#2252,11.0052558883258);
#351=CIRCLE('',#2253,0.750000000000001);
#352=CIRCLE('',#2254,0.750000000000001);
#353=CIRCLE('',#2257,2.);
#354=CIRCLE('',#2258,2.);
#355=CIRCLE('',#2260,2.);
#356=CIRCLE('',#2261,2.);
#357=CIRCLE('',#2263,2.);
#358=CIRCLE('',#2264,2.);
#359=CIRCLE('',#2266,2.);
#360=CIRCLE('',#2267,2.);
#361=CIRCLE('',#2269,2.);
#362=CIRCLE('',#2270,2.);
#363=CIRCLE('',#2272,17.5);
#364=CIRCLE('',#2274,17.5);
#365=CIRCLE('',#2275,12.5);
#366=CIRCLE('',#2278,12.5);
#367=CIRCLE('',#2280,2.5);
#368=CIRCLE('',#2281,2.5);
#369=CIRCLE('',#2284,1.5);
#370=CIRCLE('',#2285,1.5);
#371=CIRCLE('',#2288,1.5);
#372=CIRCLE('',#2289,1.5);
#373=CIRCLE('',#2292,1.5);
#374=CIRCLE('',#2293,1.5);
#375=CIRCLE('',#2306,0.750000000000001);
#376=CIRCLE('',#2307,0.750000000000001);
#377=CIRCLE('',#2308,0.750000000000001);
#378=CIRCLE('',#2309,0.750000000000001);
#379=CIRCLE('',#2310,2.1);
#380=CIRCLE('',#2311,2.1);
#381=CIRCLE('',#2312,2.1);
#382=CIRCLE('',#2313,2.1);
#383=CIRCLE('',#2314,11.0052558883258);
#384=CIRCLE('',#2315,11.0052558883258);
#385=CIRCLE('',#2334,2.1);
#386=CIRCLE('',#2336,2.1);
#387=CIRCLE('',#2340,2.1);
#388=CIRCLE('',#2344,2.1);
#389=CIRCLE('',#2349,0.750000000000001);
#390=CIRCLE('',#2352,0.750000000000001);
#391=CIRCLE('',#2367,17.5);
#392=CIRCLE('',#2368,17.5);
#393=CIRCLE('',#2370,17.5);
#394=CIRCLE('',#2372,17.5);
#395=CIRCLE('',#2379,15.);
#396=CIRCLE('',#2382,15.);
#397=CIRCLE('',#2384,15.);
#398=CIRCLE('',#2386,2.5);
#399=CIRCLE('',#2396,2.5);
#400=CIRCLE('',#2399,15.);
#401=CIRCLE('',#2400,15.);
#402=CIRCLE('',#2404,2.);
#403=CIRCLE('',#2409,2.);
#404=CIRCLE('',#2412,2.);
#405=CIRCLE('',#2415,2.);
#406=LINE('',#3055,#650);
#407=LINE('',#3057,#651);
#408=LINE('',#3059,#652);
#409=LINE('',#3061,#653);
#410=LINE('',#3063,#654);
#411=LINE('',#3065,#655);
#412=LINE('',#3067,#656);
#413=LINE('',#3069,#657);
#414=LINE('',#3071,#658);
#415=LINE('',#3073,#659);
#416=LINE('',#3077,#660);
#417=LINE('',#3079,#661);
#418=LINE('',#3081,#662);
#419=LINE('',#3085,#663);
#420=LINE('',#3087,#664);
#421=LINE('',#3089,#665);
#422=LINE('',#3091,#666);
#423=LINE('',#3092,#667);
#424=LINE('',#3096,#668);
#425=LINE('',#3100,#669);
#426=LINE('',#3104,#670);
#427=LINE('',#3106,#671);
#428=LINE('',#3108,#672);
#429=LINE('',#3109,#673);
#430=LINE('',#3114,#674);
#431=LINE('',#3120,#675);
#432=LINE('',#3126,#676);
#433=LINE('',#3132,#677);
#434=LINE('',#3138,#678);
#435=LINE('',#3149,#679);
#436=LINE('',#3152,#680);
#437=LINE('',#3159,#681);
#438=LINE('',#3162,#682);
#439=LINE('',#3166,#683);
#440=LINE('',#3168,#684);
#441=LINE('',#3170,#685);
#442=LINE('',#3171,#686);
#443=LINE('',#3176,#687);
#444=LINE('',#3183,#688);
#445=LINE('',#3190,#689);
#446=LINE('',#3196,#690);
#447=LINE('',#3198,#691);
#448=LINE('',#3200,#692);
#449=LINE('',#3201,#693);
#450=LINE('',#3205,#694);
#451=LINE('',#3207,#695);
#452=LINE('',#3209,#696);
#453=LINE('',#3210,#697);
#454=LINE('',#3213,#698);
#455=LINE('',#3215,#699);
#456=LINE('',#3216,#700);
#457=LINE('',#3218,#701);
#458=LINE('',#3220,#702);
#459=LINE('',#3221,#703);
#460=LINE('',#3223,#704);
#461=LINE('',#3224,#705);
#462=LINE('',#3227,#706);
#463=LINE('',#3229,#707);
#464=LINE('',#3230,#708);
#465=LINE('',#3233,#709);
#466=LINE('',#3235,#710);
#467=LINE('',#3237,#711);
#468=LINE('',#3238,#712);
#469=LINE('',#3240,#713);
#470=LINE('',#3241,#714);
#471=LINE('',#3242,#715);
#472=LINE('',#3244,#716);
#473=LINE('',#3245,#717);
#474=LINE('',#3248,#718);
#475=LINE('',#3249,#719);
#476=LINE('',#3252,#720);
#477=LINE('',#3253,#721);
#478=LINE('',#3255,#722);
#479=LINE('',#3259,#723);
#480=LINE('',#3263,#724);
#481=LINE('',#3267,#725);
#482=LINE('',#3271,#726);
#483=LINE('',#3275,#727);
#484=LINE('',#3277,#728);
#485=LINE('',#3281,#729);
#486=LINE('',#3284,#730);
#487=LINE('',#3287,#731);
#488=LINE('',#3291,#732);
#489=LINE('',#3295,#733);
#490=LINE('',#3297,#734);
#491=LINE('',#3301,#735);
#492=LINE('',#3303,#736);
#493=LINE('',#3305,#737);
#494=LINE('',#3307,#738);
#495=LINE('',#3309,#739);
#496=LINE('',#3311,#740);
#497=LINE('',#3313,#741);
#498=LINE('',#3315,#742);
#499=LINE('',#3317,#743);
#500=LINE('',#3319,#744);
#501=LINE('',#3321,#745);
#502=LINE('',#3324,#746);
#503=LINE('',#3327,#747);
#504=LINE('',#3328,#748);
#505=LINE('',#3329,#749);
#506=LINE('',#3332,#750);
#507=LINE('',#3333,#751);
#508=LINE('',#3335,#752);
#509=LINE('',#3336,#753);
#510=LINE('',#3338,#754);
#511=LINE('',#3340,#755);
#512=LINE('',#3342,#756);
#513=LINE('',#3344,#757);
#514=LINE('',#3346,#758);
#515=LINE('',#3348,#759);
#516=LINE('',#3350,#760);
#517=LINE('',#3352,#761);
#518=LINE('',#3354,#762);
#519=LINE('',#3356,#763);
#520=LINE('',#3358,#764);
#521=LINE('',#3360,#765);
#522=LINE('',#3364,#766);
#523=LINE('',#3366,#767);
#524=LINE('',#3367,#768);
#525=LINE('',#3371,#769);
#526=LINE('',#3374,#770);
#527=LINE('',#3377,#771);
#528=LINE('',#3380,#772);
#529=LINE('',#3382,#773);
#530=LINE('',#3383,#774);
#531=LINE('',#3386,#775);
#532=LINE('',#3389,#776);
#533=LINE('',#3392,#777);
#534=LINE('',#3394,#778);
#535=LINE('',#3395,#779);
#536=LINE('',#3399,#780);
#537=LINE('',#3401,#781);
#538=LINE('',#3403,#782);
#539=LINE('',#3404,#783);
#540=LINE('',#3408,#784);
#541=LINE('',#3411,#785);
#542=LINE('',#3413,#786);
#543=LINE('',#3416,#787);
#544=LINE('',#3419,#788);
#545=LINE('',#3421,#789);
#546=LINE('',#3423,#790);
#547=LINE('',#3424,#791);
#548=LINE('',#3428,#792);
#549=LINE('',#3429,#793);
#550=LINE('',#3432,#794);
#551=LINE('',#3434,#795);
#552=LINE('',#3435,#796);
#553=LINE('',#3443,#797);
#554=LINE('',#3444,#798);
#555=LINE('',#3447,#799);
#556=LINE('',#3449,#800);
#557=LINE('',#3450,#801);
#558=LINE('',#3452,#802);
#559=LINE('',#3463,#803);
#560=LINE('',#3465,#804);
#561=LINE('',#3467,#805);
#562=LINE('',#3469,#806);
#563=LINE('',#3470,#807);
#564=LINE('',#3474,#808);
#565=LINE('',#3476,#809);
#566=LINE('',#3478,#810);
#567=LINE('',#3480,#811);
#568=LINE('',#3482,#812);
#569=LINE('',#3484,#813);
#570=LINE('',#3485,#814);
#571=LINE('',#3488,#815);
#572=LINE('',#3490,#816);
#573=LINE('',#3492,#817);
#574=LINE('',#3494,#818);
#575=LINE('',#3496,#819);
#576=LINE('',#3498,#820);
#577=LINE('',#3499,#821);
#578=LINE('',#3506,#822);
#579=LINE('',#3509,#823);
#580=LINE('',#3512,#824);
#581=LINE('',#3516,#825);
#582=LINE('',#3518,#826);
#583=LINE('',#3520,#827);
#584=LINE('',#3522,#828);
#585=LINE('',#3524,#829);
#586=LINE('',#3526,#830);
#587=LINE('',#3527,#831);
#588=LINE('',#3530,#832);
#589=LINE('',#3532,#833);
#590=LINE('',#3536,#834);
#591=LINE('',#3538,#835);
#592=LINE('',#3540,#836);
#593=LINE('',#3542,#837);
#594=LINE('',#3544,#838);
#595=LINE('',#3545,#839);
#596=LINE('',#3550,#840);
#597=LINE('',#3551,#841);
#598=LINE('',#3553,#842);
#599=LINE('',#3554,#843);
#600=LINE('',#3556,#844);
#601=LINE('',#3558,#845);
#602=LINE('',#3560,#846);
#603=LINE('',#3561,#847);
#604=LINE('',#3564,#848);
#605=LINE('',#3566,#849);
#606=LINE('',#3568,#850);
#607=LINE('',#3571,#851);
#608=LINE('',#3572,#852);
#609=LINE('',#3574,#853);
#610=LINE('',#3577,#854);
#611=LINE('',#3582,#855);
#612=LINE('',#3588,#856);
#613=LINE('',#3589,#857);
#614=LINE('',#3591,#858);
#615=LINE('',#3593,#859);
#616=LINE('',#3595,#860);
#617=LINE('',#3597,#861);
#618=LINE('',#3600,#862);
#619=LINE('',#3602,#863);
#620=LINE('',#3605,#864);
#621=LINE('',#3607,#865);
#622=LINE('',#3608,#866);
#623=LINE('',#3611,#867);
#624=LINE('',#3613,#868);
#625=LINE('',#3614,#869);
#626=LINE('',#3618,#870);
#627=LINE('',#3620,#871);
#628=LINE('',#3623,#872);
#629=LINE('',#3624,#873);
#630=LINE('',#3627,#874);
#631=LINE('',#3628,#875);
#632=LINE('',#3632,#876);
#633=LINE('',#3637,#877);
#634=LINE('',#3642,#878);
#635=LINE('',#3645,#879);
#636=LINE('',#3647,#880);
#637=LINE('',#3648,#881);
#638=LINE('',#3651,#882);
#639=LINE('',#3653,#883);
#640=LINE('',#3654,#884);
#641=LINE('',#3657,#885);
#642=LINE('',#3662,#886);
#643=LINE('',#3665,#887);
#644=LINE('',#3666,#888);
#645=LINE('',#3670,#889);
#646=LINE('',#3671,#890);
#647=LINE('',#3677,#891);
#648=LINE('',#3679,#892);
#649=LINE('',#3681,#893);
#650=VECTOR('',#2439,10.);
#651=VECTOR('',#2440,10.);
#652=VECTOR('',#2441,1000.);
#653=VECTOR('',#2442,10.);
#654=VECTOR('',#2443,10.);
#655=VECTOR('',#2444,1000.);
#656=VECTOR('',#2445,1000.);
#657=VECTOR('',#2446,1000.);
#658=VECTOR('',#2447,1000.);
#659=VECTOR('',#2448,1000.);
#660=VECTOR('',#2451,10.);
#661=VECTOR('',#2452,10.);
#662=VECTOR('',#2453,10.);
#663=VECTOR('',#2456,1000.);
#664=VECTOR('',#2457,1000.);
#665=VECTOR('',#2458,1000.);
#666=VECTOR('',#2459,1000.);
#667=VECTOR('',#2460,1000.);
#668=VECTOR('',#2463,10.);
#669=VECTOR('',#2466,10.);
#670=VECTOR('',#2469,10.);
#671=VECTOR('',#2470,10.);
#672=VECTOR('',#2471,10.);
#673=VECTOR('',#2472,10.);
#674=VECTOR('',#2477,2.);
#675=VECTOR('',#2484,2.);
#676=VECTOR('',#2491,2.);
#677=VECTOR('',#2498,2.);
#678=VECTOR('',#2505,2.);
#679=VECTOR('',#2520,17.5);
#680=VECTOR('',#2523,12.5);
#681=VECTOR('',#2530,10.);
#682=VECTOR('',#2533,10.);
#683=VECTOR('',#2536,10.);
#684=VECTOR('',#2537,10.);
#685=VECTOR('',#2538,10.);
#686=VECTOR('',#2539,10.);
#687=VECTOR('',#2544,1.5);
#688=VECTOR('',#2553,1.5);
#689=VECTOR('',#2562,1.5);
#690=VECTOR('',#2569,10.);
#691=VECTOR('',#2570,10.);
#692=VECTOR('',#2571,10.);
#693=VECTOR('',#2572,10.);
#694=VECTOR('',#2575,10.);
#695=VECTOR('',#2576,10.);
#696=VECTOR('',#2577,10.);
#697=VECTOR('',#2578,10.);
#698=VECTOR('',#2581,10.);
#699=VECTOR('',#2582,10.);
#700=VECTOR('',#2583,10.);
#701=VECTOR('',#2584,10.);
#702=VECTOR('',#2585,10.);
#703=VECTOR('',#2586,10.);
#704=VECTOR('',#2589,10.);
#705=VECTOR('',#2590,10.);
#706=VECTOR('',#2593,10.);
#707=VECTOR('',#2594,10.);
#708=VECTOR('',#2595,10.);
#709=VECTOR('',#2598,10.);
#710=VECTOR('',#2599,10.);
#711=VECTOR('',#2600,10.);
#712=VECTOR('',#2601,10.);
#713=VECTOR('',#2604,10.);
#714=VECTOR('',#2605,10.);
#715=VECTOR('',#2606,10.);
#716=VECTOR('',#2607,10.);
#717=VECTOR('',#2608,10.);
#718=VECTOR('',#2611,10.);
#719=VECTOR('',#2612,10.);
#720=VECTOR('',#2615,10.);
#721=VECTOR('',#2616,10.);
#722=VECTOR('',#2619,10.);
#723=VECTOR('',#2622,10.);
#724=VECTOR('',#2625,10.);
#725=VECTOR('',#2628,10.);
#726=VECTOR('',#2631,10.);
#727=VECTOR('',#2634,10.);
#728=VECTOR('',#2635,10.);
#729=VECTOR('',#2638,10.);
#730=VECTOR('',#2641,10.);
#731=VECTOR('',#2642,10.);
#732=VECTOR('',#2645,10.);
#733=VECTOR('',#2648,10.);
#734=VECTOR('',#2649,10.);
#735=VECTOR('',#2652,10.);
#736=VECTOR('',#2653,10.);
#737=VECTOR('',#2654,10.);
#738=VECTOR('',#2655,10.);
#739=VECTOR('',#2656,10.);
#740=VECTOR('',#2657,10.);
#741=VECTOR('',#2658,10.);
#742=VECTOR('',#2659,10.);
#743=VECTOR('',#2660,10.);
#744=VECTOR('',#2661,10.);
#745=VECTOR('',#2662,10.);
#746=VECTOR('',#2665,10.);
#747=VECTOR('',#2668,10.);
#748=VECTOR('',#2669,10.);
#749=VECTOR('',#2670,10.);
#750=VECTOR('',#2673,10.);
#751=VECTOR('',#2674,10.);
#752=VECTOR('',#2677,10.);
#753=VECTOR('',#2678,10.);
#754=VECTOR('',#2681,10.);
#755=VECTOR('',#2684,10.);
#756=VECTOR('',#2687,10.);
#757=VECTOR('',#2690,10.);
#758=VECTOR('',#2693,10.);
#759=VECTOR('',#2696,10.);
#760=VECTOR('',#2699,10.);
#761=VECTOR('',#2702,10.);
#762=VECTOR('',#2705,10.);
#763=VECTOR('',#2708,10.);
#764=VECTOR('',#2711,10.);
#765=VECTOR('',#2714,10.);
#766=VECTOR('',#2719,10.);
#767=VECTOR('',#2720,10.);
#768=VECTOR('',#2721,10.);
#769=VECTOR('',#2726,10.);
#770=VECTOR('',#2729,10.);
#771=VECTOR('',#2734,10.);
#772=VECTOR('',#2737,10.);
#773=VECTOR('',#2738,10.);
#774=VECTOR('',#2739,10.);
#775=VECTOR('',#2742,10.);
#776=VECTOR('',#2747,10.);
#777=VECTOR('',#2750,10.);
#778=VECTOR('',#2751,10.);
#779=VECTOR('',#2752,10.);
#780=VECTOR('',#2757,10.);
#781=VECTOR('',#2760,10.);
#782=VECTOR('',#2763,10.);
#783=VECTOR('',#2764,10.);
#784=VECTOR('',#2769,10.);
#785=VECTOR('',#2772,10.);
#786=VECTOR('',#2775,10.);
#787=VECTOR('',#2778,10.);
#788=VECTOR('',#2781,10.);
#789=VECTOR('',#2784,10.);
#790=VECTOR('',#2787,10.);
#791=VECTOR('',#2788,10.);
#792=VECTOR('',#2793,10.);
#793=VECTOR('',#2794,10.);
#794=VECTOR('',#2797,10.);
#795=VECTOR('',#2798,10.);
#796=VECTOR('',#2799,10.);
#797=VECTOR('',#2812,10.);
#798=VECTOR('',#2813,10.);
#799=VECTOR('',#2816,10.);
#800=VECTOR('',#2817,10.);
#801=VECTOR('',#2818,10.);
#802=VECTOR('',#2821,10.);
#803=VECTOR('',#2838,10.);
#804=VECTOR('',#2839,10.);
#805=VECTOR('',#2840,10.);
#806=VECTOR('',#2841,10.);
#807=VECTOR('',#2842,10.);
#808=VECTOR('',#2845,10.);
#809=VECTOR('',#2846,10.);
#810=VECTOR('',#2847,10.);
#811=VECTOR('',#2848,10.);
#812=VECTOR('',#2849,10.);
#813=VECTOR('',#2850,10.);
#814=VECTOR('',#2851,10.);
#815=VECTOR('',#2854,10.);
#816=VECTOR('',#2855,10.);
#817=VECTOR('',#2856,10.);
#818=VECTOR('',#2857,10.);
#819=VECTOR('',#2858,10.);
#820=VECTOR('',#2859,10.);
#821=VECTOR('',#2860,10.);
#822=VECTOR('',#2867,10.);
#823=VECTOR('',#2872,10.);
#824=VECTOR('',#2875,10.);
#825=VECTOR('',#2878,10.);
#826=VECTOR('',#2879,10.);
#827=VECTOR('',#2880,10.);
#828=VECTOR('',#2881,10.);
#829=VECTOR('',#2882,10.);
#830=VECTOR('',#2883,10.);
#831=VECTOR('',#2884,10.);
#832=VECTOR('',#2887,10.);
#833=VECTOR('',#2888,10.);
#834=VECTOR('',#2893,10.);
#835=VECTOR('',#2894,10.);
#836=VECTOR('',#2895,10.);
#837=VECTOR('',#2896,10.);
#838=VECTOR('',#2897,10.);
#839=VECTOR('',#2898,10.);
#840=VECTOR('',#2903,10.);
#841=VECTOR('',#2904,10.);
#842=VECTOR('',#2907,10.);
#843=VECTOR('',#2908,10.);
#844=VECTOR('',#2911,10.);
#845=VECTOR('',#2912,10.);
#846=VECTOR('',#2913,10.);
#847=VECTOR('',#2914,10.);
#848=VECTOR('',#2917,10.);
#849=VECTOR('',#2918,10.);
#850=VECTOR('',#2919,10.);
#851=VECTOR('',#2922,10.);
#852=VECTOR('',#2923,10.);
#853=VECTOR('',#2926,10.);
#854=VECTOR('',#2931,10.);
#855=VECTOR('',#2938,2.5);
#856=VECTOR('',#2943,10.);
#857=VECTOR('',#2944,10.);
#858=VECTOR('',#2945,10.);
#859=VECTOR('',#2946,10.);
#860=VECTOR('',#2947,10.);
#861=VECTOR('',#2948,10.);
#862=VECTOR('',#2951,10.);
#863=VECTOR('',#2954,10.);
#864=VECTOR('',#2957,10.);
#865=VECTOR('',#2958,10.);
#866=VECTOR('',#2959,10.);
#867=VECTOR('',#2962,10.);
#868=VECTOR('',#2963,10.);
#869=VECTOR('',#2964,10.);
#870=VECTOR('',#2969,10.);
#871=VECTOR('',#2972,10.);
#872=VECTOR('',#2975,10.);
#873=VECTOR('',#2976,10.);
#874=VECTOR('',#2979,10.);
#875=VECTOR('',#2980,10.);
#876=VECTOR('',#2985,10.);
#877=VECTOR('',#2992,2.);
#878=VECTOR('',#2999,2.);
#879=VECTOR('',#3002,10.);
#880=VECTOR('',#3003,10.);
#881=VECTOR('',#3004,10.);
#882=VECTOR('',#3007,10.);
#883=VECTOR('',#3008,10.);
#884=VECTOR('',#3009,10.);
#885=VECTOR('',#3012,10.);
#886=VECTOR('',#3017,10.);
#887=VECTOR('',#3020,10.);
#888=VECTOR('',#3021,10.);
#889=VECTOR('',#3026,10.);
#890=VECTOR('',#3027,10.);
#891=VECTOR('',#3036,10.);
#892=VECTOR('',#3039,10.);
#893=VECTOR('',#3042,10.);
#894=VERTEX_POINT('',#3053);
#895=VERTEX_POINT('',#3054);
#896=VERTEX_POINT('',#3056);
#897=VERTEX_POINT('',#3058);
#898=VERTEX_POINT('',#3060);
#899=VERTEX_POINT('',#3062);
#900=VERTEX_POINT('',#3064);
#901=VERTEX_POINT('',#3066);
#902=VERTEX_POINT('',#3068);
#903=VERTEX_POINT('',#3070);
#904=VERTEX_POINT('',#3072);
#905=VERTEX_POINT('',#3074);
#906=VERTEX_POINT('',#3076);
#907=VERTEX_POINT('',#3078);
#908=VERTEX_POINT('',#3080);
#909=VERTEX_POINT('',#3082);
#910=VERTEX_POINT('',#3084);
#911=VERTEX_POINT('',#3086);
#912=VERTEX_POINT('',#3088);
#913=VERTEX_POINT('',#3090);
#914=VERTEX_POINT('',#3093);
#915=VERTEX_POINT('',#3094);
#916=VERTEX_POINT('',#3097);
#917=VERTEX_POINT('',#3098);
#918=VERTEX_POINT('',#3102);
#919=VERTEX_POINT('',#3103);
#920=VERTEX_POINT('',#3105);
#921=VERTEX_POINT('',#3107);
#922=VERTEX_POINT('',#3111);
#923=VERTEX_POINT('',#3113);
#924=VERTEX_POINT('',#3117);
#925=VERTEX_POINT('',#3119);
#926=VERTEX_POINT('',#3123);
#927=VERTEX_POINT('',#3125);
#928=VERTEX_POINT('',#3129);
#929=VERTEX_POINT('',#3131);
#930=VERTEX_POINT('',#3135);
#931=VERTEX_POINT('',#3137);
#932=VERTEX_POINT('',#3141);
#933=VERTEX_POINT('',#3144);
#934=VERTEX_POINT('',#3146);
#935=VERTEX_POINT('',#3151);
#936=VERTEX_POINT('',#3155);
#937=VERTEX_POINT('',#3156);
#938=VERTEX_POINT('',#3158);
#939=VERTEX_POINT('',#3160);
#940=VERTEX_POINT('',#3164);
#941=VERTEX_POINT('',#3165);
#942=VERTEX_POINT('',#3167);
#943=VERTEX_POINT('',#3169);
#944=VERTEX_POINT('',#3173);
#945=VERTEX_POINT('',#3175);
#946=VERTEX_POINT('',#3180);
#947=VERTEX_POINT('',#3182);
#948=VERTEX_POINT('',#3187);
#949=VERTEX_POINT('',#3189);
#950=VERTEX_POINT('',#3194);
#951=VERTEX_POINT('',#3195);
#952=VERTEX_POINT('',#3197);
#953=VERTEX_POINT('',#3199);
#954=VERTEX_POINT('',#3203);
#955=VERTEX_POINT('',#3204);
#956=VERTEX_POINT('',#3206);
#957=VERTEX_POINT('',#3208);
#958=VERTEX_POINT('',#3212);
#959=VERTEX_POINT('',#3214);
#960=VERTEX_POINT('',#3217);
#961=VERTEX_POINT('',#3219);
#962=VERTEX_POINT('',#3226);
#963=VERTEX_POINT('',#3228);
#964=VERTEX_POINT('',#3232);
#965=VERTEX_POINT('',#3234);
#966=VERTEX_POINT('',#3236);
#967=VERTEX_POINT('',#3243);
#968=VERTEX_POINT('',#3247);
#969=VERTEX_POINT('',#3251);
#970=VERTEX_POINT('',#3257);
#971=VERTEX_POINT('',#3258);
#972=VERTEX_POINT('',#3261);
#973=VERTEX_POINT('',#3262);
#974=VERTEX_POINT('',#3265);
#975=VERTEX_POINT('',#3266);
#976=VERTEX_POINT('',#3269);
#977=VERTEX_POINT('',#3270);
#978=VERTEX_POINT('',#3273);
#979=VERTEX_POINT('',#3274);
#980=VERTEX_POINT('',#3276);
#981=VERTEX_POINT('',#3279);
#982=VERTEX_POINT('',#3280);
#983=VERTEX_POINT('',#3282);
#984=VERTEX_POINT('',#3285);
#985=VERTEX_POINT('',#3286);
#986=VERTEX_POINT('',#3288);
#987=VERTEX_POINT('',#3290);
#988=VERTEX_POINT('',#3293);
#989=VERTEX_POINT('',#3294);
#990=VERTEX_POINT('',#3296);
#991=VERTEX_POINT('',#3298);
#992=VERTEX_POINT('',#3300);
#993=VERTEX_POINT('',#3302);
#994=VERTEX_POINT('',#3304);
#995=VERTEX_POINT('',#3306);
#996=VERTEX_POINT('',#3308);
#997=VERTEX_POINT('',#3310);
#998=VERTEX_POINT('',#3312);
#999=VERTEX_POINT('',#3314);
#1000=VERTEX_POINT('',#3316);
#1001=VERTEX_POINT('',#3318);
#1002=VERTEX_POINT('',#3320);
#1003=VERTEX_POINT('',#3322);
#1004=VERTEX_POINT('',#3326);
#1005=VERTEX_POINT('',#3331);
#1006=VERTEX_POINT('',#3363);
#1007=VERTEX_POINT('',#3365);
#1008=VERTEX_POINT('',#3369);
#1009=VERTEX_POINT('',#3373);
#1010=VERTEX_POINT('',#3379);
#1011=VERTEX_POINT('',#3381);
#1012=VERTEX_POINT('',#3385);
#1013=VERTEX_POINT('',#3391);
#1014=VERTEX_POINT('',#3393);
#1015=VERTEX_POINT('',#3397);
#1016=VERTEX_POINT('',#3407);
#1017=VERTEX_POINT('',#3409);
#1018=VERTEX_POINT('',#3415);
#1019=VERTEX_POINT('',#3417);
#1020=VERTEX_POINT('',#3427);
#1021=VERTEX_POINT('',#3431);
#1022=VERTEX_POINT('',#3433);
#1023=VERTEX_POINT('',#3442);
#1024=VERTEX_POINT('',#3446);
#1025=VERTEX_POINT('',#3448);
#1026=VERTEX_POINT('',#3461);
#1027=VERTEX_POINT('',#3462);
#1028=VERTEX_POINT('',#3464);
#1029=VERTEX_POINT('',#3466);
#1030=VERTEX_POINT('',#3468);
#1031=VERTEX_POINT('',#3472);
#1032=VERTEX_POINT('',#3473);
#1033=VERTEX_POINT('',#3475);
#1034=VERTEX_POINT('',#3477);
#1035=VERTEX_POINT('',#3479);
#1036=VERTEX_POINT('',#3481);
#1037=VERTEX_POINT('',#3483);
#1038=VERTEX_POINT('',#3487);
#1039=VERTEX_POINT('',#3489);
#1040=VERTEX_POINT('',#3491);
#1041=VERTEX_POINT('',#3493);
#1042=VERTEX_POINT('',#3495);
#1043=VERTEX_POINT('',#3497);
#1044=VERTEX_POINT('',#3501);
#1045=VERTEX_POINT('',#3503);
#1046=VERTEX_POINT('',#3505);
#1047=VERTEX_POINT('',#3511);
#1048=VERTEX_POINT('',#3513);
#1049=VERTEX_POINT('',#3515);
#1050=VERTEX_POINT('',#3517);
#1051=VERTEX_POINT('',#3519);
#1052=VERTEX_POINT('',#3521);
#1053=VERTEX_POINT('',#3523);
#1054=VERTEX_POINT('',#3525);
#1055=VERTEX_POINT('',#3529);
#1056=VERTEX_POINT('',#3531);
#1057=VERTEX_POINT('',#3535);
#1058=VERTEX_POINT('',#3537);
#1059=VERTEX_POINT('',#3539);
#1060=VERTEX_POINT('',#3541);
#1061=VERTEX_POINT('',#3543);
#1062=VERTEX_POINT('',#3546);
#1063=VERTEX_POINT('',#3549);
#1064=VERTEX_POINT('',#3557);
#1065=VERTEX_POINT('',#3559);
#1066=VERTEX_POINT('',#3563);
#1067=VERTEX_POINT('',#3565);
#1068=VERTEX_POINT('',#3567);
#1069=VERTEX_POINT('',#3569);
#1070=VERTEX_POINT('',#3579);
#1071=VERTEX_POINT('',#3584);
#1072=VERTEX_POINT('',#3585);
#1073=VERTEX_POINT('',#3587);
#1074=VERTEX_POINT('',#3590);
#1075=VERTEX_POINT('',#3592);
#1076=VERTEX_POINT('',#3594);
#1077=VERTEX_POINT('',#3596);
#1078=VERTEX_POINT('',#3598);
#1079=VERTEX_POINT('',#3604);
#1080=VERTEX_POINT('',#3606);
#1081=VERTEX_POINT('',#3610);
#1082=VERTEX_POINT('',#3612);
#1083=VERTEX_POINT('',#3615);
#1084=VERTEX_POINT('',#3622);
#1085=VERTEX_POINT('',#3626);
#1086=VERTEX_POINT('',#3629);
#1087=VERTEX_POINT('',#3634);
#1088=VERTEX_POINT('',#3639);
#1089=VERTEX_POINT('',#3644);
#1090=VERTEX_POINT('',#3646);
#1091=VERTEX_POINT('',#3650);
#1092=VERTEX_POINT('',#3652);
#1093=VERTEX_POINT('',#3656);
#1094=VERTEX_POINT('',#3658);
#1095=VERTEX_POINT('',#3660);
#1096=VERTEX_POINT('',#3664);
#1097=VERTEX_POINT('',#3668);
#1098=VERTEX_POINT('',#3675);
#1099=EDGE_CURVE('',#894,#895,#406,.T.);
#1100=EDGE_CURVE('',#894,#896,#407,.T.);
#1101=EDGE_CURVE('',#897,#896,#408,.T.);
#1102=EDGE_CURVE('',#898,#897,#409,.T.);
#1103=EDGE_CURVE('',#899,#898,#410,.T.);
#1104=EDGE_CURVE('',#899,#900,#411,.T.);
#1105=EDGE_CURVE('',#900,#901,#412,.T.);
#1106=EDGE_CURVE('',#901,#902,#413,.T.);
#1107=EDGE_CURVE('',#902,#903,#414,.T.);
#1108=EDGE_CURVE('',#903,#904,#415,.T.);
#1109=EDGE_CURVE('',#904,#905,#349,.T.);
#1110=EDGE_CURVE('',#905,#906,#416,.T.);
#1111=EDGE_CURVE('',#907,#906,#417,.T.);
#1112=EDGE_CURVE('',#908,#907,#418,.T.);
#1113=EDGE_CURVE('',#908,#909,#350,.T.);
#1114=EDGE_CURVE('',#909,#910,#419,.T.);
#1115=EDGE_CURVE('',#910,#911,#420,.T.);
#1116=EDGE_CURVE('',#911,#912,#421,.T.);
#1117=EDGE_CURVE('',#912,#913,#422,.T.);
#1118=EDGE_CURVE('',#913,#895,#423,.T.);
#1119=EDGE_CURVE('',#914,#915,#351,.T.);
#1120=EDGE_CURVE('',#914,#915,#424,.T.);
#1121=EDGE_CURVE('',#916,#917,#352,.T.);
#1122=EDGE_CURVE('',#916,#917,#425,.T.);
#1123=EDGE_CURVE('',#918,#919,#426,.T.);
#1124=EDGE_CURVE('',#920,#919,#427,.T.);
#1125=EDGE_CURVE('',#920,#921,#428,.T.);
#1126=EDGE_CURVE('',#918,#921,#429,.T.);
#1127=EDGE_CURVE('',#922,#922,#353,.T.);
#1128=EDGE_CURVE('',#922,#923,#430,.T.);
#1129=EDGE_CURVE('',#923,#923,#354,.T.);
#1130=EDGE_CURVE('',#924,#924,#355,.T.);
#1131=EDGE_CURVE('',#924,#925,#431,.T.);
#1132=EDGE_CURVE('',#925,#925,#356,.T.);
#1133=EDGE_CURVE('',#926,#926,#357,.T.);
#1134=EDGE_CURVE('',#926,#927,#432,.T.);
#1135=EDGE_CURVE('',#927,#927,#358,.T.);
#1136=EDGE_CURVE('',#928,#928,#359,.T.);
#1137=EDGE_CURVE('',#928,#929,#433,.T.);
#1138=EDGE_CURVE('',#929,#929,#360,.T.);
#1139=EDGE_CURVE('',#930,#930,#361,.T.);
#1140=EDGE_CURVE('',#930,#931,#434,.T.);
#1141=EDGE_CURVE('',#931,#931,#362,.T.);
#1142=EDGE_CURVE('',#932,#932,#363,.T.);
#1143=EDGE_CURVE('',#933,#933,#364,.T.);
#1144=EDGE_CURVE('',#934,#934,#365,.T.);
#1145=EDGE_CURVE('',#932,#933,#435,.T.);
#1146=EDGE_CURVE('',#934,#935,#436,.T.);
#1147=EDGE_CURVE('',#935,#935,#366,.T.);
#1148=EDGE_CURVE('',#936,#937,#367,.T.);
#1149=EDGE_CURVE('',#938,#936,#437,.T.);
#1150=EDGE_CURVE('',#938,#939,#368,.T.);
#1151=EDGE_CURVE('',#939,#937,#438,.T.);
#1152=EDGE_CURVE('',#940,#941,#439,.T.);
#1153=EDGE_CURVE('',#942,#941,#440,.T.);
#1154=EDGE_CURVE('',#942,#943,#441,.T.);
#1155=EDGE_CURVE('',#943,#940,#442,.T.);
#1156=EDGE_CURVE('',#944,#944,#369,.T.);
#1157=EDGE_CURVE('',#944,#945,#443,.T.);
#1158=EDGE_CURVE('',#945,#945,#370,.T.);
#1159=EDGE_CURVE('',#946,#946,#371,.T.);
#1160=EDGE_CURVE('',#946,#947,#444,.T.);
#1161=EDGE_CURVE('',#947,#947,#372,.T.);
#1162=EDGE_CURVE('',#948,#948,#373,.T.);
#1163=EDGE_CURVE('',#948,#949,#445,.T.);
#1164=EDGE_CURVE('',#949,#949,#374,.T.);
#1165=EDGE_CURVE('',#950,#951,#446,.T.);
#1166=EDGE_CURVE('',#952,#950,#447,.T.);
#1167=EDGE_CURVE('',#952,#953,#448,.T.);
#1168=EDGE_CURVE('',#951,#953,#449,.T.);
#1169=EDGE_CURVE('',#954,#955,#450,.T.);
#1170=EDGE_CURVE('',#956,#954,#451,.T.);
#1171=EDGE_CURVE('',#956,#957,#452,.T.);
#1172=EDGE_CURVE('',#955,#957,#453,.T.);
#1173=EDGE_CURVE('',#958,#956,#454,.T.);
#1174=EDGE_CURVE('',#959,#958,#455,.T.);
#1175=EDGE_CURVE('',#953,#959,#456,.T.);
#1176=EDGE_CURVE('',#960,#952,#457,.T.);
#1177=EDGE_CURVE('',#961,#960,#458,.T.);
#1178=EDGE_CURVE('',#957,#961,#459,.T.);
#1179=EDGE_CURVE('',#897,#960,#460,.T.);
#1180=EDGE_CURVE('',#896,#961,#461,.T.);
#1181=EDGE_CURVE('',#950,#962,#462,.T.);
#1182=EDGE_CURVE('',#962,#963,#463,.T.);
#1183=EDGE_CURVE('',#898,#963,#464,.T.);
#1184=EDGE_CURVE('',#959,#964,#465,.T.);
#1185=EDGE_CURVE('',#964,#965,#466,.T.);
#1186=EDGE_CURVE('',#966,#965,#467,.T.);
#1187=EDGE_CURVE('',#951,#966,#468,.T.);
#1188=EDGE_CURVE('',#921,#955,#469,.T.);
#1189=EDGE_CURVE('',#943,#920,#470,.T.);
#1190=EDGE_CURVE('',#962,#942,#471,.T.);
#1191=EDGE_CURVE('',#966,#967,#472,.T.);
#1192=EDGE_CURVE('',#967,#954,#473,.T.);
#1193=EDGE_CURVE('',#958,#968,#474,.T.);
#1194=EDGE_CURVE('',#968,#964,#475,.T.);
#1195=EDGE_CURVE('',#967,#969,#476,.T.);
#1196=EDGE_CURVE('',#969,#968,#477,.T.);
#1197=EDGE_CURVE('',#965,#969,#478,.T.);
#1198=EDGE_CURVE('',#970,#971,#479,.T.);
#1199=EDGE_CURVE('',#971,#970,#375,.T.);
#1200=EDGE_CURVE('',#972,#973,#480,.T.);
#1201=EDGE_CURVE('',#973,#972,#376,.T.);
#1202=EDGE_CURVE('',#974,#975,#481,.T.);
#1203=EDGE_CURVE('',#975,#974,#377,.T.);
#1204=EDGE_CURVE('',#976,#977,#482,.T.);
#1205=EDGE_CURVE('',#977,#976,#378,.T.);
#1206=EDGE_CURVE('',#978,#979,#483,.T.);
#1207=EDGE_CURVE('',#980,#978,#484,.T.);
#1208=EDGE_CURVE('',#979,#980,#379,.T.);
#1209=EDGE_CURVE('',#981,#982,#485,.T.);
#1210=EDGE_CURVE('',#983,#981,#380,.T.);
#1211=EDGE_CURVE('',#982,#983,#486,.T.);
#1212=EDGE_CURVE('',#984,#985,#487,.T.);
#1213=EDGE_CURVE('',#986,#984,#381,.T.);
#1214=EDGE_CURVE('',#987,#986,#488,.T.);
#1215=EDGE_CURVE('',#985,#987,#382,.T.);
#1216=EDGE_CURVE('',#988,#989,#489,.T.);
#1217=EDGE_CURVE('',#990,#988,#490,.T.);
#1218=EDGE_CURVE('',#991,#990,#383,.T.);
#1219=EDGE_CURVE('',#992,#991,#491,.T.);
#1220=EDGE_CURVE('',#993,#992,#492,.T.);
#1221=EDGE_CURVE('',#994,#993,#493,.T.);
#1222=EDGE_CURVE('',#995,#994,#494,.T.);
#1223=EDGE_CURVE('',#996,#995,#495,.T.);
#1224=EDGE_CURVE('',#997,#996,#496,.T.);
#1225=EDGE_CURVE('',#998,#997,#497,.T.);
#1226=EDGE_CURVE('',#999,#998,#498,.T.);
#1227=EDGE_CURVE('',#1000,#999,#499,.T.);
#1228=EDGE_CURVE('',#1001,#1000,#500,.T.);
#1229=EDGE_CURVE('',#1002,#1001,#501,.T.);
#1230=EDGE_CURVE('',#1003,#1002,#384,.T.);
#1231=EDGE_CURVE('',#989,#1003,#502,.T.);
#1232=EDGE_CURVE('',#997,#1004,#503,.T.);
#1233=EDGE_CURVE('',#895,#1004,#504,.T.);
#1234=EDGE_CURVE('',#998,#913,#505,.T.);
#1235=EDGE_CURVE('',#996,#1005,#506,.T.);
#1236=EDGE_CURVE('',#1004,#1005,#507,.T.);
#1237=EDGE_CURVE('',#995,#900,#508,.T.);
#1238=EDGE_CURVE('',#1005,#899,#509,.T.);
#1239=EDGE_CURVE('',#999,#912,#510,.T.);
#1240=EDGE_CURVE('',#994,#901,#511,.T.);
#1241=EDGE_CURVE('',#1000,#911,#512,.T.);
#1242=EDGE_CURVE('',#993,#902,#513,.T.);
#1243=EDGE_CURVE('',#1001,#910,#514,.T.);
#1244=EDGE_CURVE('',#992,#903,#515,.T.);
#1245=EDGE_CURVE('',#1002,#909,#516,.T.);
#1246=EDGE_CURVE('',#991,#904,#517,.T.);
#1247=EDGE_CURVE('',#1003,#908,#518,.T.);
#1248=EDGE_CURVE('',#990,#905,#519,.T.);
#1249=EDGE_CURVE('',#907,#989,#520,.T.);
#1250=EDGE_CURVE('',#988,#906,#521,.T.);
#1251=EDGE_CURVE('',#986,#1006,#522,.T.);
#1252=EDGE_CURVE('',#1007,#1006,#523,.T.);
#1253=EDGE_CURVE('',#987,#1007,#524,.T.);
#1254=EDGE_CURVE('',#1008,#1007,#385,.T.);
#1255=EDGE_CURVE('',#1008,#985,#525,.T.);
#1256=EDGE_CURVE('',#984,#1009,#526,.T.);
#1257=EDGE_CURVE('',#1006,#1009,#386,.T.);
#1258=EDGE_CURVE('',#1009,#1008,#527,.T.);
#1259=EDGE_CURVE('',#1010,#983,#528,.T.);
#1260=EDGE_CURVE('',#1011,#1010,#529,.T.);
#1261=EDGE_CURVE('',#1011,#982,#530,.T.);
#1262=EDGE_CURVE('',#981,#1012,#531,.T.);
#1263=EDGE_CURVE('',#1010,#1012,#387,.T.);
#1264=EDGE_CURVE('',#1012,#1011,#532,.T.);
#1265=EDGE_CURVE('',#978,#1013,#533,.T.);
#1266=EDGE_CURVE('',#1014,#1013,#534,.T.);
#1267=EDGE_CURVE('',#980,#1014,#535,.T.);
#1268=EDGE_CURVE('',#1015,#1014,#388,.T.);
#1269=EDGE_CURVE('',#1015,#979,#536,.T.);
#1270=EDGE_CURVE('',#1013,#1015,#537,.T.);
#1271=EDGE_CURVE('',#976,#917,#538,.T.);
#1272=EDGE_CURVE('',#916,#977,#539,.T.);
#1273=EDGE_CURVE('',#974,#1016,#540,.T.);
#1274=EDGE_CURVE('',#1017,#1016,#389,.T.);
#1275=EDGE_CURVE('',#1017,#975,#541,.T.);
#1276=EDGE_CURVE('',#1016,#1017,#542,.T.);
#1277=EDGE_CURVE('',#972,#1018,#543,.T.);
#1278=EDGE_CURVE('',#1019,#1018,#390,.T.);
#1279=EDGE_CURVE('',#1019,#973,#544,.T.);
#1280=EDGE_CURVE('',#1018,#1019,#545,.T.);
#1281=EDGE_CURVE('',#970,#915,#546,.T.);
#1282=EDGE_CURVE('',#914,#971,#547,.T.);
#1283=EDGE_CURVE('',#1020,#941,#548,.T.);
#1284=EDGE_CURVE('',#963,#1020,#549,.T.);
#1285=EDGE_CURVE('',#1021,#936,#550,.T.);
#1286=EDGE_CURVE('',#1022,#1021,#551,.T.);
#1287=EDGE_CURVE('',#1022,#938,#552,.T.);
#1288=EDGE_CURVE('',#1023,#1020,#553,.T.);
#1289=EDGE_CURVE('',#898,#1023,#554,.T.);
#1290=EDGE_CURVE('',#939,#1024,#555,.T.);
#1291=EDGE_CURVE('',#1024,#1025,#556,.T.);
#1292=EDGE_CURVE('',#937,#1025,#557,.T.);
#1293=EDGE_CURVE('',#895,#899,#558,.T.);
#1294=EDGE_CURVE('',#1025,#1023,#391,.T.);
#1295=EDGE_CURVE('',#894,#1024,#392,.T.);
#1296=EDGE_CURVE('',#1022,#918,#393,.T.);
#1297=EDGE_CURVE('',#919,#1021,#394,.T.);
#1298=EDGE_CURVE('',#1026,#1027,#559,.T.);
#1299=EDGE_CURVE('',#1028,#1026,#560,.T.);
#1300=EDGE_CURVE('',#1029,#1028,#561,.T.);
#1301=EDGE_CURVE('',#1030,#1029,#562,.T.);
#1302=EDGE_CURVE('',#1027,#1030,#563,.T.);
#1303=EDGE_CURVE('',#1031,#1032,#564,.T.);
#1304=EDGE_CURVE('',#1033,#1031,#565,.T.);
#1305=EDGE_CURVE('',#1034,#1033,#566,.T.);
#1306=EDGE_CURVE('',#1035,#1034,#567,.T.);
#1307=EDGE_CURVE('',#1036,#1035,#568,.T.);
#1308=EDGE_CURVE('',#1037,#1036,#569,.T.);
#1309=EDGE_CURVE('',#1032,#1037,#570,.T.);
#1310=EDGE_CURVE('',#1038,#1031,#571,.T.);
#1311=EDGE_CURVE('',#1038,#1039,#572,.T.);
#1312=EDGE_CURVE('',#1040,#1039,#573,.T.);
#1313=EDGE_CURVE('',#1040,#1041,#574,.T.);
#1314=EDGE_CURVE('',#1041,#1042,#575,.T.);
#1315=EDGE_CURVE('',#1042,#1043,#576,.T.);
#1316=EDGE_CURVE('',#1033,#1043,#577,.T.);
#1317=EDGE_CURVE('',#1030,#1044,#15,.T.);
#1318=EDGE_CURVE('',#1044,#1045,#16,.T.);
#1319=EDGE_CURVE('',#1045,#1046,#578,.T.);
#1320=EDGE_CURVE('',#1046,#1027,#395,.T.);
#1321=EDGE_CURVE('',#1044,#1029,#579,.T.);
#1322=EDGE_CURVE('',#1046,#1047,#580,.T.);
#1323=EDGE_CURVE('',#1048,#1047,#396,.T.);
#1324=EDGE_CURVE('',#1048,#1049,#581,.T.);
#1325=EDGE_CURVE('',#1049,#1050,#582,.T.);
#1326=EDGE_CURVE('',#1050,#1051,#583,.T.);
#1327=EDGE_CURVE('',#1051,#1052,#584,.T.);
#1328=EDGE_CURVE('',#1052,#1053,#585,.T.);
#1329=EDGE_CURVE('',#1053,#1054,#586,.T.);
#1330=EDGE_CURVE('',#1054,#1026,#587,.T.);
#1331=EDGE_CURVE('',#1043,#1055,#588,.T.);
#1332=EDGE_CURVE('',#1055,#1056,#589,.T.);
#1333=EDGE_CURVE('',#1034,#1056,#397,.T.);
#1334=EDGE_CURVE('',#1032,#1057,#590,.T.);
#1335=EDGE_CURVE('',#1057,#1058,#591,.T.);
#1336=EDGE_CURVE('',#1058,#1059,#592,.T.);
#1337=EDGE_CURVE('',#1059,#1060,#593,.T.);
#1338=EDGE_CURVE('',#1060,#1061,#594,.T.);
#1339=EDGE_CURVE('',#1061,#1038,#595,.T.);
#1340=EDGE_CURVE('',#1062,#1062,#398,.T.);
#1341=EDGE_CURVE('',#1063,#1037,#596,.T.);
#1342=EDGE_CURVE('',#1057,#1063,#597,.T.);
#1343=EDGE_CURVE('',#1059,#1052,#598,.T.);
#1344=EDGE_CURVE('',#1060,#1051,#599,.T.);
#1345=EDGE_CURVE('',#940,#1058,#600,.T.);
#1346=EDGE_CURVE('',#1064,#943,#601,.T.);
#1347=EDGE_CURVE('',#1065,#1064,#602,.T.);
#1348=EDGE_CURVE('',#1053,#1065,#603,.T.);
#1349=EDGE_CURVE('',#1066,#1065,#604,.T.);
#1350=EDGE_CURVE('',#1064,#1067,#605,.T.);
#1351=EDGE_CURVE('',#1067,#1068,#606,.T.);
#1352=EDGE_CURVE('',#1069,#1068,#17,.T.);
#1353=EDGE_CURVE('',#1069,#1045,#607,.T.);
#1354=EDGE_CURVE('',#1028,#1066,#608,.T.);
#1355=EDGE_CURVE('',#1054,#1066,#609,.T.);
#1356=EDGE_CURVE('',#941,#1063,#610,.T.);
#1357=EDGE_CURVE('',#1070,#1070,#399,.T.);
#1358=EDGE_CURVE('',#1062,#1070,#611,.T.);
#1359=EDGE_CURVE('',#1071,#1072,#400,.T.);
#1360=EDGE_CURVE('',#1071,#1073,#612,.T.);
#1361=EDGE_CURVE('',#1073,#1040,#613,.T.);
#1362=EDGE_CURVE('',#1039,#1074,#614,.T.);
#1363=EDGE_CURVE('',#1074,#1075,#615,.T.);
#1364=EDGE_CURVE('',#1075,#1076,#616,.T.);
#1365=EDGE_CURVE('',#1076,#1077,#617,.T.);
#1366=EDGE_CURVE('',#1078,#1077,#401,.T.);
#1367=EDGE_CURVE('',#1078,#1072,#618,.T.);
#1368=EDGE_CURVE('',#1061,#1074,#619,.T.);
#1369=EDGE_CURVE('',#1079,#1075,#620,.T.);
#1370=EDGE_CURVE('',#1050,#1080,#621,.T.);
#1371=EDGE_CURVE('',#1080,#1079,#622,.T.);
#1372=EDGE_CURVE('',#1081,#1080,#623,.T.);
#1373=EDGE_CURVE('',#1082,#1081,#624,.T.);
#1374=EDGE_CURVE('',#1079,#1082,#625,.T.);
#1375=EDGE_CURVE('',#1083,#1083,#402,.T.);
#1376=EDGE_CURVE('',#1081,#1049,#626,.T.);
#1377=EDGE_CURVE('',#1076,#1082,#627,.T.);
#1378=EDGE_CURVE('',#1042,#1084,#628,.T.);
#1379=EDGE_CURVE('',#1055,#1084,#629,.T.);
#1380=EDGE_CURVE('',#1085,#1041,#630,.T.);
#1381=EDGE_CURVE('',#1084,#1085,#631,.T.);
#1382=EDGE_CURVE('',#1086,#1086,#403,.T.);
#1383=EDGE_CURVE('',#1085,#1073,#632,.T.);
#1384=EDGE_CURVE('',#1087,#1087,#404,.T.);
#1385=EDGE_CURVE('',#1086,#1087,#633,.T.);
#1386=EDGE_CURVE('',#1088,#1088,#405,.T.);
#1387=EDGE_CURVE('',#1083,#1088,#634,.T.);
#1388=EDGE_CURVE('',#1089,#1036,#635,.T.);
#1389=EDGE_CURVE('',#1090,#1089,#636,.T.);
#1390=EDGE_CURVE('',#1067,#1090,#637,.T.);
#1391=EDGE_CURVE('',#1056,#1091,#638,.T.);
#1392=EDGE_CURVE('',#1092,#1071,#639,.T.);
#1393=EDGE_CURVE('',#1091,#1092,#640,.T.);
#1394=EDGE_CURVE('',#1077,#1093,#641,.T.);
#1395=EDGE_CURVE('',#1093,#1094,#18,.T.);
#1396=EDGE_CURVE('',#1094,#1095,#19,.T.);
#1397=EDGE_CURVE('',#1095,#1078,#642,.T.);
#1398=EDGE_CURVE('',#1072,#1096,#643,.T.);
#1399=EDGE_CURVE('',#1096,#1095,#644,.T.);
#1400=EDGE_CURVE('',#1096,#1097,#20,.T.);
#1401=EDGE_CURVE('',#1090,#1094,#645,.T.);
#1402=EDGE_CURVE('',#1097,#1089,#646,.T.);
#1403=EDGE_CURVE('',#1097,#1092,#21,.T.);
#1404=EDGE_CURVE('',#1068,#1098,#22,.T.);
#1405=EDGE_CURVE('',#1093,#1098,#647,.T.);
#1406=EDGE_CURVE('',#1098,#1048,#648,.T.);
#1407=EDGE_CURVE('',#1047,#1069,#649,.T.);
#1408=EDGE_CURVE('',#1091,#1035,#23,.T.);
#1409=ORIENTED_EDGE('',*,*,#1099,.F.);
#1410=ORIENTED_EDGE('',*,*,#1100,.T.);
#1411=ORIENTED_EDGE('',*,*,#1101,.F.);
#1412=ORIENTED_EDGE('',*,*,#1102,.F.);
#1413=ORIENTED_EDGE('',*,*,#1103,.F.);
#1414=ORIENTED_EDGE('',*,*,#1104,.T.);
#1415=ORIENTED_EDGE('',*,*,#1105,.T.);
#1416=ORIENTED_EDGE('',*,*,#1106,.T.);
#1417=ORIENTED_EDGE('',*,*,#1107,.T.);
#1418=ORIENTED_EDGE('',*,*,#1108,.T.);
#1419=ORIENTED_EDGE('',*,*,#1109,.T.);
#1420=ORIENTED_EDGE('',*,*,#1110,.T.);
#1421=ORIENTED_EDGE('',*,*,#1111,.F.);
#1422=ORIENTED_EDGE('',*,*,#1112,.F.);
#1423=ORIENTED_EDGE('',*,*,#1113,.T.);
#1424=ORIENTED_EDGE('',*,*,#1114,.T.);
#1425=ORIENTED_EDGE('',*,*,#1115,.T.);
#1426=ORIENTED_EDGE('',*,*,#1116,.T.);
#1427=ORIENTED_EDGE('',*,*,#1117,.T.);
#1428=ORIENTED_EDGE('',*,*,#1118,.T.);
#1429=ORIENTED_EDGE('',*,*,#1119,.T.);
#1430=ORIENTED_EDGE('',*,*,#1120,.F.);
#1431=ORIENTED_EDGE('',*,*,#1121,.T.);
#1432=ORIENTED_EDGE('',*,*,#1122,.F.);
#1433=ORIENTED_EDGE('',*,*,#1123,.T.);
#1434=ORIENTED_EDGE('',*,*,#1124,.F.);
#1435=ORIENTED_EDGE('',*,*,#1125,.T.);
#1436=ORIENTED_EDGE('',*,*,#1126,.F.);
#1437=ORIENTED_EDGE('',*,*,#1127,.F.);
#1438=ORIENTED_EDGE('',*,*,#1128,.T.);
#1439=ORIENTED_EDGE('',*,*,#1129,.F.);
#1440=ORIENTED_EDGE('',*,*,#1128,.F.);
#1441=ORIENTED_EDGE('',*,*,#1130,.F.);
#1442=ORIENTED_EDGE('',*,*,#1131,.T.);
#1443=ORIENTED_EDGE('',*,*,#1132,.F.);
#1444=ORIENTED_EDGE('',*,*,#1131,.F.);
#1445=ORIENTED_EDGE('',*,*,#1133,.F.);
#1446=ORIENTED_EDGE('',*,*,#1134,.T.);
#1447=ORIENTED_EDGE('',*,*,#1135,.F.);
#1448=ORIENTED_EDGE('',*,*,#1134,.F.);
#1449=ORIENTED_EDGE('',*,*,#1136,.F.);
#1450=ORIENTED_EDGE('',*,*,#1137,.T.);
#1451=ORIENTED_EDGE('',*,*,#1138,.F.);
#1452=ORIENTED_EDGE('',*,*,#1137,.F.);
#1453=ORIENTED_EDGE('',*,*,#1139,.F.);
#1454=ORIENTED_EDGE('',*,*,#1140,.T.);
#1455=ORIENTED_EDGE('',*,*,#1141,.F.);
#1456=ORIENTED_EDGE('',*,*,#1140,.F.);
#1457=ORIENTED_EDGE('',*,*,#1142,.F.);
#1458=ORIENTED_EDGE('',*,*,#1139,.T.);
#1459=ORIENTED_EDGE('',*,*,#1136,.T.);
#1460=ORIENTED_EDGE('',*,*,#1133,.T.);
#1461=ORIENTED_EDGE('',*,*,#1130,.T.);
#1462=ORIENTED_EDGE('',*,*,#1127,.T.);
#1463=ORIENTED_EDGE('',*,*,#1143,.F.);
#1464=ORIENTED_EDGE('',*,*,#1144,.T.);
#1465=ORIENTED_EDGE('',*,*,#1141,.T.);
#1466=ORIENTED_EDGE('',*,*,#1138,.T.);
#1467=ORIENTED_EDGE('',*,*,#1135,.T.);
#1468=ORIENTED_EDGE('',*,*,#1132,.T.);
#1469=ORIENTED_EDGE('',*,*,#1129,.T.);
#1470=ORIENTED_EDGE('',*,*,#1142,.T.);
#1471=ORIENTED_EDGE('',*,*,#1145,.T.);
#1472=ORIENTED_EDGE('',*,*,#1143,.T.);
#1473=ORIENTED_EDGE('',*,*,#1145,.F.);
#1474=ORIENTED_EDGE('',*,*,#1144,.F.);
#1475=ORIENTED_EDGE('',*,*,#1146,.T.);
#1476=ORIENTED_EDGE('',*,*,#1147,.F.);
#1477=ORIENTED_EDGE('',*,*,#1146,.F.);
#1478=ORIENTED_EDGE('',*,*,#1148,.F.);
#1479=ORIENTED_EDGE('',*,*,#1149,.F.);
#1480=ORIENTED_EDGE('',*,*,#1150,.T.);
#1481=ORIENTED_EDGE('',*,*,#1151,.T.);
#1482=ORIENTED_EDGE('',*,*,#1152,.T.);
#1483=ORIENTED_EDGE('',*,*,#1153,.F.);
#1484=ORIENTED_EDGE('',*,*,#1154,.T.);
#1485=ORIENTED_EDGE('',*,*,#1155,.T.);
#1486=ORIENTED_EDGE('',*,*,#1156,.F.);
#1487=ORIENTED_EDGE('',*,*,#1157,.T.);
#1488=ORIENTED_EDGE('',*,*,#1158,.T.);
#1489=ORIENTED_EDGE('',*,*,#1157,.F.);
#1490=ORIENTED_EDGE('',*,*,#1158,.F.);
#1491=ORIENTED_EDGE('',*,*,#1159,.F.);
#1492=ORIENTED_EDGE('',*,*,#1160,.T.);
#1493=ORIENTED_EDGE('',*,*,#1161,.T.);
#1494=ORIENTED_EDGE('',*,*,#1160,.F.);
#1495=ORIENTED_EDGE('',*,*,#1161,.F.);
#1496=ORIENTED_EDGE('',*,*,#1162,.F.);
#1497=ORIENTED_EDGE('',*,*,#1163,.T.);
#1498=ORIENTED_EDGE('',*,*,#1164,.T.);
#1499=ORIENTED_EDGE('',*,*,#1163,.F.);
#1500=ORIENTED_EDGE('',*,*,#1164,.F.);
#1501=ORIENTED_EDGE('',*,*,#1165,.F.);
#1502=ORIENTED_EDGE('',*,*,#1166,.F.);
#1503=ORIENTED_EDGE('',*,*,#1167,.T.);
#1504=ORIENTED_EDGE('',*,*,#1168,.F.);
#1505=ORIENTED_EDGE('',*,*,#1169,.F.);
#1506=ORIENTED_EDGE('',*,*,#1170,.F.);
#1507=ORIENTED_EDGE('',*,*,#1171,.T.);
#1508=ORIENTED_EDGE('',*,*,#1172,.F.);
#1509=ORIENTED_EDGE('',*,*,#1173,.F.);
#1510=ORIENTED_EDGE('',*,*,#1174,.F.);
#1511=ORIENTED_EDGE('',*,*,#1175,.F.);
#1512=ORIENTED_EDGE('',*,*,#1167,.F.);
#1513=ORIENTED_EDGE('',*,*,#1176,.F.);
#1514=ORIENTED_EDGE('',*,*,#1177,.F.);
#1515=ORIENTED_EDGE('',*,*,#1178,.F.);
#1516=ORIENTED_EDGE('',*,*,#1171,.F.);
#1517=ORIENTED_EDGE('',*,*,#1177,.T.);
#1518=ORIENTED_EDGE('',*,*,#1179,.F.);
#1519=ORIENTED_EDGE('',*,*,#1101,.T.);
#1520=ORIENTED_EDGE('',*,*,#1180,.T.);
#1521=ORIENTED_EDGE('',*,*,#1176,.T.);
#1522=ORIENTED_EDGE('',*,*,#1166,.T.);
#1523=ORIENTED_EDGE('',*,*,#1181,.T.);
#1524=ORIENTED_EDGE('',*,*,#1182,.T.);
#1525=ORIENTED_EDGE('',*,*,#1183,.F.);
#1526=ORIENTED_EDGE('',*,*,#1102,.T.);
#1527=ORIENTED_EDGE('',*,*,#1179,.T.);
#1528=ORIENTED_EDGE('',*,*,#1168,.T.);
#1529=ORIENTED_EDGE('',*,*,#1175,.T.);
#1530=ORIENTED_EDGE('',*,*,#1184,.T.);
#1531=ORIENTED_EDGE('',*,*,#1185,.T.);
#1532=ORIENTED_EDGE('',*,*,#1186,.F.);
#1533=ORIENTED_EDGE('',*,*,#1187,.F.);
#1534=ORIENTED_EDGE('',*,*,#1169,.T.);
#1535=ORIENTED_EDGE('',*,*,#1188,.F.);
#1536=ORIENTED_EDGE('',*,*,#1125,.F.);
#1537=ORIENTED_EDGE('',*,*,#1189,.F.);
#1538=ORIENTED_EDGE('',*,*,#1154,.F.);
#1539=ORIENTED_EDGE('',*,*,#1190,.F.);
#1540=ORIENTED_EDGE('',*,*,#1181,.F.);
#1541=ORIENTED_EDGE('',*,*,#1165,.T.);
#1542=ORIENTED_EDGE('',*,*,#1187,.T.);
#1543=ORIENTED_EDGE('',*,*,#1191,.T.);
#1544=ORIENTED_EDGE('',*,*,#1192,.T.);
#1545=ORIENTED_EDGE('',*,*,#1156,.T.);
#1546=ORIENTED_EDGE('',*,*,#1159,.T.);
#1547=ORIENTED_EDGE('',*,*,#1162,.T.);
#1548=ORIENTED_EDGE('',*,*,#1174,.T.);
#1549=ORIENTED_EDGE('',*,*,#1193,.T.);
#1550=ORIENTED_EDGE('',*,*,#1194,.T.);
#1551=ORIENTED_EDGE('',*,*,#1184,.F.);
#1552=ORIENTED_EDGE('',*,*,#1170,.T.);
#1553=ORIENTED_EDGE('',*,*,#1192,.F.);
#1554=ORIENTED_EDGE('',*,*,#1195,.T.);
#1555=ORIENTED_EDGE('',*,*,#1196,.T.);
#1556=ORIENTED_EDGE('',*,*,#1193,.F.);
#1557=ORIENTED_EDGE('',*,*,#1173,.T.);
#1558=ORIENTED_EDGE('',*,*,#1191,.F.);
#1559=ORIENTED_EDGE('',*,*,#1186,.T.);
#1560=ORIENTED_EDGE('',*,*,#1197,.T.);
#1561=ORIENTED_EDGE('',*,*,#1195,.F.);
#1562=ORIENTED_EDGE('',*,*,#1185,.F.);
#1563=ORIENTED_EDGE('',*,*,#1194,.F.);
#1564=ORIENTED_EDGE('',*,*,#1196,.F.);
#1565=ORIENTED_EDGE('',*,*,#1197,.F.);
#1566=ORIENTED_EDGE('',*,*,#1198,.F.);
#1567=ORIENTED_EDGE('',*,*,#1199,.F.);
#1568=ORIENTED_EDGE('',*,*,#1200,.F.);
#1569=ORIENTED_EDGE('',*,*,#1201,.F.);
#1570=ORIENTED_EDGE('',*,*,#1202,.F.);
#1571=ORIENTED_EDGE('',*,*,#1203,.F.);
#1572=ORIENTED_EDGE('',*,*,#1204,.F.);
#1573=ORIENTED_EDGE('',*,*,#1205,.F.);
#1574=ORIENTED_EDGE('',*,*,#1206,.F.);
#1575=ORIENTED_EDGE('',*,*,#1207,.F.);
#1576=ORIENTED_EDGE('',*,*,#1208,.F.);
#1577=ORIENTED_EDGE('',*,*,#1209,.F.);
#1578=ORIENTED_EDGE('',*,*,#1210,.F.);
#1579=ORIENTED_EDGE('',*,*,#1211,.F.);
#1580=ORIENTED_EDGE('',*,*,#1212,.F.);
#1581=ORIENTED_EDGE('',*,*,#1213,.F.);
#1582=ORIENTED_EDGE('',*,*,#1214,.F.);
#1583=ORIENTED_EDGE('',*,*,#1215,.F.);
#1584=ORIENTED_EDGE('',*,*,#1216,.F.);
#1585=ORIENTED_EDGE('',*,*,#1217,.F.);
#1586=ORIENTED_EDGE('',*,*,#1218,.F.);
#1587=ORIENTED_EDGE('',*,*,#1219,.F.);
#1588=ORIENTED_EDGE('',*,*,#1220,.F.);
#1589=ORIENTED_EDGE('',*,*,#1221,.F.);
#1590=ORIENTED_EDGE('',*,*,#1222,.F.);
#1591=ORIENTED_EDGE('',*,*,#1223,.F.);
#1592=ORIENTED_EDGE('',*,*,#1224,.F.);
#1593=ORIENTED_EDGE('',*,*,#1225,.F.);
#1594=ORIENTED_EDGE('',*,*,#1226,.F.);
#1595=ORIENTED_EDGE('',*,*,#1227,.F.);
#1596=ORIENTED_EDGE('',*,*,#1228,.F.);
#1597=ORIENTED_EDGE('',*,*,#1229,.F.);
#1598=ORIENTED_EDGE('',*,*,#1230,.F.);
#1599=ORIENTED_EDGE('',*,*,#1231,.F.);
#1600=ORIENTED_EDGE('',*,*,#1225,.T.);
#1601=ORIENTED_EDGE('',*,*,#1232,.T.);
#1602=ORIENTED_EDGE('',*,*,#1233,.F.);
#1603=ORIENTED_EDGE('',*,*,#1118,.F.);
#1604=ORIENTED_EDGE('',*,*,#1234,.F.);
#1605=ORIENTED_EDGE('',*,*,#1224,.T.);
#1606=ORIENTED_EDGE('',*,*,#1235,.T.);
#1607=ORIENTED_EDGE('',*,*,#1236,.F.);
#1608=ORIENTED_EDGE('',*,*,#1232,.F.);
#1609=ORIENTED_EDGE('',*,*,#1223,.T.);
#1610=ORIENTED_EDGE('',*,*,#1237,.T.);
#1611=ORIENTED_EDGE('',*,*,#1104,.F.);
#1612=ORIENTED_EDGE('',*,*,#1238,.F.);
#1613=ORIENTED_EDGE('',*,*,#1235,.F.);
#1614=ORIENTED_EDGE('',*,*,#1226,.T.);
#1615=ORIENTED_EDGE('',*,*,#1234,.T.);
#1616=ORIENTED_EDGE('',*,*,#1117,.F.);
#1617=ORIENTED_EDGE('',*,*,#1239,.F.);
#1618=ORIENTED_EDGE('',*,*,#1222,.T.);
#1619=ORIENTED_EDGE('',*,*,#1240,.T.);
#1620=ORIENTED_EDGE('',*,*,#1105,.F.);
#1621=ORIENTED_EDGE('',*,*,#1237,.F.);
#1622=ORIENTED_EDGE('',*,*,#1227,.T.);
#1623=ORIENTED_EDGE('',*,*,#1239,.T.);
#1624=ORIENTED_EDGE('',*,*,#1116,.F.);
#1625=ORIENTED_EDGE('',*,*,#1241,.F.);
#1626=ORIENTED_EDGE('',*,*,#1221,.T.);
#1627=ORIENTED_EDGE('',*,*,#1242,.T.);
#1628=ORIENTED_EDGE('',*,*,#1106,.F.);
#1629=ORIENTED_EDGE('',*,*,#1240,.F.);
#1630=ORIENTED_EDGE('',*,*,#1228,.T.);
#1631=ORIENTED_EDGE('',*,*,#1241,.T.);
#1632=ORIENTED_EDGE('',*,*,#1115,.F.);
#1633=ORIENTED_EDGE('',*,*,#1243,.F.);
#1634=ORIENTED_EDGE('',*,*,#1220,.T.);
#1635=ORIENTED_EDGE('',*,*,#1244,.T.);
#1636=ORIENTED_EDGE('',*,*,#1107,.F.);
#1637=ORIENTED_EDGE('',*,*,#1242,.F.);
#1638=ORIENTED_EDGE('',*,*,#1229,.T.);
#1639=ORIENTED_EDGE('',*,*,#1243,.T.);
#1640=ORIENTED_EDGE('',*,*,#1114,.F.);
#1641=ORIENTED_EDGE('',*,*,#1245,.F.);
#1642=ORIENTED_EDGE('',*,*,#1219,.T.);
#1643=ORIENTED_EDGE('',*,*,#1246,.T.);
#1644=ORIENTED_EDGE('',*,*,#1108,.F.);
#1645=ORIENTED_EDGE('',*,*,#1244,.F.);
#1646=ORIENTED_EDGE('',*,*,#1230,.T.);
#1647=ORIENTED_EDGE('',*,*,#1245,.T.);
#1648=ORIENTED_EDGE('',*,*,#1113,.F.);
#1649=ORIENTED_EDGE('',*,*,#1247,.F.);
#1650=ORIENTED_EDGE('',*,*,#1218,.T.);
#1651=ORIENTED_EDGE('',*,*,#1248,.T.);
#1652=ORIENTED_EDGE('',*,*,#1109,.F.);
#1653=ORIENTED_EDGE('',*,*,#1246,.F.);
#1654=ORIENTED_EDGE('',*,*,#1231,.T.);
#1655=ORIENTED_EDGE('',*,*,#1247,.T.);
#1656=ORIENTED_EDGE('',*,*,#1112,.T.);
#1657=ORIENTED_EDGE('',*,*,#1249,.T.);
#1658=ORIENTED_EDGE('',*,*,#1217,.T.);
#1659=ORIENTED_EDGE('',*,*,#1250,.T.);
#1660=ORIENTED_EDGE('',*,*,#1110,.F.);
#1661=ORIENTED_EDGE('',*,*,#1248,.F.);
#1662=ORIENTED_EDGE('',*,*,#1216,.T.);
#1663=ORIENTED_EDGE('',*,*,#1249,.F.);
#1664=ORIENTED_EDGE('',*,*,#1111,.T.);
#1665=ORIENTED_EDGE('',*,*,#1250,.F.);
#1666=ORIENTED_EDGE('',*,*,#1214,.T.);
#1667=ORIENTED_EDGE('',*,*,#1251,.T.);
#1668=ORIENTED_EDGE('',*,*,#1252,.F.);
#1669=ORIENTED_EDGE('',*,*,#1253,.F.);
#1670=ORIENTED_EDGE('',*,*,#1215,.T.);
#1671=ORIENTED_EDGE('',*,*,#1253,.T.);
#1672=ORIENTED_EDGE('',*,*,#1254,.F.);
#1673=ORIENTED_EDGE('',*,*,#1255,.T.);
#1674=ORIENTED_EDGE('',*,*,#1213,.T.);
#1675=ORIENTED_EDGE('',*,*,#1256,.T.);
#1676=ORIENTED_EDGE('',*,*,#1257,.F.);
#1677=ORIENTED_EDGE('',*,*,#1251,.F.);
#1678=ORIENTED_EDGE('',*,*,#1212,.T.);
#1679=ORIENTED_EDGE('',*,*,#1255,.F.);
#1680=ORIENTED_EDGE('',*,*,#1258,.F.);
#1681=ORIENTED_EDGE('',*,*,#1256,.F.);
#1682=ORIENTED_EDGE('',*,*,#1211,.T.);
#1683=ORIENTED_EDGE('',*,*,#1259,.F.);
#1684=ORIENTED_EDGE('',*,*,#1260,.F.);
#1685=ORIENTED_EDGE('',*,*,#1261,.T.);
#1686=ORIENTED_EDGE('',*,*,#1210,.T.);
#1687=ORIENTED_EDGE('',*,*,#1262,.T.);
#1688=ORIENTED_EDGE('',*,*,#1263,.F.);
#1689=ORIENTED_EDGE('',*,*,#1259,.T.);
#1690=ORIENTED_EDGE('',*,*,#1209,.T.);
#1691=ORIENTED_EDGE('',*,*,#1261,.F.);
#1692=ORIENTED_EDGE('',*,*,#1264,.F.);
#1693=ORIENTED_EDGE('',*,*,#1262,.F.);
#1694=ORIENTED_EDGE('',*,*,#1207,.T.);
#1695=ORIENTED_EDGE('',*,*,#1265,.T.);
#1696=ORIENTED_EDGE('',*,*,#1266,.F.);
#1697=ORIENTED_EDGE('',*,*,#1267,.F.);
#1698=ORIENTED_EDGE('',*,*,#1208,.T.);
#1699=ORIENTED_EDGE('',*,*,#1267,.T.);
#1700=ORIENTED_EDGE('',*,*,#1268,.F.);
#1701=ORIENTED_EDGE('',*,*,#1269,.T.);
#1702=ORIENTED_EDGE('',*,*,#1206,.T.);
#1703=ORIENTED_EDGE('',*,*,#1269,.F.);
#1704=ORIENTED_EDGE('',*,*,#1270,.F.);
#1705=ORIENTED_EDGE('',*,*,#1265,.F.);
#1706=ORIENTED_EDGE('',*,*,#1205,.T.);
#1707=ORIENTED_EDGE('',*,*,#1271,.T.);
#1708=ORIENTED_EDGE('',*,*,#1121,.F.);
#1709=ORIENTED_EDGE('',*,*,#1272,.T.);
#1710=ORIENTED_EDGE('',*,*,#1204,.T.);
#1711=ORIENTED_EDGE('',*,*,#1272,.F.);
#1712=ORIENTED_EDGE('',*,*,#1122,.T.);
#1713=ORIENTED_EDGE('',*,*,#1271,.F.);
#1714=ORIENTED_EDGE('',*,*,#1203,.T.);
#1715=ORIENTED_EDGE('',*,*,#1273,.T.);
#1716=ORIENTED_EDGE('',*,*,#1274,.F.);
#1717=ORIENTED_EDGE('',*,*,#1275,.T.);
#1718=ORIENTED_EDGE('',*,*,#1202,.T.);
#1719=ORIENTED_EDGE('',*,*,#1275,.F.);
#1720=ORIENTED_EDGE('',*,*,#1276,.F.);
#1721=ORIENTED_EDGE('',*,*,#1273,.F.);
#1722=ORIENTED_EDGE('',*,*,#1201,.T.);
#1723=ORIENTED_EDGE('',*,*,#1277,.T.);
#1724=ORIENTED_EDGE('',*,*,#1278,.F.);
#1725=ORIENTED_EDGE('',*,*,#1279,.T.);
#1726=ORIENTED_EDGE('',*,*,#1200,.T.);
#1727=ORIENTED_EDGE('',*,*,#1279,.F.);
#1728=ORIENTED_EDGE('',*,*,#1280,.F.);
#1729=ORIENTED_EDGE('',*,*,#1277,.F.);
#1730=ORIENTED_EDGE('',*,*,#1199,.T.);
#1731=ORIENTED_EDGE('',*,*,#1281,.T.);
#1732=ORIENTED_EDGE('',*,*,#1119,.F.);
#1733=ORIENTED_EDGE('',*,*,#1282,.T.);
#1734=ORIENTED_EDGE('',*,*,#1198,.T.);
#1735=ORIENTED_EDGE('',*,*,#1282,.F.);
#1736=ORIENTED_EDGE('',*,*,#1120,.T.);
#1737=ORIENTED_EDGE('',*,*,#1281,.F.);
#1738=ORIENTED_EDGE('',*,*,#1190,.T.);
#1739=ORIENTED_EDGE('',*,*,#1153,.T.);
#1740=ORIENTED_EDGE('',*,*,#1283,.F.);
#1741=ORIENTED_EDGE('',*,*,#1284,.F.);
#1742=ORIENTED_EDGE('',*,*,#1182,.F.);
#1743=ORIENTED_EDGE('',*,*,#1149,.T.);
#1744=ORIENTED_EDGE('',*,*,#1285,.F.);
#1745=ORIENTED_EDGE('',*,*,#1286,.F.);
#1746=ORIENTED_EDGE('',*,*,#1287,.T.);
#1747=ORIENTED_EDGE('',*,*,#1278,.T.);
#1748=ORIENTED_EDGE('',*,*,#1280,.T.);
#1749=ORIENTED_EDGE('',*,*,#1274,.T.);
#1750=ORIENTED_EDGE('',*,*,#1276,.T.);
#1751=ORIENTED_EDGE('',*,*,#1266,.T.);
#1752=ORIENTED_EDGE('',*,*,#1270,.T.);
#1753=ORIENTED_EDGE('',*,*,#1268,.T.);
#1754=ORIENTED_EDGE('',*,*,#1260,.T.);
#1755=ORIENTED_EDGE('',*,*,#1263,.T.);
#1756=ORIENTED_EDGE('',*,*,#1264,.T.);
#1757=ORIENTED_EDGE('',*,*,#1252,.T.);
#1758=ORIENTED_EDGE('',*,*,#1257,.T.);
#1759=ORIENTED_EDGE('',*,*,#1258,.T.);
#1760=ORIENTED_EDGE('',*,*,#1254,.T.);
#1761=ORIENTED_EDGE('',*,*,#1183,.T.);
#1762=ORIENTED_EDGE('',*,*,#1284,.T.);
#1763=ORIENTED_EDGE('',*,*,#1288,.F.);
#1764=ORIENTED_EDGE('',*,*,#1289,.F.);
#1765=ORIENTED_EDGE('',*,*,#1151,.F.);
#1766=ORIENTED_EDGE('',*,*,#1290,.T.);
#1767=ORIENTED_EDGE('',*,*,#1291,.T.);
#1768=ORIENTED_EDGE('',*,*,#1292,.F.);
#1769=ORIENTED_EDGE('',*,*,#1233,.T.);
#1770=ORIENTED_EDGE('',*,*,#1236,.T.);
#1771=ORIENTED_EDGE('',*,*,#1238,.T.);
#1772=ORIENTED_EDGE('',*,*,#1293,.F.);
#1773=ORIENTED_EDGE('',*,*,#1294,.F.);
#1774=ORIENTED_EDGE('',*,*,#1291,.F.);
#1775=ORIENTED_EDGE('',*,*,#1295,.F.);
#1776=ORIENTED_EDGE('',*,*,#1099,.T.);
#1777=ORIENTED_EDGE('',*,*,#1293,.T.);
#1778=ORIENTED_EDGE('',*,*,#1103,.T.);
#1779=ORIENTED_EDGE('',*,*,#1289,.T.);
#1780=ORIENTED_EDGE('',*,*,#1295,.T.);
#1781=ORIENTED_EDGE('',*,*,#1290,.F.);
#1782=ORIENTED_EDGE('',*,*,#1150,.F.);
#1783=ORIENTED_EDGE('',*,*,#1287,.F.);
#1784=ORIENTED_EDGE('',*,*,#1296,.T.);
#1785=ORIENTED_EDGE('',*,*,#1126,.T.);
#1786=ORIENTED_EDGE('',*,*,#1188,.T.);
#1787=ORIENTED_EDGE('',*,*,#1172,.T.);
#1788=ORIENTED_EDGE('',*,*,#1178,.T.);
#1789=ORIENTED_EDGE('',*,*,#1180,.F.);
#1790=ORIENTED_EDGE('',*,*,#1100,.F.);
#1791=ORIENTED_EDGE('',*,*,#1147,.T.);
#1792=ORIENTED_EDGE('',*,*,#1297,.F.);
#1793=ORIENTED_EDGE('',*,*,#1123,.F.);
#1794=ORIENTED_EDGE('',*,*,#1296,.F.);
#1795=ORIENTED_EDGE('',*,*,#1286,.T.);
#1796=ORIENTED_EDGE('',*,*,#1298,.F.);
#1797=ORIENTED_EDGE('',*,*,#1299,.F.);
#1798=ORIENTED_EDGE('',*,*,#1300,.F.);
#1799=ORIENTED_EDGE('',*,*,#1301,.F.);
#1800=ORIENTED_EDGE('',*,*,#1302,.F.);
#1801=ORIENTED_EDGE('',*,*,#1303,.F.);
#1802=ORIENTED_EDGE('',*,*,#1304,.F.);
#1803=ORIENTED_EDGE('',*,*,#1305,.F.);
#1804=ORIENTED_EDGE('',*,*,#1306,.F.);
#1805=ORIENTED_EDGE('',*,*,#1307,.F.);
#1806=ORIENTED_EDGE('',*,*,#1308,.F.);
#1807=ORIENTED_EDGE('',*,*,#1309,.F.);
#1808=ORIENTED_EDGE('',*,*,#1304,.T.);
#1809=ORIENTED_EDGE('',*,*,#1310,.F.);
#1810=ORIENTED_EDGE('',*,*,#1311,.T.);
#1811=ORIENTED_EDGE('',*,*,#1312,.F.);
#1812=ORIENTED_EDGE('',*,*,#1313,.T.);
#1813=ORIENTED_EDGE('',*,*,#1314,.T.);
#1814=ORIENTED_EDGE('',*,*,#1315,.T.);
#1815=ORIENTED_EDGE('',*,*,#1316,.F.);
#1816=ORIENTED_EDGE('',*,*,#1302,.T.);
#1817=ORIENTED_EDGE('',*,*,#1317,.T.);
#1818=ORIENTED_EDGE('',*,*,#1318,.T.);
#1819=ORIENTED_EDGE('',*,*,#1319,.T.);
#1820=ORIENTED_EDGE('',*,*,#1320,.T.);
#1821=ORIENTED_EDGE('',*,*,#1301,.T.);
#1822=ORIENTED_EDGE('',*,*,#1321,.F.);
#1823=ORIENTED_EDGE('',*,*,#1317,.F.);
#1824=ORIENTED_EDGE('',*,*,#1298,.T.);
#1825=ORIENTED_EDGE('',*,*,#1320,.F.);
#1826=ORIENTED_EDGE('',*,*,#1322,.T.);
#1827=ORIENTED_EDGE('',*,*,#1323,.F.);
#1828=ORIENTED_EDGE('',*,*,#1324,.T.);
#1829=ORIENTED_EDGE('',*,*,#1325,.T.);
#1830=ORIENTED_EDGE('',*,*,#1326,.T.);
#1831=ORIENTED_EDGE('',*,*,#1327,.T.);
#1832=ORIENTED_EDGE('',*,*,#1328,.T.);
#1833=ORIENTED_EDGE('',*,*,#1329,.T.);
#1834=ORIENTED_EDGE('',*,*,#1330,.T.);
#1835=ORIENTED_EDGE('',*,*,#1305,.T.);
#1836=ORIENTED_EDGE('',*,*,#1316,.T.);
#1837=ORIENTED_EDGE('',*,*,#1331,.T.);
#1838=ORIENTED_EDGE('',*,*,#1332,.T.);
#1839=ORIENTED_EDGE('',*,*,#1333,.F.);
#1840=ORIENTED_EDGE('',*,*,#1303,.T.);
#1841=ORIENTED_EDGE('',*,*,#1334,.T.);
#1842=ORIENTED_EDGE('',*,*,#1335,.T.);
#1843=ORIENTED_EDGE('',*,*,#1336,.T.);
#1844=ORIENTED_EDGE('',*,*,#1337,.T.);
#1845=ORIENTED_EDGE('',*,*,#1338,.T.);
#1846=ORIENTED_EDGE('',*,*,#1339,.T.);
#1847=ORIENTED_EDGE('',*,*,#1310,.T.);
#1848=ORIENTED_EDGE('',*,*,#1340,.T.);
#1849=ORIENTED_EDGE('',*,*,#1309,.T.);
#1850=ORIENTED_EDGE('',*,*,#1341,.F.);
#1851=ORIENTED_EDGE('',*,*,#1342,.F.);
#1852=ORIENTED_EDGE('',*,*,#1334,.F.);
#1853=ORIENTED_EDGE('',*,*,#1343,.T.);
#1854=ORIENTED_EDGE('',*,*,#1327,.F.);
#1855=ORIENTED_EDGE('',*,*,#1344,.F.);
#1856=ORIENTED_EDGE('',*,*,#1337,.F.);
#1857=ORIENTED_EDGE('',*,*,#1336,.F.);
#1858=ORIENTED_EDGE('',*,*,#1345,.F.);
#1859=ORIENTED_EDGE('',*,*,#1155,.F.);
#1860=ORIENTED_EDGE('',*,*,#1346,.F.);
#1861=ORIENTED_EDGE('',*,*,#1347,.F.);
#1862=ORIENTED_EDGE('',*,*,#1348,.F.);
#1863=ORIENTED_EDGE('',*,*,#1328,.F.);
#1864=ORIENTED_EDGE('',*,*,#1343,.F.);
#1865=ORIENTED_EDGE('',*,*,#1349,.T.);
#1866=ORIENTED_EDGE('',*,*,#1347,.T.);
#1867=ORIENTED_EDGE('',*,*,#1350,.T.);
#1868=ORIENTED_EDGE('',*,*,#1351,.T.);
#1869=ORIENTED_EDGE('',*,*,#1352,.F.);
#1870=ORIENTED_EDGE('',*,*,#1353,.T.);
#1871=ORIENTED_EDGE('',*,*,#1318,.F.);
#1872=ORIENTED_EDGE('',*,*,#1321,.T.);
#1873=ORIENTED_EDGE('',*,*,#1300,.T.);
#1874=ORIENTED_EDGE('',*,*,#1354,.T.);
#1875=ORIENTED_EDGE('',*,*,#1349,.F.);
#1876=ORIENTED_EDGE('',*,*,#1355,.F.);
#1877=ORIENTED_EDGE('',*,*,#1329,.F.);
#1878=ORIENTED_EDGE('',*,*,#1348,.T.);
#1879=ORIENTED_EDGE('',*,*,#1299,.T.);
#1880=ORIENTED_EDGE('',*,*,#1330,.F.);
#1881=ORIENTED_EDGE('',*,*,#1355,.T.);
#1882=ORIENTED_EDGE('',*,*,#1354,.F.);
#1883=ORIENTED_EDGE('',*,*,#1335,.F.);
#1884=ORIENTED_EDGE('',*,*,#1342,.T.);
#1885=ORIENTED_EDGE('',*,*,#1356,.F.);
#1886=ORIENTED_EDGE('',*,*,#1152,.F.);
#1887=ORIENTED_EDGE('',*,*,#1345,.T.);
#1888=ORIENTED_EDGE('',*,*,#1357,.F.);
#1889=ORIENTED_EDGE('',*,*,#1340,.F.);
#1890=ORIENTED_EDGE('',*,*,#1358,.T.);
#1891=ORIENTED_EDGE('',*,*,#1357,.T.);
#1892=ORIENTED_EDGE('',*,*,#1358,.F.);
#1893=ORIENTED_EDGE('',*,*,#1359,.F.);
#1894=ORIENTED_EDGE('',*,*,#1360,.T.);
#1895=ORIENTED_EDGE('',*,*,#1361,.T.);
#1896=ORIENTED_EDGE('',*,*,#1312,.T.);
#1897=ORIENTED_EDGE('',*,*,#1362,.T.);
#1898=ORIENTED_EDGE('',*,*,#1363,.T.);
#1899=ORIENTED_EDGE('',*,*,#1364,.T.);
#1900=ORIENTED_EDGE('',*,*,#1365,.T.);
#1901=ORIENTED_EDGE('',*,*,#1366,.F.);
#1902=ORIENTED_EDGE('',*,*,#1367,.T.);
#1903=ORIENTED_EDGE('',*,*,#1339,.F.);
#1904=ORIENTED_EDGE('',*,*,#1368,.T.);
#1905=ORIENTED_EDGE('',*,*,#1362,.F.);
#1906=ORIENTED_EDGE('',*,*,#1311,.F.);
#1907=ORIENTED_EDGE('',*,*,#1369,.T.);
#1908=ORIENTED_EDGE('',*,*,#1363,.F.);
#1909=ORIENTED_EDGE('',*,*,#1368,.F.);
#1910=ORIENTED_EDGE('',*,*,#1338,.F.);
#1911=ORIENTED_EDGE('',*,*,#1344,.T.);
#1912=ORIENTED_EDGE('',*,*,#1326,.F.);
#1913=ORIENTED_EDGE('',*,*,#1370,.T.);
#1914=ORIENTED_EDGE('',*,*,#1371,.T.);
#1915=ORIENTED_EDGE('',*,*,#1371,.F.);
#1916=ORIENTED_EDGE('',*,*,#1372,.F.);
#1917=ORIENTED_EDGE('',*,*,#1373,.F.);
#1918=ORIENTED_EDGE('',*,*,#1374,.F.);
#1919=ORIENTED_EDGE('',*,*,#1375,.T.);
#1920=ORIENTED_EDGE('',*,*,#1370,.F.);
#1921=ORIENTED_EDGE('',*,*,#1325,.F.);
#1922=ORIENTED_EDGE('',*,*,#1376,.F.);
#1923=ORIENTED_EDGE('',*,*,#1372,.T.);
#1924=ORIENTED_EDGE('',*,*,#1369,.F.);
#1925=ORIENTED_EDGE('',*,*,#1374,.T.);
#1926=ORIENTED_EDGE('',*,*,#1377,.F.);
#1927=ORIENTED_EDGE('',*,*,#1364,.F.);
#1928=ORIENTED_EDGE('',*,*,#1315,.F.);
#1929=ORIENTED_EDGE('',*,*,#1378,.T.);
#1930=ORIENTED_EDGE('',*,*,#1379,.F.);
#1931=ORIENTED_EDGE('',*,*,#1331,.F.);
#1932=ORIENTED_EDGE('',*,*,#1314,.F.);
#1933=ORIENTED_EDGE('',*,*,#1380,.F.);
#1934=ORIENTED_EDGE('',*,*,#1381,.F.);
#1935=ORIENTED_EDGE('',*,*,#1378,.F.);
#1936=ORIENTED_EDGE('',*,*,#1382,.T.);
#1937=ORIENTED_EDGE('',*,*,#1313,.F.);
#1938=ORIENTED_EDGE('',*,*,#1361,.F.);
#1939=ORIENTED_EDGE('',*,*,#1383,.F.);
#1940=ORIENTED_EDGE('',*,*,#1380,.T.);
#1941=ORIENTED_EDGE('',*,*,#1384,.F.);
#1942=ORIENTED_EDGE('',*,*,#1382,.F.);
#1943=ORIENTED_EDGE('',*,*,#1385,.T.);
#1944=ORIENTED_EDGE('',*,*,#1384,.T.);
#1945=ORIENTED_EDGE('',*,*,#1385,.F.);
#1946=ORIENTED_EDGE('',*,*,#1386,.F.);
#1947=ORIENTED_EDGE('',*,*,#1375,.F.);
#1948=ORIENTED_EDGE('',*,*,#1387,.T.);
#1949=ORIENTED_EDGE('',*,*,#1386,.T.);
#1950=ORIENTED_EDGE('',*,*,#1387,.F.);
#1951=ORIENTED_EDGE('',*,*,#1148,.T.);
#1952=ORIENTED_EDGE('',*,*,#1292,.T.);
#1953=ORIENTED_EDGE('',*,*,#1294,.T.);
#1954=ORIENTED_EDGE('',*,*,#1288,.T.);
#1955=ORIENTED_EDGE('',*,*,#1283,.T.);
#1956=ORIENTED_EDGE('',*,*,#1356,.T.);
#1957=ORIENTED_EDGE('',*,*,#1341,.T.);
#1958=ORIENTED_EDGE('',*,*,#1308,.T.);
#1959=ORIENTED_EDGE('',*,*,#1388,.F.);
#1960=ORIENTED_EDGE('',*,*,#1389,.F.);
#1961=ORIENTED_EDGE('',*,*,#1390,.F.);
#1962=ORIENTED_EDGE('',*,*,#1350,.F.);
#1963=ORIENTED_EDGE('',*,*,#1346,.T.);
#1964=ORIENTED_EDGE('',*,*,#1189,.T.);
#1965=ORIENTED_EDGE('',*,*,#1124,.T.);
#1966=ORIENTED_EDGE('',*,*,#1297,.T.);
#1967=ORIENTED_EDGE('',*,*,#1285,.T.);
#1968=ORIENTED_EDGE('',*,*,#1391,.F.);
#1969=ORIENTED_EDGE('',*,*,#1332,.F.);
#1970=ORIENTED_EDGE('',*,*,#1379,.T.);
#1971=ORIENTED_EDGE('',*,*,#1381,.T.);
#1972=ORIENTED_EDGE('',*,*,#1383,.T.);
#1973=ORIENTED_EDGE('',*,*,#1360,.F.);
#1974=ORIENTED_EDGE('',*,*,#1392,.F.);
#1975=ORIENTED_EDGE('',*,*,#1393,.F.);
#1976=ORIENTED_EDGE('',*,*,#1366,.T.);
#1977=ORIENTED_EDGE('',*,*,#1394,.T.);
#1978=ORIENTED_EDGE('',*,*,#1395,.T.);
#1979=ORIENTED_EDGE('',*,*,#1396,.T.);
#1980=ORIENTED_EDGE('',*,*,#1397,.T.);
#1981=ORIENTED_EDGE('',*,*,#1398,.F.);
#1982=ORIENTED_EDGE('',*,*,#1367,.F.);
#1983=ORIENTED_EDGE('',*,*,#1397,.F.);
#1984=ORIENTED_EDGE('',*,*,#1399,.F.);
#1985=ORIENTED_EDGE('',*,*,#1400,.F.);
#1986=ORIENTED_EDGE('',*,*,#1399,.T.);
#1987=ORIENTED_EDGE('',*,*,#1396,.F.);
#1988=ORIENTED_EDGE('',*,*,#1401,.F.);
#1989=ORIENTED_EDGE('',*,*,#1389,.T.);
#1990=ORIENTED_EDGE('',*,*,#1402,.F.);
#1991=ORIENTED_EDGE('',*,*,#1359,.T.);
#1992=ORIENTED_EDGE('',*,*,#1398,.T.);
#1993=ORIENTED_EDGE('',*,*,#1400,.T.);
#1994=ORIENTED_EDGE('',*,*,#1403,.T.);
#1995=ORIENTED_EDGE('',*,*,#1392,.T.);
#1996=ORIENTED_EDGE('',*,*,#1404,.F.);
#1997=ORIENTED_EDGE('',*,*,#1351,.F.);
#1998=ORIENTED_EDGE('',*,*,#1390,.T.);
#1999=ORIENTED_EDGE('',*,*,#1401,.T.);
#2000=ORIENTED_EDGE('',*,*,#1395,.F.);
#2001=ORIENTED_EDGE('',*,*,#1405,.T.);
#2002=ORIENTED_EDGE('',*,*,#1406,.F.);
#2003=ORIENTED_EDGE('',*,*,#1405,.F.);
#2004=ORIENTED_EDGE('',*,*,#1394,.F.);
#2005=ORIENTED_EDGE('',*,*,#1365,.F.);
#2006=ORIENTED_EDGE('',*,*,#1377,.T.);
#2007=ORIENTED_EDGE('',*,*,#1373,.T.);
#2008=ORIENTED_EDGE('',*,*,#1376,.T.);
#2009=ORIENTED_EDGE('',*,*,#1324,.F.);
#2010=ORIENTED_EDGE('',*,*,#1323,.T.);
#2011=ORIENTED_EDGE('',*,*,#1407,.T.);
#2012=ORIENTED_EDGE('',*,*,#1352,.T.);
#2013=ORIENTED_EDGE('',*,*,#1404,.T.);
#2014=ORIENTED_EDGE('',*,*,#1406,.T.);
#2015=ORIENTED_EDGE('',*,*,#1307,.T.);
#2016=ORIENTED_EDGE('',*,*,#1408,.F.);
#2017=ORIENTED_EDGE('',*,*,#1393,.T.);
#2018=ORIENTED_EDGE('',*,*,#1403,.F.);
#2019=ORIENTED_EDGE('',*,*,#1402,.T.);
#2020=ORIENTED_EDGE('',*,*,#1388,.T.);
#2021=ORIENTED_EDGE('',*,*,#1319,.F.);
#2022=ORIENTED_EDGE('',*,*,#1353,.F.);
#2023=ORIENTED_EDGE('',*,*,#1407,.F.);
#2024=ORIENTED_EDGE('',*,*,#1322,.F.);
#2025=ORIENTED_EDGE('',*,*,#1306,.T.);
#2026=ORIENTED_EDGE('',*,*,#1333,.T.);
#2027=ORIENTED_EDGE('',*,*,#1391,.T.);
#2028=ORIENTED_EDGE('',*,*,#1408,.T.);
#2029=PLANE('',#2250);
#2030=PLANE('',#2255);
#2031=PLANE('',#2271);
#2032=PLANE('',#2273);
#2033=PLANE('',#2282);
#2034=PLANE('',#2286);
#2035=PLANE('',#2290);
#2036=PLANE('',#2294);
#2037=PLANE('',#2295);
#2038=PLANE('',#2296);
#2039=PLANE('',#2297);
#2040=PLANE('',#2298);
#2041=PLANE('',#2299);
#2042=PLANE('',#2300);
#2043=PLANE('',#2301);
#2044=PLANE('',#2302);
#2045=PLANE('',#2303);
#2046=PLANE('',#2304);
#2047=PLANE('',#2305);
#2048=PLANE('',#2316);
#2049=PLANE('',#2317);
#2050=PLANE('',#2318);
#2051=PLANE('',#2319);
#2052=PLANE('',#2320);
#2053=PLANE('',#2321);
#2054=PLANE('',#2322);
#2055=PLANE('',#2323);
#2056=PLANE('',#2324);
#2057=PLANE('',#2325);
#2058=PLANE('',#2326);
#2059=PLANE('',#2329);
#2060=PLANE('',#2330);
#2061=PLANE('',#2331);
#2062=PLANE('',#2332);
#2063=PLANE('',#2337);
#2064=PLANE('',#2338);
#2065=PLANE('',#2341);
#2066=PLANE('',#2342);
#2067=PLANE('',#2345);
#2068=PLANE('',#2347);
#2069=PLANE('',#2350);
#2070=PLANE('',#2353);
#2071=PLANE('',#2355);
#2072=PLANE('',#2356);
#2073=PLANE('',#2357);
#2074=PLANE('',#2358);
#2075=PLANE('',#2359);
#2076=PLANE('',#2360);
#2077=PLANE('',#2361);
#2078=PLANE('',#2362);
#2079=PLANE('',#2363);
#2080=PLANE('',#2364);
#2081=PLANE('',#2365);
#2082=PLANE('',#2369);
#2083=PLANE('',#2373);
#2084=PLANE('',#2374);
#2085=PLANE('',#2375);
#2086=PLANE('',#2380);
#2087=PLANE('',#2381);
#2088=PLANE('',#2383);
#2089=PLANE('',#2385);
#2090=PLANE('',#2387);
#2091=PLANE('',#2388);
#2092=PLANE('',#2389);
#2093=PLANE('',#2390);
#2094=PLANE('',#2392);
#2095=PLANE('',#2393);
#2096=PLANE('',#2394);
#2097=PLANE('',#2395);
#2098=PLANE('',#2398);
#2099=PLANE('',#2401);
#2100=PLANE('',#2402);
#2101=PLANE('',#2403);
#2102=PLANE('',#2405);
#2103=PLANE('',#2406);
#2104=PLANE('',#2407);
#2105=PLANE('',#2408);
#2106=PLANE('',#2410);
#2107=PLANE('',#2411);
#2108=PLANE('',#2414);
#2109=PLANE('',#2417);
#2110=PLANE('',#2418);
#2111=PLANE('',#2422);
#2112=PLANE('',#2423);
#2113=PLANE('',#2427);
#2114=PLANE('',#2429);
#2115=PLANE('',#2431);
#2116=PLANE('',#2433);
#2117=ADVANCED_FACE('',(#83,#55,#56),#2029,.T.);
#2118=ADVANCED_FACE('',(#84),#2030,.T.);
#2119=ADVANCED_FACE('',(#85),#24,.F.);
#2120=ADVANCED_FACE('',(#86),#25,.F.);
#2121=ADVANCED_FACE('',(#87),#26,.F.);
#2122=ADVANCED_FACE('',(#88),#27,.F.);
#2123=ADVANCED_FACE('',(#89),#28,.F.);
#2124=ADVANCED_FACE('',(#90,#57,#58,#59,#60,#61),#2031,.T.);
#2125=ADVANCED_FACE('',(#91,#62,#63,#64,#65,#66,#67),#2032,.F.);
#2126=ADVANCED_FACE('',(#92),#29,.T.);
#2127=ADVANCED_FACE('',(#93),#30,.T.);
#2128=ADVANCED_FACE('',(#94),#31,.T.);
#2129=ADVANCED_FACE('',(#95),#2033,.F.);
#2130=ADVANCED_FACE('',(#96),#32,.F.);
#2131=ADVANCED_FACE('',(#97),#2034,.T.);
#2132=ADVANCED_FACE('',(#98),#33,.F.);
#2133=ADVANCED_FACE('',(#99),#2035,.T.);
#2134=ADVANCED_FACE('',(#100),#34,.F.);
#2135=ADVANCED_FACE('',(#101),#2036,.T.);
#2136=ADVANCED_FACE('',(#102),#2037,.F.);
#2137=ADVANCED_FACE('',(#103),#2038,.F.);
#2138=ADVANCED_FACE('',(#104),#2039,.F.);
#2139=ADVANCED_FACE('',(#105),#2040,.T.);
#2140=ADVANCED_FACE('',(#106),#2041,.T.);
#2141=ADVANCED_FACE('',(#107),#2042,.F.);
#2142=ADVANCED_FACE('',(#108,#68,#69,#70),#2043,.F.);
#2143=ADVANCED_FACE('',(#109),#2044,.F.);
#2144=ADVANCED_FACE('',(#110),#2045,.F.);
#2145=ADVANCED_FACE('',(#111),#2046,.F.);
#2146=ADVANCED_FACE('',(#112,#71,#72,#73,#74,#75,#76,#77,#78),#2047,.F.);
#2147=ADVANCED_FACE('',(#113),#2048,.T.);
#2148=ADVANCED_FACE('',(#114),#2049,.T.);
#2149=ADVANCED_FACE('',(#115),#2050,.T.);
#2150=ADVANCED_FACE('',(#116),#2051,.T.);
#2151=ADVANCED_FACE('',(#117),#2052,.T.);
#2152=ADVANCED_FACE('',(#118),#2053,.T.);
#2153=ADVANCED_FACE('',(#119),#2054,.T.);
#2154=ADVANCED_FACE('',(#120),#2055,.T.);
#2155=ADVANCED_FACE('',(#121),#2056,.T.);
#2156=ADVANCED_FACE('',(#122),#2057,.T.);
#2157=ADVANCED_FACE('',(#123),#2058,.T.);
#2158=ADVANCED_FACE('',(#124),#35,.F.);
#2159=ADVANCED_FACE('',(#125),#36,.F.);
#2160=ADVANCED_FACE('',(#126),#2059,.T.);
#2161=ADVANCED_FACE('',(#127),#2060,.T.);
#2162=ADVANCED_FACE('',(#128),#2061,.T.);
#2163=ADVANCED_FACE('',(#129),#2062,.T.);
#2164=ADVANCED_FACE('',(#130),#37,.T.);
#2165=ADVANCED_FACE('',(#131),#38,.T.);
#2166=ADVANCED_FACE('',(#132),#2063,.F.);
#2167=ADVANCED_FACE('',(#133),#2064,.T.);
#2168=ADVANCED_FACE('',(#134),#39,.T.);
#2169=ADVANCED_FACE('',(#135),#2065,.F.);
#2170=ADVANCED_FACE('',(#136),#2066,.T.);
#2171=ADVANCED_FACE('',(#137),#40,.T.);
#2172=ADVANCED_FACE('',(#138),#2067,.F.);
#2173=ADVANCED_FACE('',(#139),#41,.F.);
#2174=ADVANCED_FACE('',(#140),#2068,.T.);
#2175=ADVANCED_FACE('',(#141),#42,.F.);
#2176=ADVANCED_FACE('',(#142),#2069,.T.);
#2177=ADVANCED_FACE('',(#143),#43,.F.);
#2178=ADVANCED_FACE('',(#144),#2070,.T.);
#2179=ADVANCED_FACE('',(#145),#44,.F.);
#2180=ADVANCED_FACE('',(#146),#2071,.T.);
#2181=ADVANCED_FACE('',(#147),#2072,.F.);
#2182=ADVANCED_FACE('',(#148),#2073,.T.);
#2183=ADVANCED_FACE('',(#149),#2074,.T.);
#2184=ADVANCED_FACE('',(#150),#2075,.T.);
#2185=ADVANCED_FACE('',(#151),#2076,.T.);
#2186=ADVANCED_FACE('',(#152),#2077,.T.);
#2187=ADVANCED_FACE('',(#153),#2078,.T.);
#2188=ADVANCED_FACE('',(#154),#2079,.T.);
#2189=ADVANCED_FACE('',(#155),#2080,.T.);
#2190=ADVANCED_FACE('',(#156),#2081,.T.);
#2191=ADVANCED_FACE('',(#157),#45,.T.);
#2192=ADVANCED_FACE('',(#158,#79),#2082,.T.);
#2193=ADVANCED_FACE('',(#159),#46,.T.);
#2194=ADVANCED_FACE('',(#160),#2083,.F.);
#2195=ADVANCED_FACE('',(#161),#2084,.F.);
#2196=ADVANCED_FACE('',(#162),#2085,.T.);
#2197=ADVANCED_FACE('',(#163),#47,.T.);
#2198=ADVANCED_FACE('',(#164),#2086,.T.);
#2199=ADVANCED_FACE('',(#165),#2087,.T.);
#2200=ADVANCED_FACE('',(#166),#2088,.T.);
#2201=ADVANCED_FACE('',(#167,#80),#2089,.T.);
#2202=ADVANCED_FACE('',(#168),#2090,.F.);
#2203=ADVANCED_FACE('',(#169),#2091,.T.);
#2204=ADVANCED_FACE('',(#170),#2092,.F.);
#2205=ADVANCED_FACE('',(#171),#2093,.T.);
#2206=ADVANCED_FACE('',(#172),#2094,.F.);
#2207=ADVANCED_FACE('',(#173),#2095,.F.);
#2208=ADVANCED_FACE('',(#174),#2096,.F.);
#2209=ADVANCED_FACE('',(#175),#2097,.T.);
#2210=ADVANCED_FACE('',(#176),#48,.F.);
#2211=ADVANCED_FACE('',(#177),#2098,.T.);
#2212=ADVANCED_FACE('',(#178),#2099,.T.);
#2213=ADVANCED_FACE('',(#179),#2100,.T.);
#2214=ADVANCED_FACE('',(#180,#81),#2101,.F.);
#2215=ADVANCED_FACE('',(#181),#2102,.F.);
#2216=ADVANCED_FACE('',(#182),#2103,.F.);
#2217=ADVANCED_FACE('',(#183),#2104,.F.);
#2218=ADVANCED_FACE('',(#184,#82),#2105,.F.);
#2219=ADVANCED_FACE('',(#185),#2106,.F.);
#2220=ADVANCED_FACE('',(#186),#2107,.T.);
#2221=ADVANCED_FACE('',(#187),#49,.F.);
#2222=ADVANCED_FACE('',(#188),#2108,.T.);
#2223=ADVANCED_FACE('',(#189),#50,.F.);
#2224=ADVANCED_FACE('',(#190),#2109,.F.);
#2225=ADVANCED_FACE('',(#191),#2110,.T.);
#2226=ADVANCED_FACE('',(#192),#51,.T.);
#2227=ADVANCED_FACE('',(#193),#2111,.T.);
#2228=ADVANCED_FACE('',(#194),#2112,.T.);
#2229=ADVANCED_FACE('',(#195),#52,.T.);
#2230=ADVANCED_FACE('',(#196),#2113,.T.);
#2231=ADVANCED_FACE('',(#197),#2114,.T.);
#2232=ADVANCED_FACE('',(#198),#53,.T.);
#2233=ADVANCED_FACE('',(#199),#2115,.T.);
#2234=ADVANCED_FACE('',(#200),#2116,.T.);
#2235=ADVANCED_FACE('',(#201),#54,.T.);
#2236=CLOSED_SHELL('',(#2117,#2118,#2119,#2120,#2121,#2122,#2123,#2124,
#2125,#2126,#2127,#2128,#2129,#2130,#2131,#2132,#2133,#2134,#2135,#2136,
#2137,#2138,#2139,#2140,#2141,#2142,#2143,#2144,#2145,#2146,#2147,#2148,
#2149,#2150,#2151,#2152,#2153,#2154,#2155,#2156,#2157,#2158,#2159,#2160,
#2161,#2162,#2163,#2164,#2165,#2166,#2167,#2168,#2169,#2170,#2171,#2172,
#2173,#2174,#2175,#2176,#2177,#2178,#2179,#2180,#2181,#2182,#2183,#2184,
#2185,#2186,#2187,#2188,#2189,#2190,#2191,#2192,#2193,#2194,#2195,#2196,
#2197,#2198,#2199,#2200,#2201,#2202,#2203,#2204,#2205,#2206,#2207,#2208,
#2209,#2210,#2211,#2212,#2213,#2214,#2215,#2216,#2217,#2218,#2219,#2220,
#2221,#2222,#2223,#2224,#2225,#2226,#2227,#2228,#2229,#2230,#2231,#2232,
#2233,#2234,#2235));
#2237=DERIVED_UNIT_ELEMENT(#2239,1.);
#2238=DERIVED_UNIT_ELEMENT(#3691,-3.);
#2239=(
MASS_UNIT()
NAMED_UNIT(*)
SI_UNIT(.KILO.,.GRAM.)
);
#2240=DERIVED_UNIT((#2237,#2238));
#2241=MEASURE_REPRESENTATION_ITEM('density measure',
POSITIVE_RATIO_MEASURE(7850.),#2240);
#2242=PROPERTY_DEFINITION_REPRESENTATION(#2247,#2244);
#2243=PROPERTY_DEFINITION_REPRESENTATION(#2248,#2245);
#2244=REPRESENTATION('material name',(#2246),#3688);
#2245=REPRESENTATION('density',(#2241),#3688);
#2246=DESCRIPTIVE_REPRESENTATION_ITEM('Steel','Steel');
#2247=PROPERTY_DEFINITION('material property','material name',#3698);
#2248=PROPERTY_DEFINITION('material property','density of part',#3698);
#2249=AXIS2_PLACEMENT_3D('',#3051,#2435,#2436);
#2250=AXIS2_PLACEMENT_3D('',#3052,#2437,#2438);
#2251=AXIS2_PLACEMENT_3D('',#3075,#2449,#2450);
#2252=AXIS2_PLACEMENT_3D('',#3083,#2454,#2455);
#2253=AXIS2_PLACEMENT_3D('',#3095,#2461,#2462);
#2254=AXIS2_PLACEMENT_3D('',#3099,#2464,#2465);
#2255=AXIS2_PLACEMENT_3D('',#3101,#2467,#2468);
#2256=AXIS2_PLACEMENT_3D('',#3110,#2473,#2474);
#2257=AXIS2_PLACEMENT_3D('',#3112,#2475,#2476);
#2258=AXIS2_PLACEMENT_3D('',#3115,#2478,#2479);
#2259=AXIS2_PLACEMENT_3D('',#3116,#2480,#2481);
#2260=AXIS2_PLACEMENT_3D('',#3118,#2482,#2483);
#2261=AXIS2_PLACEMENT_3D('',#3121,#2485,#2486);
#2262=AXIS2_PLACEMENT_3D('',#3122,#2487,#2488);
#2263=AXIS2_PLACEMENT_3D('',#3124,#2489,#2490);
#2264=AXIS2_PLACEMENT_3D('',#3127,#2492,#2493);
#2265=AXIS2_PLACEMENT_3D('',#3128,#2494,#2495);
#2266=AXIS2_PLACEMENT_3D('',#3130,#2496,#2497);
#2267=AXIS2_PLACEMENT_3D('',#3133,#2499,#2500);
#2268=AXIS2_PLACEMENT_3D('',#3134,#2501,#2502);
#2269=AXIS2_PLACEMENT_3D('',#3136,#2503,#2504);
#2270=AXIS2_PLACEMENT_3D('',#3139,#2506,#2507);
#2271=AXIS2_PLACEMENT_3D('',#3140,#2508,#2509);
#2272=AXIS2_PLACEMENT_3D('',#3142,#2510,#2511);
#2273=AXIS2_PLACEMENT_3D('',#3143,#2512,#2513);
#2274=AXIS2_PLACEMENT_3D('',#3145,#2514,#2515);
#2275=AXIS2_PLACEMENT_3D('',#3147,#2516,#2517);
#2276=AXIS2_PLACEMENT_3D('',#3148,#2518,#2519);
#2277=AXIS2_PLACEMENT_3D('',#3150,#2521,#2522);
#2278=AXIS2_PLACEMENT_3D('',#3153,#2524,#2525);
#2279=AXIS2_PLACEMENT_3D('',#3154,#2526,#2527);
#2280=AXIS2_PLACEMENT_3D('',#3157,#2528,#2529);
#2281=AXIS2_PLACEMENT_3D('',#3161,#2531,#2532);
#2282=AXIS2_PLACEMENT_3D('',#3163,#2534,#2535);
#2283=AXIS2_PLACEMENT_3D('',#3172,#2540,#2541);
#2284=AXIS2_PLACEMENT_3D('',#3174,#2542,#2543);
#2285=AXIS2_PLACEMENT_3D('',#3177,#2545,#2546);
#2286=AXIS2_PLACEMENT_3D('',#3178,#2547,#2548);
#2287=AXIS2_PLACEMENT_3D('',#3179,#2549,#2550);
#2288=AXIS2_PLACEMENT_3D('',#3181,#2551,#2552);
#2289=AXIS2_PLACEMENT_3D('',#3184,#2554,#2555);
#2290=AXIS2_PLACEMENT_3D('',#3185,#2556,#2557);
#2291=AXIS2_PLACEMENT_3D('',#3186,#2558,#2559);
#2292=AXIS2_PLACEMENT_3D('',#3188,#2560,#2561);
#2293=AXIS2_PLACEMENT_3D('',#3191,#2563,#2564);
#2294=AXIS2_PLACEMENT_3D('',#3192,#2565,#2566);
#2295=AXIS2_PLACEMENT_3D('',#3193,#2567,#2568);
#2296=AXIS2_PLACEMENT_3D('',#3202,#2573,#2574);
#2297=AXIS2_PLACEMENT_3D('',#3211,#2579,#2580);
#2298=AXIS2_PLACEMENT_3D('',#3222,#2587,#2588);
#2299=AXIS2_PLACEMENT_3D('',#3225,#2591,#2592);
#2300=AXIS2_PLACEMENT_3D('',#3231,#2596,#2597);
#2301=AXIS2_PLACEMENT_3D('',#3239,#2602,#2603);
#2302=AXIS2_PLACEMENT_3D('',#3246,#2609,#2610);
#2303=AXIS2_PLACEMENT_3D('',#3250,#2613,#2614);
#2304=AXIS2_PLACEMENT_3D('',#3254,#2617,#2618);
#2305=AXIS2_PLACEMENT_3D('',#3256,#2620,#2621);
#2306=AXIS2_PLACEMENT_3D('',#3260,#2623,#2624);
#2307=AXIS2_PLACEMENT_3D('',#3264,#2626,#2627);
#2308=AXIS2_PLACEMENT_3D('',#3268,#2629,#2630);
#2309=AXIS2_PLACEMENT_3D('',#3272,#2632,#2633);
#2310=AXIS2_PLACEMENT_3D('',#3278,#2636,#2637);
#2311=AXIS2_PLACEMENT_3D('',#3283,#2639,#2640);
#2312=AXIS2_PLACEMENT_3D('',#3289,#2643,#2644);
#2313=AXIS2_PLACEMENT_3D('',#3292,#2646,#2647);
#2314=AXIS2_PLACEMENT_3D('',#3299,#2650,#2651);
#2315=AXIS2_PLACEMENT_3D('',#3323,#2663,#2664);
#2316=AXIS2_PLACEMENT_3D('',#3325,#2666,#2667);
#2317=AXIS2_PLACEMENT_3D('',#3330,#2671,#2672);
#2318=AXIS2_PLACEMENT_3D('',#3334,#2675,#2676);
#2319=AXIS2_PLACEMENT_3D('',#3337,#2679,#2680);
#2320=AXIS2_PLACEMENT_3D('',#3339,#2682,#2683);
#2321=AXIS2_PLACEMENT_3D('',#3341,#2685,#2686);
#2322=AXIS2_PLACEMENT_3D('',#3343,#2688,#2689);
#2323=AXIS2_PLACEMENT_3D('',#3345,#2691,#2692);
#2324=AXIS2_PLACEMENT_3D('',#3347,#2694,#2695);
#2325=AXIS2_PLACEMENT_3D('',#3349,#2697,#2698);
#2326=AXIS2_PLACEMENT_3D('',#3351,#2700,#2701);
#2327=AXIS2_PLACEMENT_3D('',#3353,#2703,#2704);
#2328=AXIS2_PLACEMENT_3D('',#3355,#2706,#2707);
#2329=AXIS2_PLACEMENT_3D('',#3357,#2709,#2710);
#2330=AXIS2_PLACEMENT_3D('',#3359,#2712,#2713);
#2331=AXIS2_PLACEMENT_3D('',#3361,#2715,#2716);
#2332=AXIS2_PLACEMENT_3D('',#3362,#2717,#2718);
#2333=AXIS2_PLACEMENT_3D('',#3368,#2722,#2723);
#2334=AXIS2_PLACEMENT_3D('',#3370,#2724,#2725);
#2335=AXIS2_PLACEMENT_3D('',#3372,#2727,#2728);
#2336=AXIS2_PLACEMENT_3D('',#3375,#2730,#2731);
#2337=AXIS2_PLACEMENT_3D('',#3376,#2732,#2733);
#2338=AXIS2_PLACEMENT_3D('',#3378,#2735,#2736);
#2339=AXIS2_PLACEMENT_3D('',#3384,#2740,#2741);
#2340=AXIS2_PLACEMENT_3D('',#3387,#2743,#2744);
#2341=AXIS2_PLACEMENT_3D('',#3388,#2745,#2746);
#2342=AXIS2_PLACEMENT_3D('',#3390,#2748,#2749);
#2343=AXIS2_PLACEMENT_3D('',#3396,#2753,#2754);
#2344=AXIS2_PLACEMENT_3D('',#3398,#2755,#2756);
#2345=AXIS2_PLACEMENT_3D('',#3400,#2758,#2759);
#2346=AXIS2_PLACEMENT_3D('',#3402,#2761,#2762);
#2347=AXIS2_PLACEMENT_3D('',#3405,#2765,#2766);
#2348=AXIS2_PLACEMENT_3D('',#3406,#2767,#2768);
#2349=AXIS2_PLACEMENT_3D('',#3410,#2770,#2771);
#2350=AXIS2_PLACEMENT_3D('',#3412,#2773,#2774);
#2351=AXIS2_PLACEMENT_3D('',#3414,#2776,#2777);
#2352=AXIS2_PLACEMENT_3D('',#3418,#2779,#2780);
#2353=AXIS2_PLACEMENT_3D('',#3420,#2782,#2783);
#2354=AXIS2_PLACEMENT_3D('',#3422,#2785,#2786);
#2355=AXIS2_PLACEMENT_3D('',#3425,#2789,#2790);
#2356=AXIS2_PLACEMENT_3D('',#3426,#2791,#2792);
#2357=AXIS2_PLACEMENT_3D('',#3430,#2795,#2796);
#2358=AXIS2_PLACEMENT_3D('',#3436,#2800,#2801);
#2359=AXIS2_PLACEMENT_3D('',#3437,#2802,#2803);
#2360=AXIS2_PLACEMENT_3D('',#3438,#2804,#2805);
#2361=AXIS2_PLACEMENT_3D('',#3439,#2806,#2807);
#2362=AXIS2_PLACEMENT_3D('',#3440,#2808,#2809);
#2363=AXIS2_PLACEMENT_3D('',#3441,#2810,#2811);
#2364=AXIS2_PLACEMENT_3D('',#3445,#2814,#2815);
#2365=AXIS2_PLACEMENT_3D('',#3451,#2819,#2820);
#2366=AXIS2_PLACEMENT_3D('',#3453,#2822,#2823);
#2367=AXIS2_PLACEMENT_3D('',#3454,#2824,#2825);
#2368=AXIS2_PLACEMENT_3D('',#3455,#2826,#2827);
#2369=AXIS2_PLACEMENT_3D('',#3456,#2828,#2829);
#2370=AXIS2_PLACEMENT_3D('',#3457,#2830,#2831);
#2371=AXIS2_PLACEMENT_3D('',#3458,#2832,#2833);
#2372=AXIS2_PLACEMENT_3D('',#3459,#2834,#2835);
#2373=AXIS2_PLACEMENT_3D('',#3460,#2836,#2837);
#2374=AXIS2_PLACEMENT_3D('',#3471,#2843,#2844);
#2375=AXIS2_PLACEMENT_3D('',#3486,#2852,#2853);
#2376=AXIS2_PLACEMENT_3D('',#3500,#2861,#2862);
#2377=AXIS2_PLACEMENT_3D('',#3502,#2863,#2864);
#2378=AXIS2_PLACEMENT_3D('',#3504,#2865,#2866);
#2379=AXIS2_PLACEMENT_3D('',#3507,#2868,#2869);
#2380=AXIS2_PLACEMENT_3D('',#3508,#2870,#2871);
#2381=AXIS2_PLACEMENT_3D('',#3510,#2873,#2874);
#2382=AXIS2_PLACEMENT_3D('',#3514,#2876,#2877);
#2383=AXIS2_PLACEMENT_3D('',#3528,#2885,#2886);
#2384=AXIS2_PLACEMENT_3D('',#3533,#2889,#2890);
#2385=AXIS2_PLACEMENT_3D('',#3534,#2891,#2892);
#2386=AXIS2_PLACEMENT_3D('',#3547,#2899,#2900);
#2387=AXIS2_PLACEMENT_3D('',#3548,#2901,#2902);
#2388=AXIS2_PLACEMENT_3D('',#3552,#2905,#2906);
#2389=AXIS2_PLACEMENT_3D('',#3555,#2909,#2910);
#2390=AXIS2_PLACEMENT_3D('',#3562,#2915,#2916);
#2391=AXIS2_PLACEMENT_3D('',#3570,#2920,#2921);
#2392=AXIS2_PLACEMENT_3D('',#3573,#2924,#2925);
#2393=AXIS2_PLACEMENT_3D('',#3575,#2927,#2928);
#2394=AXIS2_PLACEMENT_3D('',#3576,#2929,#2930);
#2395=AXIS2_PLACEMENT_3D('',#3578,#2932,#2933);
#2396=AXIS2_PLACEMENT_3D('',#3580,#2934,#2935);
#2397=AXIS2_PLACEMENT_3D('',#3581,#2936,#2937);
#2398=AXIS2_PLACEMENT_3D('',#3583,#2939,#2940);
#2399=AXIS2_PLACEMENT_3D('',#3586,#2941,#2942);
#2400=AXIS2_PLACEMENT_3D('',#3599,#2949,#2950);
#2401=AXIS2_PLACEMENT_3D('',#3601,#2952,#2953);
#2402=AXIS2_PLACEMENT_3D('',#3603,#2955,#2956);
#2403=AXIS2_PLACEMENT_3D('',#3609,#2960,#2961);
#2404=AXIS2_PLACEMENT_3D('',#3616,#2965,#2966);
#2405=AXIS2_PLACEMENT_3D('',#3617,#2967,#2968);
#2406=AXIS2_PLACEMENT_3D('',#3619,#2970,#2971);
#2407=AXIS2_PLACEMENT_3D('',#3621,#2973,#2974);
#2408=AXIS2_PLACEMENT_3D('',#3625,#2977,#2978);
#2409=AXIS2_PLACEMENT_3D('',#3630,#2981,#2982);
#2410=AXIS2_PLACEMENT_3D('',#3631,#2983,#2984);
#2411=AXIS2_PLACEMENT_3D('',#3633,#2986,#2987);
#2412=AXIS2_PLACEMENT_3D('',#3635,#2988,#2989);
#2413=AXIS2_PLACEMENT_3D('',#3636,#2990,#2991);
#2414=AXIS2_PLACEMENT_3D('',#3638,#2993,#2994);
#2415=AXIS2_PLACEMENT_3D('',#3640,#2995,#2996);
#2416=AXIS2_PLACEMENT_3D('',#3641,#2997,#2998);
#2417=AXIS2_PLACEMENT_3D('',#3643,#3000,#3001);
#2418=AXIS2_PLACEMENT_3D('',#3649,#3005,#3006);
#2419=AXIS2_PLACEMENT_3D('',#3655,#3010,#3011);
#2420=AXIS2_PLACEMENT_3D('',#3659,#3013,#3014);
#2421=AXIS2_PLACEMENT_3D('',#3661,#3015,#3016);
#2422=AXIS2_PLACEMENT_3D('',#3663,#3018,#3019);
#2423=AXIS2_PLACEMENT_3D('',#3667,#3022,#3023);
#2424=AXIS2_PLACEMENT_3D('',#3669,#3024,#3025);
#2425=AXIS2_PLACEMENT_3D('',#3672,#3028,#3029);
#2426=AXIS2_PLACEMENT_3D('',#3673,#3030,#3031);
#2427=AXIS2_PLACEMENT_3D('',#3674,#3032,#3033);
#2428=AXIS2_PLACEMENT_3D('',#3676,#3034,#3035);
#2429=AXIS2_PLACEMENT_3D('',#3678,#3037,#3038);
#2430=AXIS2_PLACEMENT_3D('',#3680,#3040,#3041);
#2431=AXIS2_PLACEMENT_3D('',#3682,#3043,#3044);
#2432=AXIS2_PLACEMENT_3D('',#3683,#3045,#3046);
#2433=AXIS2_PLACEMENT_3D('',#3684,#3047,#3048);
#2434=AXIS2_PLACEMENT_3D('',#3685,#3049,#3050);
#2435=DIRECTION('axis',(0.,0.,1.));
#2436=DIRECTION('refdir',(1.,0.,0.));
#2437=DIRECTION('center_axis',(0.,0.,-1.));
#2438=DIRECTION('ref_axis',(1.,0.,0.));
#2439=DIRECTION('',(0.,-1.,0.));
#2440=DIRECTION('',(1.,0.,0.));
#2441=DIRECTION('',(0.,1.,0.));
#2442=DIRECTION('',(1.,0.,0.));
#2443=DIRECTION('',(0.,-1.,0.));
#2444=DIRECTION('',(1.,9.45353392902892E-17,0.));
#2445=DIRECTION('',(0.,-1.,0.));
#2446=DIRECTION('',(1.,0.,0.));
#2447=DIRECTION('',(-1.17848062226685E-17,1.,0.));
#2448=DIRECTION('',(1.,0.,0.));
#2449=DIRECTION('center_axis',(0.,0.,1.));
#2450=DIRECTION('ref_axis',(-1.,0.,0.));
#2451=DIRECTION('',(1.,0.,0.));
#2452=DIRECTION('',(0.,-1.,0.));
#2453=DIRECTION('',(1.,0.,0.));
#2454=DIRECTION('center_axis',(0.,0.,1.));
#2455=DIRECTION('ref_axis',(-1.,-2.44929359829471E-16,0.));
#2456=DIRECTION('',(-1.,-2.44929359829471E-16,0.));
#2457=DIRECTION('',(-2.33144553606802E-16,1.,0.));
#2458=DIRECTION('',(-1.,-2.44929359829471E-16,0.));
#2459=DIRECTION('',(2.44929359829471E-16,-1.,0.));
#2460=DIRECTION('',(-1.,-1.50394020539182E-16,0.));
#2461=DIRECTION('center_axis',(0.,0.,1.));
#2462=DIRECTION('ref_axis',(-1.,0.,0.));
#2463=DIRECTION('',(1.,0.,0.));
#2464=DIRECTION('center_axis',(0.,0.,1.));
#2465=DIRECTION('ref_axis',(-1.,0.,0.));
#2466=DIRECTION('',(-1.,0.,0.));
#2467=DIRECTION('center_axis',(-1.,0.,0.));
#2468=DIRECTION('ref_axis',(0.,0.,1.));
#2469=DIRECTION('',(0.,-1.,0.));
#2470=DIRECTION('',(0.,0.,-1.));
#2471=DIRECTION('',(0.,1.,0.));
#2472=DIRECTION('',(0.,0.,1.));
#2473=DIRECTION('center_axis',(0.,-1.,0.));
#2474=DIRECTION('ref_axis',(-1.,0.,0.));
#2475=DIRECTION('center_axis',(0.,-1.,0.));
#2476=DIRECTION('ref_axis',(-1.,0.,0.));
#2477=DIRECTION('',(0.,-1.,0.));
#2478=DIRECTION('center_axis',(0.,1.,0.));
#2479=DIRECTION('ref_axis',(-1.,0.,0.));
#2480=DIRECTION('center_axis',(0.,-1.,0.));
#2481=DIRECTION('ref_axis',(-1.,0.,0.));
#2482=DIRECTION('center_axis',(0.,-1.,0.));
#2483=DIRECTION('ref_axis',(-1.,0.,0.));
#2484=DIRECTION('',(0.,-1.,0.));
#2485=DIRECTION('center_axis',(0.,1.,0.));
#2486=DIRECTION('ref_axis',(-1.,0.,0.));
#2487=DIRECTION('center_axis',(0.,-1.,0.));
#2488=DIRECTION('ref_axis',(-1.,0.,0.));
#2489=DIRECTION('center_axis',(0.,-1.,0.));
#2490=DIRECTION('ref_axis',(-1.,0.,0.));
#2491=DIRECTION('',(0.,-1.,0.));
#2492=DIRECTION('center_axis',(0.,1.,0.));
#2493=DIRECTION('ref_axis',(-1.,0.,0.));
#2494=DIRECTION('center_axis',(0.,-1.,0.));
#2495=DIRECTION('ref_axis',(-1.,0.,0.));
#2496=DIRECTION('center_axis',(0.,-1.,0.));
#2497=DIRECTION('ref_axis',(-1.,0.,0.));
#2498=DIRECTION('',(0.,-1.,0.));
#2499=DIRECTION('center_axis',(0.,1.,0.));
#2500=DIRECTION('ref_axis',(-1.,0.,0.));
#2501=DIRECTION('center_axis',(0.,-1.,0.));
#2502=DIRECTION('ref_axis',(-1.,0.,0.));
#2503=DIRECTION('center_axis',(0.,-1.,0.));
#2504=DIRECTION('ref_axis',(-1.,0.,0.));
#2505=DIRECTION('',(0.,-1.,0.));
#2506=DIRECTION('center_axis',(0.,1.,0.));
#2507=DIRECTION('ref_axis',(-1.,0.,0.));
#2508=DIRECTION('center_axis',(0.,1.,0.));
#2509=DIRECTION('ref_axis',(-1.,0.,0.));
#2510=DIRECTION('center_axis',(0.,-1.,0.));
#2511=DIRECTION('ref_axis',(-1.,0.,0.));
#2512=DIRECTION('center_axis',(0.,1.,0.));
#2513=DIRECTION('ref_axis',(-1.,0.,0.));
#2514=DIRECTION('center_axis',(0.,1.,0.));
#2515=DIRECTION('ref_axis',(-1.,0.,0.));
#2516=DIRECTION('center_axis',(0.,1.,0.));
#2517=DIRECTION('ref_axis',(-1.,0.,0.));
#2518=DIRECTION('center_axis',(0.,1.,0.));
#2519=DIRECTION('ref_axis',(-1.,0.,0.));
#2520=DIRECTION('',(0.,-1.,0.));
#2521=DIRECTION('center_axis',(0.,1.,0.));
#2522=DIRECTION('ref_axis',(-1.,0.,0.));
#2523=DIRECTION('',(0.,-1.,0.));
#2524=DIRECTION('center_axis',(0.,-1.,0.));
#2525=DIRECTION('ref_axis',(-1.,0.,0.));
#2526=DIRECTION('center_axis',(0.,-1.,0.));
#2527=DIRECTION('ref_axis',(-0.707106781186547,0.,-0.707106781186547));
#2528=DIRECTION('center_axis',(0.,-1.,0.));
#2529=DIRECTION('ref_axis',(-0.707106781186547,0.,-0.707106781186547));
#2530=DIRECTION('',(0.,-1.,0.));
#2531=DIRECTION('center_axis',(0.,-1.,0.));
#2532=DIRECTION('ref_axis',(-0.707106781186547,0.,-0.707106781186547));
#2533=DIRECTION('',(0.,-1.,0.));
#2534=DIRECTION('center_axis',(0.,1.,0.));
#2535=DIRECTION('ref_axis',(0.,0.,1.));
#2536=DIRECTION('',(1.,0.,0.));
#2537=DIRECTION('',(0.,0.,-1.));
#2538=DIRECTION('',(-1.,0.,0.));
#2539=DIRECTION('',(0.,0.,-1.));
#2540=DIRECTION('center_axis',(0.,0.,-1.));
#2541=DIRECTION('ref_axis',(-1.,0.,0.));
#2542=DIRECTION('center_axis',(0.,0.,-1.));
#2543=DIRECTION('ref_axis',(-1.,0.,0.));
#2544=DIRECTION('',(0.,0.,-1.));
#2545=DIRECTION('center_axis',(0.,0.,-1.));
#2546=DIRECTION('ref_axis',(-1.,0.,0.));
#2547=DIRECTION('center_axis',(0.,0.,1.));
#2548=DIRECTION('ref_axis',(-1.,0.,0.));
#2549=DIRECTION('center_axis',(0.,0.,-1.));
#2550=DIRECTION('ref_axis',(-1.,0.,0.));
#2551=DIRECTION('center_axis',(0.,0.,-1.));
#2552=DIRECTION('ref_axis',(-1.,0.,0.));
#2553=DIRECTION('',(0.,0.,-1.));
#2554=DIRECTION('center_axis',(0.,0.,-1.));
#2555=DIRECTION('ref_axis',(-1.,0.,0.));
#2556=DIRECTION('center_axis',(0.,0.,1.));
#2557=DIRECTION('ref_axis',(-1.,0.,0.));
#2558=DIRECTION('center_axis',(0.,0.,-1.));
#2559=DIRECTION('ref_axis',(-1.,0.,0.));
#2560=DIRECTION('center_axis',(0.,0.,-1.));
#2561=DIRECTION('ref_axis',(-1.,0.,0.));
#2562=DIRECTION('',(0.,0.,-1.));
#2563=DIRECTION('center_axis',(0.,0.,-1.));
#2564=DIRECTION('ref_axis',(-1.,0.,0.));
#2565=DIRECTION('center_axis',(0.,0.,1.));
#2566=DIRECTION('ref_axis',(-1.,0.,0.));
#2567=DIRECTION('center_axis',(-1.,0.,0.));
#2568=DIRECTION('ref_axis',(0.,1.,0.));
#2569=DIRECTION('',(0.,1.,0.));
#2570=DIRECTION('',(0.,0.,1.));
#2571=DIRECTION('',(0.,1.,0.));
#2572=DIRECTION('',(0.,0.,-1.));
#2573=DIRECTION('center_axis',(-1.,1.9628331703415E-15,0.));
#2574=DIRECTION('ref_axis',(1.9628331703415E-15,1.,0.));
#2575=DIRECTION('',(1.9628331703415E-15,1.,0.));
#2576=DIRECTION('',(0.,0.,1.));
#2577=DIRECTION('',(1.9628331703415E-15,1.,0.));
#2578=DIRECTION('',(0.,0.,-1.));
#2579=DIRECTION('center_axis',(0.,0.,-1.));
#2580=DIRECTION('ref_axis',(-1.,0.,0.));
#2581=DIRECTION('',(-1.,0.,0.));
#2582=DIRECTION('',(0.,1.,0.));
#2583=DIRECTION('',(1.,0.,0.));
#2584=DIRECTION('',(-1.,0.,0.));
#2585=DIRECTION('',(0.,-1.,0.));
#2586=DIRECTION('',(1.,0.,0.));
#2587=DIRECTION('center_axis',(1.,0.,0.));
#2588=DIRECTION('ref_axis',(0.,0.,-1.));
#2589=DIRECTION('',(0.,0.,1.));
#2590=DIRECTION('',(0.,0.,1.));
#2591=DIRECTION('center_axis',(0.,-1.,0.));
#2592=DIRECTION('ref_axis',(0.,0.,-1.));
#2593=DIRECTION('',(-1.,0.,0.));
#2594=DIRECTION('',(0.,0.,-1.));
#2595=DIRECTION('',(-1.,0.,0.));
#2596=DIRECTION('center_axis',(0.,-1.,0.));
#2597=DIRECTION('ref_axis',(-1.,0.,0.));
#2598=DIRECTION('',(0.,0.,-1.));
#2599=DIRECTION('',(-1.,0.,0.));
#2600=DIRECTION('',(0.,0.,-1.));
#2601=DIRECTION('',(-1.,0.,0.));
#2602=DIRECTION('center_axis',(0.,0.,-1.));
#2603=DIRECTION('ref_axis',(-1.,0.,0.));
#2604=DIRECTION('',(1.,0.,0.));
#2605=DIRECTION('',(-1.,0.,0.));
#2606=DIRECTION('',(0.,-1.,0.));
#2607=DIRECTION('',(0.,1.,0.));
#2608=DIRECTION('',(1.,0.,0.));
#2609=DIRECTION('center_axis',(1.,0.,0.));
#2610=DIRECTION('ref_axis',(0.,-1.,0.));
#2611=DIRECTION('',(0.,0.,-1.));
#2612=DIRECTION('',(0.,-1.,0.));
#2613=DIRECTION('center_axis',(0.,1.,0.));
#2614=DIRECTION('ref_axis',(1.,0.,0.));
#2615=DIRECTION('',(0.,0.,-1.));
#2616=DIRECTION('',(1.,0.,0.));
#2617=DIRECTION('center_axis',(-1.,0.,0.));
#2618=DIRECTION('ref_axis',(0.,1.,0.));
#2619=DIRECTION('',(0.,1.,0.));
#2620=DIRECTION('center_axis',(0.,0.,-1.));
#2621=DIRECTION('ref_axis',(-1.,0.,0.));
#2622=DIRECTION('',(-1.,0.,0.));
#2623=DIRECTION('center_axis',(0.,0.,1.));
#2624=DIRECTION('ref_axis',(-1.,0.,0.));
#2625=DIRECTION('',(-1.,0.,0.));
#2626=DIRECTION('center_axis',(0.,0.,1.));
#2627=DIRECTION('ref_axis',(-1.,0.,0.));
#2628=DIRECTION('',(1.,0.,0.));
#2629=DIRECTION('center_axis',(0.,0.,1.));
#2630=DIRECTION('ref_axis',(-1.,0.,0.));
#2631=DIRECTION('',(1.,0.,0.));
#2632=DIRECTION('center_axis',(0.,0.,1.));
#2633=DIRECTION('ref_axis',(-1.,0.,0.));
#2634=DIRECTION('',(0.,-1.,0.));
#2635=DIRECTION('',(-1.,0.,0.));
#2636=DIRECTION('center_axis',(0.,0.,-1.));
#2637=DIRECTION('ref_axis',(-1.,0.,0.));
#2638=DIRECTION('',(0.,-1.,0.));
#2639=DIRECTION('center_axis',(0.,0.,-1.));
#2640=DIRECTION('ref_axis',(-1.,0.,0.));
#2641=DIRECTION('',(1.,0.,0.));
#2642=DIRECTION('',(0.,-1.,0.));
#2643=DIRECTION('center_axis',(0.,0.,-1.));
#2644=DIRECTION('ref_axis',(-1.,0.,0.));
#2645=DIRECTION('',(0.,1.,0.));
#2646=DIRECTION('center_axis',(0.,0.,-1.));
#2647=DIRECTION('ref_axis',(-1.,0.,0.));
#2648=DIRECTION('',(0.,1.,0.));
#2649=DIRECTION('',(1.,0.,0.));
#2650=DIRECTION('center_axis',(0.,0.,1.));
#2651=DIRECTION('ref_axis',(-1.,0.,0.));
#2652=DIRECTION('',(1.,0.,0.));
#2653=DIRECTION('',(-1.17848062226685E-17,1.,0.));
#2654=DIRECTION('',(1.,0.,0.));
#2655=DIRECTION('',(0.,-1.,0.));
#2656=DIRECTION('',(1.,9.45353392902892E-17,0.));
#2657=DIRECTION('',(0.,-1.,0.));
#2658=DIRECTION('',(-1.,-1.50394020539182E-16,0.));
#2659=DIRECTION('',(2.44929359829471E-16,-1.,0.));
#2660=DIRECTION('',(-1.,-2.44929359829471E-16,0.));
#2661=DIRECTION('',(-2.33144553606802E-16,1.,0.));
#2662=DIRECTION('',(-1.,-2.44929359829471E-16,0.));
#2663=DIRECTION('center_axis',(0.,0.,1.));
#2664=DIRECTION('ref_axis',(-1.,-2.44929359829471E-16,0.));
#2665=DIRECTION('',(-1.,0.,0.));
#2666=DIRECTION('center_axis',(1.50394020539182E-16,-1.,0.));
#2667=DIRECTION('ref_axis',(-1.,-1.50394020539182E-16,0.));
#2668=DIRECTION('',(0.,0.,-1.));
#2669=DIRECTION('',(-1.,-1.50394020539182E-16,0.));
#2670=DIRECTION('',(0.,0.,-1.));
#2671=DIRECTION('center_axis',(1.,0.,0.));
#2672=DIRECTION('ref_axis',(0.,-1.,0.));
#2673=DIRECTION('',(0.,0.,-1.));
#2674=DIRECTION('',(0.,-1.,0.));
#2675=DIRECTION('center_axis',(-9.45353392902892E-17,1.,0.));
#2676=DIRECTION('ref_axis',(1.,9.45353392902892E-17,0.));
#2677=DIRECTION('',(0.,0.,-1.));
#2678=DIRECTION('',(1.,9.45353392902892E-17,0.));
#2679=DIRECTION('center_axis',(1.,2.44929359829471E-16,0.));
#2680=DIRECTION('ref_axis',(2.44929359829471E-16,-1.,0.));
#2681=DIRECTION('',(0.,0.,-1.));
#2682=DIRECTION('center_axis',(1.,0.,0.));
#2683=DIRECTION('ref_axis',(0.,-1.,0.));
#2684=DIRECTION('',(0.,0.,-1.));
#2685=DIRECTION('center_axis',(2.44929359829471E-16,-1.,0.));
#2686=DIRECTION('ref_axis',(-1.,-2.44929359829471E-16,0.));
#2687=DIRECTION('',(0.,0.,-1.));
#2688=DIRECTION('center_axis',(0.,1.,0.));
#2689=DIRECTION('ref_axis',(1.,0.,0.));
#2690=DIRECTION('',(0.,0.,-1.));
#2691=DIRECTION('center_axis',(-1.,-2.33144553606802E-16,0.));
#2692=DIRECTION('ref_axis',(-2.33144553606802E-16,1.,0.));
#2693=DIRECTION('',(0.,0.,-1.));
#2694=DIRECTION('center_axis',(-1.,-1.17848062226685E-17,0.));
#2695=DIRECTION('ref_axis',(-1.17848062226685E-17,1.,0.));
#2696=DIRECTION('',(0.,0.,-1.));
#2697=DIRECTION('center_axis',(2.44929359829471E-16,-1.,0.));
#2698=DIRECTION('ref_axis',(-1.,-2.44929359829471E-16,0.));
#2699=DIRECTION('',(0.,0.,-1.));
#2700=DIRECTION('center_axis',(0.,1.,0.));
#2701=DIRECTION('ref_axis',(1.,0.,0.));
#2702=DIRECTION('',(0.,0.,-1.));
#2703=DIRECTION('center_axis',(0.,0.,-1.));
#2704=DIRECTION('ref_axis',(-1.,-2.44929359829471E-16,0.));
#2705=DIRECTION('',(0.,0.,-1.));
#2706=DIRECTION('center_axis',(0.,0.,-1.));
#2707=DIRECTION('ref_axis',(-1.,0.,0.));
#2708=DIRECTION('',(0.,0.,-1.));
#2709=DIRECTION('center_axis',(0.,-1.,0.));
#2710=DIRECTION('ref_axis',(0.,0.,-1.));
#2711=DIRECTION('',(0.,0.,1.));
#2712=DIRECTION('center_axis',(0.,1.,0.));
#2713=DIRECTION('ref_axis',(0.,0.,1.));
#2714=DIRECTION('',(0.,0.,-1.));
#2715=DIRECTION('center_axis',(-1.,0.,0.));
#2716=DIRECTION('ref_axis',(0.,0.,-1.));
#2717=DIRECTION('center_axis',(-1.,0.,0.));
#2718=DIRECTION('ref_axis',(0.,1.,0.));
#2719=DIRECTION('',(0.,0.,-1.));
#2720=DIRECTION('',(0.,1.,0.));
#2721=DIRECTION('',(0.,0.,-1.));
#2722=DIRECTION('center_axis',(0.,0.,-1.));
#2723=DIRECTION('ref_axis',(-1.,0.,0.));
#2724=DIRECTION('center_axis',(0.,0.,-1.));
#2725=DIRECTION('ref_axis',(-1.,0.,0.));
#2726=DIRECTION('',(0.,0.,1.));
#2727=DIRECTION('center_axis',(0.,0.,-1.));
#2728=DIRECTION('ref_axis',(-1.,0.,0.));
#2729=DIRECTION('',(0.,0.,-1.));
#2730=DIRECTION('center_axis',(0.,0.,-1.));
#2731=DIRECTION('ref_axis',(-1.,0.,0.));
#2732=DIRECTION('center_axis',(-1.,0.,0.));
#2733=DIRECTION('ref_axis',(0.,-1.,0.));
#2734=DIRECTION('',(0.,-1.,0.));
#2735=DIRECTION('center_axis',(0.,1.,0.));
#2736=DIRECTION('ref_axis',(0.,0.,1.));
#2737=DIRECTION('',(0.,0.,1.));
#2738=DIRECTION('',(1.,0.,0.));
#2739=DIRECTION('',(0.,0.,1.));
#2740=DIRECTION('center_axis',(0.,0.,-1.));
#2741=DIRECTION('ref_axis',(-1.,0.,0.));
#2742=DIRECTION('',(0.,0.,-1.));
#2743=DIRECTION('center_axis',(0.,0.,-1.));
#2744=DIRECTION('ref_axis',(-1.,0.,0.));
#2745=DIRECTION('center_axis',(-1.,0.,0.));
#2746=DIRECTION('ref_axis',(0.,-1.,0.));
#2747=DIRECTION('',(0.,-1.,0.));
#2748=DIRECTION('center_axis',(0.,-1.,0.));
#2749=DIRECTION('ref_axis',(0.,0.,-1.));
#2750=DIRECTION('',(0.,0.,-1.));
#2751=DIRECTION('',(-1.,0.,0.));
#2752=DIRECTION('',(0.,0.,-1.));
#2753=DIRECTION('center_axis',(0.,0.,-1.));
#2754=DIRECTION('ref_axis',(-1.,0.,0.));
#2755=DIRECTION('center_axis',(0.,0.,-1.));
#2756=DIRECTION('ref_axis',(-1.,0.,0.));
#2757=DIRECTION('',(0.,0.,1.));
#2758=DIRECTION('center_axis',(-1.,0.,0.));
#2759=DIRECTION('ref_axis',(0.,-1.,0.));
#2760=DIRECTION('',(0.,-1.,0.));
#2761=DIRECTION('center_axis',(0.,0.,-1.));
#2762=DIRECTION('ref_axis',(-3.16985680890781E-15,1.,0.));
#2763=DIRECTION('',(0.,0.,-1.));
#2764=DIRECTION('',(0.,0.,1.));
#2765=DIRECTION('center_axis',(0.,1.,0.));
#2766=DIRECTION('ref_axis',(0.,0.,1.));
#2767=DIRECTION('center_axis',(0.,0.,-1.));
#2768=DIRECTION('ref_axis',(-6.12323399573677E-17,1.,0.));
#2769=DIRECTION('',(0.,0.,-1.));
#2770=DIRECTION('center_axis',(0.,0.,1.));
#2771=DIRECTION('ref_axis',(-1.,0.,0.));
#2772=DIRECTION('',(0.,0.,1.));
#2773=DIRECTION('center_axis',(0.,1.,0.));
#2774=DIRECTION('ref_axis',(0.,0.,1.));
#2775=DIRECTION('',(1.,0.,0.));
#2776=DIRECTION('center_axis',(0.,0.,-1.));
#2777=DIRECTION('ref_axis',(1.83697019872103E-16,-1.,0.));
#2778=DIRECTION('',(0.,0.,-1.));
#2779=DIRECTION('center_axis',(0.,0.,1.));
#2780=DIRECTION('ref_axis',(-1.,0.,0.));
#2781=DIRECTION('',(0.,0.,1.));
#2782=DIRECTION('center_axis',(0.,-1.,0.));
#2783=DIRECTION('ref_axis',(0.,0.,-1.));
#2784=DIRECTION('',(-1.,0.,0.));
#2785=DIRECTION('center_axis',(0.,0.,-1.));
#2786=DIRECTION('ref_axis',(1.83697019872103E-16,-1.,0.));
#2787=DIRECTION('',(0.,0.,-1.));
#2788=DIRECTION('',(0.,0.,1.));
#2789=DIRECTION('center_axis',(0.,-1.,0.));
#2790=DIRECTION('ref_axis',(0.,0.,-1.));
#2791=DIRECTION('center_axis',(-1.,0.,0.));
#2792=DIRECTION('ref_axis',(0.,-1.,0.));
#2793=DIRECTION('',(0.,0.,1.));
#2794=DIRECTION('',(0.,-1.,0.));
#2795=DIRECTION('center_axis',(1.,0.,-1.25804308739395E-16));
#2796=DIRECTION('ref_axis',(1.25804308739395E-16,0.,1.));
#2797=DIRECTION('',(1.25804308739395E-16,0.,1.));
#2798=DIRECTION('',(0.,-1.,0.));
#2799=DIRECTION('',(1.25804308739395E-16,0.,1.));
#2800=DIRECTION('center_axis',(0.,0.,1.));
#2801=DIRECTION('ref_axis',(-1.,0.,0.));
#2802=DIRECTION('center_axis',(0.,0.,1.));
#2803=DIRECTION('ref_axis',(-1.,0.,0.));
#2804=DIRECTION('center_axis',(0.,0.,1.));
#2805=DIRECTION('ref_axis',(-1.,0.,0.));
#2806=DIRECTION('center_axis',(0.,0.,1.));
#2807=DIRECTION('ref_axis',(-1.,0.,0.));
#2808=DIRECTION('center_axis',(0.,0.,1.));
#2809=DIRECTION('ref_axis',(-1.,0.,0.));
#2810=DIRECTION('center_axis',(0.,0.,1.));
#2811=DIRECTION('ref_axis',(-1.,0.,0.));
#2812=DIRECTION('',(-1.,0.,0.));
#2813=DIRECTION('',(0.,-1.,0.));
#2814=DIRECTION('center_axis',(0.,0.,1.));
#2815=DIRECTION('ref_axis',(-1.,0.,0.));
#2816=DIRECTION('',(-1.,0.,0.));
#2817=DIRECTION('',(0.,-1.,0.));
#2818=DIRECTION('',(-1.,0.,0.));
#2819=DIRECTION('center_axis',(0.,0.,1.));
#2820=DIRECTION('ref_axis',(-1.,0.,0.));
#2821=DIRECTION('',(0.,-1.,0.));
#2822=DIRECTION('center_axis',(0.,-1.,0.));
#2823=DIRECTION('ref_axis',(-1.,0.,0.));
#2824=DIRECTION('center_axis',(0.,-1.,0.));
#2825=DIRECTION('ref_axis',(-1.,0.,0.));
#2826=DIRECTION('center_axis',(0.,1.,0.));
#2827=DIRECTION('ref_axis',(-1.,0.,0.));
#2828=DIRECTION('center_axis',(0.,1.,0.));
#2829=DIRECTION('ref_axis',(-1.,0.,0.));
#2830=DIRECTION('center_axis',(0.,1.,0.));
#2831=DIRECTION('ref_axis',(-1.,0.,0.));
#2832=DIRECTION('center_axis',(0.,-1.,0.));
#2833=DIRECTION('ref_axis',(-1.,0.,0.));
#2834=DIRECTION('center_axis',(0.,-1.,0.));
#2835=DIRECTION('ref_axis',(-1.,0.,0.));
#2836=DIRECTION('center_axis',(0.,1.73472347597681E-18,1.));
#2837=DIRECTION('ref_axis',(1.23259516440783E-32,-1.,1.73472347597681E-18));
#2838=DIRECTION('',(1.,0.,0.));
#2839=DIRECTION('',(-5.89645985443967E-51,-1.,1.73472347597681E-18));
#2840=DIRECTION('',(-1.,0.,0.));
#2841=DIRECTION('',(-0.707106781186548,0.707106781186548,-1.2266347333467E-18));
#2842=DIRECTION('',(0.,1.,0.));
#2843=DIRECTION('center_axis',(0.,-1.73472347597681E-18,-1.));
#2844=DIRECTION('ref_axis',(-1.23259516440783E-32,1.,-1.73472347597681E-18));
#2845=DIRECTION('',(-1.,0.,0.));
#2846=DIRECTION('',(0.,1.,-1.73472347597681E-18));
#2847=DIRECTION('',(-1.,0.,0.));
#2848=DIRECTION('',(0.,-1.,0.));
#2849=DIRECTION('',(0.707106781186548,-0.707106781186548,1.2266347333467E-18));
#2850=DIRECTION('',(1.,0.,0.));
#2851=DIRECTION('',(5.89645985443967E-51,1.,-1.73472347597681E-18));
#2852=DIRECTION('center_axis',(-1.,0.,0.));
#2853=DIRECTION('ref_axis',(0.,0.,-1.));
#2854=DIRECTION('',(0.,0.,1.));
#2855=DIRECTION('',(0.,-1.,0.));
#2856=DIRECTION('',(0.,0.,-1.));
#2857=DIRECTION('',(0.,1.,0.));
#2858=DIRECTION('',(0.,0.,1.));
#2859=DIRECTION('',(0.,-1.,0.));
#2860=DIRECTION('',(0.,0.,-1.));
#2861=DIRECTION('center_axis',(0.,-1.,0.));
#2862=DIRECTION('ref_axis',(0.707106781186547,0.,0.707106781186547));
#2863=DIRECTION('center_axis',(-0.707106781186548,-0.707106781186548,0.));
#2864=DIRECTION('ref_axis',(0.707106781186547,-0.707106781186547,0.));
#2865=DIRECTION('center_axis',(0.,-0.707106781186548,-0.707106781186548));
#2866=DIRECTION('ref_axis',(0.,-0.707106781186547,0.707106781186547));
#2867=DIRECTION('',(0.,-1.,0.));
#2868=DIRECTION('center_axis',(0.,1.,0.));
#2869=DIRECTION('ref_axis',(0.707106781186547,0.,0.707106781186547));
#2870=DIRECTION('center_axis',(0.707106781186548,0.707106781186548,0.));
#2871=DIRECTION('ref_axis',(0.,0.,-1.));
#2872=DIRECTION('',(-0.577350269189626,0.577350269189626,-0.577350269189626));
#2873=DIRECTION('center_axis',(0.,-1.,0.));
#2874=DIRECTION('ref_axis',(0.,0.,-1.));
#2875=DIRECTION('',(-1.,0.,0.));
#2876=DIRECTION('center_axis',(0.,1.,0.));
#2877=DIRECTION('ref_axis',(-0.707106781186547,0.,0.707106781186547));
#2878=DIRECTION('',(0.,0.,-1.));
#2879=DIRECTION('',(1.,0.,0.));
#2880=DIRECTION('',(0.,0.,1.));
#2881=DIRECTION('',(1.,0.,0.));
#2882=DIRECTION('',(0.,0.,1.));
#2883=DIRECTION('',(1.,0.,0.));
#2884=DIRECTION('',(0.,0.,-1.));
#2885=DIRECTION('center_axis',(0.,-1.,0.));
#2886=DIRECTION('ref_axis',(0.,0.,-1.));
#2887=DIRECTION('',(1.,0.,0.));
#2888=DIRECTION('',(0.,0.,1.));
#2889=DIRECTION('center_axis',(0.,1.,0.));
#2890=DIRECTION('ref_axis',(0.707106781186547,0.,0.707106781186547));
#2891=DIRECTION('center_axis',(0.,-1.,0.));
#2892=DIRECTION('ref_axis',(0.,0.,-1.));
#2893=DIRECTION('',(3.39907768361723E-33,0.,-1.));
#2894=DIRECTION('',(-1.,0.,0.));
#2895=DIRECTION('',(0.,0.,1.));
#2896=DIRECTION('',(-1.,0.,0.));
#2897=DIRECTION('',(0.,0.,-1.));
#2898=DIRECTION('',(1.,0.,0.));
#2899=DIRECTION('center_axis',(0.,1.,0.));
#2900=DIRECTION('ref_axis',(1.,0.,0.));
#2901=DIRECTION('center_axis',(1.,0.,3.39907768361723E-33));
#2902=DIRECTION('ref_axis',(3.39907768361723E-33,-5.55111512312578E-17,
-1.));
#2903=DIRECTION('',(-3.39907768361723E-33,0.,1.));
#2904=DIRECTION('',(0.,1.,0.));
#2905=DIRECTION('center_axis',(0.,0.,-1.));
#2906=DIRECTION('ref_axis',(1.,0.,0.));
#2907=DIRECTION('',(0.,-1.,0.));
#2908=DIRECTION('',(0.,-1.,0.));
#2909=DIRECTION('center_axis',(-1.,0.,0.));
#2910=DIRECTION('ref_axis',(0.,0.,1.));
#2911=DIRECTION('',(0.,-1.,0.));
#2912=DIRECTION('',(0.,0.,-1.));
#2913=DIRECTION('',(0.,0.707106781186547,-0.707106781186547));
#2914=DIRECTION('',(0.,1.,0.));
#2915=DIRECTION('center_axis',(0.,0.707106781186548,0.707106781186548));
#2916=DIRECTION('ref_axis',(1.,0.,0.));
#2917=DIRECTION('',(-1.,0.,0.));
#2918=DIRECTION('',(-1.,0.,0.));
#2919=DIRECTION('',(-0.577350269189626,-0.577350269189626,0.577350269189626));
#2920=DIRECTION('center_axis',(0.,-0.707106781186548,-0.707106781186548));
#2921=DIRECTION('ref_axis',(0.,-0.707106781186547,0.707106781186547));
#2922=DIRECTION('',(1.,0.,0.));
#2923=DIRECTION('',(0.,-0.707106781186548,0.707106781186548));
#2924=DIRECTION('center_axis',(0.,0.,1.));
#2925=DIRECTION('ref_axis',(1.,0.,0.));
#2926=DIRECTION('',(0.,1.,0.));
#2927=DIRECTION('center_axis',(1.,0.,3.39907768361723E-33));
#2928=DIRECTION('ref_axis',(3.39907768361723E-33,-5.55111512312578E-17,
-1.));
#2929=DIRECTION('center_axis',(0.,0.,-1.));
#2930=DIRECTION('ref_axis',(-1.,-6.12323399573676E-17,0.));
#2931=DIRECTION('',(1.,0.,0.));
#2932=DIRECTION('center_axis',(0.,-1.,0.));
#2933=DIRECTION('ref_axis',(1.,0.,0.));
#2934=DIRECTION('center_axis',(0.,1.,0.));
#2935=DIRECTION('ref_axis',(1.,0.,0.));
#2936=DIRECTION('center_axis',(0.,1.,0.));
#2937=DIRECTION('ref_axis',(1.,0.,0.));
#2938=DIRECTION('',(0.,1.,0.));
#2939=DIRECTION('center_axis',(0.,-1.,0.));
#2940=DIRECTION('ref_axis',(0.,0.,-1.));
#2941=DIRECTION('center_axis',(0.,1.,0.));
#2942=DIRECTION('ref_axis',(0.707106781186547,0.,-0.707106781186547));
#2943=DIRECTION('',(0.,0.,1.));
#2944=DIRECTION('',(-1.,0.,0.));
#2945=DIRECTION('',(-1.,0.,0.));
#2946=DIRECTION('',(0.,0.,1.));
#2947=DIRECTION('',(-1.,0.,0.));
#2948=DIRECTION('',(0.,0.,-1.));
#2949=DIRECTION('center_axis',(0.,1.,0.));
#2950=DIRECTION('ref_axis',(-0.707106781186547,0.,-0.707106781186547));
#2951=DIRECTION('',(1.,0.,0.));
#2952=DIRECTION('center_axis',(0.,0.,1.));
#2953=DIRECTION('ref_axis',(-1.,0.,0.));
#2954=DIRECTION('',(0.,-1.,0.));
#2955=DIRECTION('center_axis',(1.,0.,0.));
#2956=DIRECTION('ref_axis',(0.,0.,1.));
#2957=DIRECTION('',(0.,-1.,0.));
#2958=DIRECTION('',(0.,1.,0.));
#2959=DIRECTION('',(0.,0.,-1.));
#2960=DIRECTION('center_axis',(0.,1.,0.));
#2961=DIRECTION('ref_axis',(0.,0.,1.));
#2962=DIRECTION('',(1.,0.,0.));
#2963=DIRECTION('',(0.,0.,1.));
#2964=DIRECTION('',(-1.,0.,0.));
#2965=DIRECTION('center_axis',(0.,1.,0.));
#2966=DIRECTION('ref_axis',(1.,0.,0.));
#2967=DIRECTION('center_axis',(0.,0.,1.));
#2968=DIRECTION('ref_axis',(1.,0.,0.));
#2969=DIRECTION('',(0.,-1.,0.));
#2970=DIRECTION('center_axis',(0.,0.,-1.));
#2971=DIRECTION('ref_axis',(-1.,0.,0.));
#2972=DIRECTION('',(0.,1.,0.));
#2973=DIRECTION('center_axis',(0.,0.,1.));
#2974=DIRECTION('ref_axis',(1.,0.,0.));
#2975=DIRECTION('',(1.,0.,0.));
#2976=DIRECTION('',(0.,1.,0.));
#2977=DIRECTION('center_axis',(0.,1.,0.));
#2978=DIRECTION('ref_axis',(0.,0.,1.));
#2979=DIRECTION('',(-1.,0.,0.));
#2980=DIRECTION('',(0.,0.,-1.));
#2981=DIRECTION('center_axis',(0.,1.,0.));
#2982=DIRECTION('ref_axis',(1.,0.,0.));
#2983=DIRECTION('center_axis',(0.,0.,-1.));
#2984=DIRECTION('ref_axis',(-1.,0.,0.));
#2985=DIRECTION('',(0.,-1.,0.));
#2986=DIRECTION('center_axis',(0.,-1.,0.));
#2987=DIRECTION('ref_axis',(1.,0.,0.));
#2988=DIRECTION('center_axis',(0.,1.,0.));
#2989=DIRECTION('ref_axis',(1.,0.,0.));
#2990=DIRECTION('center_axis',(0.,1.,0.));
#2991=DIRECTION('ref_axis',(1.,0.,0.));
#2992=DIRECTION('',(0.,1.,0.));
#2993=DIRECTION('center_axis',(0.,-1.,0.));
#2994=DIRECTION('ref_axis',(1.,0.,0.));
#2995=DIRECTION('center_axis',(0.,1.,0.));
#2996=DIRECTION('ref_axis',(1.,0.,0.));
#2997=DIRECTION('center_axis',(0.,1.,0.));
#2998=DIRECTION('ref_axis',(1.,0.,0.));
#2999=DIRECTION('',(0.,1.,0.));
#3000=DIRECTION('center_axis',(0.,-1.,0.));
#3001=DIRECTION('ref_axis',(1.,0.,0.));
#3002=DIRECTION('',(0.,0.,1.));
#3003=DIRECTION('',(1.,0.,0.));
#3004=DIRECTION('',(0.,0.,-1.));
#3005=DIRECTION('center_axis',(1.,0.,0.));
#3006=DIRECTION('ref_axis',(0.,0.,-1.));
#3007=DIRECTION('',(0.,1.,0.));
#3008=DIRECTION('',(0.,-1.,0.));
#3009=DIRECTION('',(0.,0.,-1.));
#3010=DIRECTION('center_axis',(0.,-1.,0.));
#3011=DIRECTION('ref_axis',(-0.707106781186547,0.,-0.707106781186547));
#3012=DIRECTION('',(0.,1.,0.));
#3013=DIRECTION('center_axis',(0.707106781186548,-0.707106781186548,0.));
#3014=DIRECTION('ref_axis',(-0.707106781186547,-0.707106781186547,0.));
#3015=DIRECTION('center_axis',(0.,-0.707106781186548,0.707106781186548));
#3016=DIRECTION('ref_axis',(0.,-0.707106781186547,-0.707106781186547));
#3017=DIRECTION('',(0.,-1.,0.));
#3018=DIRECTION('center_axis',(0.,0.,-1.));
#3019=DIRECTION('ref_axis',(-1.,0.,0.));
#3020=DIRECTION('',(0.,1.,0.));
#3021=DIRECTION('',(-1.,0.,0.));
#3022=DIRECTION('center_axis',(0.,0.707106781186548,-0.707106781186548));
#3023=DIRECTION('ref_axis',(-1.,0.,0.));
#3024=DIRECTION('center_axis',(0.,-0.707106781186548,0.707106781186548));
#3025=DIRECTION('ref_axis',(0.,-0.707106781186547,-0.707106781186547));
#3026=DIRECTION('',(-0.577350269189626,-0.577350269189626,-0.577350269189626));
#3027=DIRECTION('',(-0.577350269189626,0.577350269189626,0.577350269189626));
#3028=DIRECTION('center_axis',(0.,-1.,0.));
#3029=DIRECTION('ref_axis',(0.707106781186547,0.,-0.707106781186547));
#3030=DIRECTION('center_axis',(-0.707106781186548,-0.707106781186548,0.));
#3031=DIRECTION('ref_axis',(0.707106781186547,-0.707106781186547,0.));
#3032=DIRECTION('center_axis',(-0.707106781186548,0.707106781186548,0.));
#3033=DIRECTION('ref_axis',(0.,0.,1.));
#3034=DIRECTION('center_axis',(0.707106781186548,-0.707106781186548,0.));
#3035=DIRECTION('ref_axis',(-0.707106781186547,-0.707106781186547,0.));
#3036=DIRECTION('',(0.,0.,1.));
#3037=DIRECTION('center_axis',(-1.,0.,0.));
#3038=DIRECTION('ref_axis',(0.,0.,1.));
#3039=DIRECTION('',(0.,-1.,0.));
#3040=DIRECTION('center_axis',(0.,-1.,0.));
#3041=DIRECTION('ref_axis',(-0.707106781186547,0.,0.707106781186547));
#3042=DIRECTION('',(0.,1.,0.));
#3043=DIRECTION('center_axis',(0.707106781186548,0.707106781186548,0.));
#3044=DIRECTION('ref_axis',(0.,0.,-1.));
#3045=DIRECTION('center_axis',(-0.707106781186548,-0.707106781186548,0.));
#3046=DIRECTION('ref_axis',(0.707106781186547,-0.707106781186547,0.));
#3047=DIRECTION('center_axis',(0.,0.,1.));
#3048=DIRECTION('ref_axis',(1.,0.,0.));
#3049=DIRECTION('center_axis',(0.,-1.,0.));
#3050=DIRECTION('ref_axis',(0.707106781186547,0.,0.707106781186547));
#3051=CARTESIAN_POINT('',(0.,0.,0.));
#3052=CARTESIAN_POINT('Origin',(30.,-3.21508079986924E-16,-20.9));
#3053=CARTESIAN_POINT('',(7.31026675299883,16.9980762113533,-20.9));
#3054=CARTESIAN_POINT('',(7.31026675299883,9.2,-20.9));
#3055=CARTESIAN_POINT('',(7.31026675299883,16.9980762113533,-20.9));
#3056=CARTESIAN_POINT('',(45.1,16.9980762113533,-20.9));
#3057=CARTESIAN_POINT('',(24.7,16.9980762113533,-20.9));
#3058=CARTESIAN_POINT('',(45.1,-16.9980762113533,-20.9));
#3059=CARTESIAN_POINT('',(45.1,-9.97997995989972,-20.9));
#3060=CARTESIAN_POINT('',(7.31026675299883,-16.9980762113533,-20.9));
#3061=CARTESIAN_POINT('',(24.7,-16.9980762113533,-20.9));
#3062=CARTESIAN_POINT('',(7.31026675299883,-9.20000000000001,-20.9));
#3063=CARTESIAN_POINT('',(7.31026675299883,16.9980762113533,-20.9));
#3064=CARTESIAN_POINT('',(13.45,-9.2,-20.9));
#3065=CARTESIAN_POINT('',(0.1,-9.20000000000001,-20.9));
#3066=CARTESIAN_POINT('',(13.45,-10.1,-20.9));
#3067=CARTESIAN_POINT('',(13.45,-10.1,-20.9));
#3068=CARTESIAN_POINT('',(18.45,-10.1,-20.9));
#3069=CARTESIAN_POINT('',(18.45,-10.1,-20.9));
#3070=CARTESIAN_POINT('',(18.45,-6.50000000000001,-20.9));
#3071=CARTESIAN_POINT('',(18.45,-9.2,-20.9));
#3072=CARTESIAN_POINT('',(21.1193661730973,-6.50000000000001,-20.9));
#3073=CARTESIAN_POINT('',(38.3434297626248,-6.50000000000001,-20.9));
#3074=CARTESIAN_POINT('',(24.7,-9.64498093142382,-20.9));
#3075=CARTESIAN_POINT('Origin',(30.,1.53080849893419E-15,-20.9));
#3076=CARTESIAN_POINT('',(40.1,-9.64498093142382,-20.9));
#3077=CARTESIAN_POINT('',(24.7,-9.64498093142382,-20.9));
#3078=CARTESIAN_POINT('',(40.1,9.64498093142383,-20.9));
#3079=CARTESIAN_POINT('',(40.1,16.9980762113533,-20.9));
#3080=CARTESIAN_POINT('',(24.7,9.64498093142383,-20.9));
#3081=CARTESIAN_POINT('',(24.7,9.64498093142383,-20.9));
#3082=CARTESIAN_POINT('',(21.1193661730973,6.50000000000001,-20.9));
#3083=CARTESIAN_POINT('Origin',(30.,1.53080849893419E-15,-20.9));
#3084=CARTESIAN_POINT('',(18.45,6.50000000000001,-20.9));
#3085=CARTESIAN_POINT('',(38.3434297626248,6.50000000000001,-20.9));
#3086=CARTESIAN_POINT('',(18.45,10.1,-20.9));
#3087=CARTESIAN_POINT('',(18.45,9.2,-20.9));
#3088=CARTESIAN_POINT('',(13.45,10.1,-20.9));
#3089=CARTESIAN_POINT('',(18.45,10.1,-20.9));
#3090=CARTESIAN_POINT('',(13.45,9.2,-20.9));
#3091=CARTESIAN_POINT('',(13.45,10.1,-20.9));
#3092=CARTESIAN_POINT('',(0.1,9.2,-20.9));
#3093=CARTESIAN_POINT('',(21.6463159054534,10.9980762113533,-20.9));
#3094=CARTESIAN_POINT('',(21.7536840945466,10.9980762113533,-20.9));
#3095=CARTESIAN_POINT('Origin',(21.7,10.25,-20.9));
#3096=CARTESIAN_POINT('',(24.7,10.9980762113533,-20.9));
#3097=CARTESIAN_POINT('',(21.7536840945467,-10.9980762113533,-20.9));
#3098=CARTESIAN_POINT('',(21.6463159054533,-10.9980762113533,-20.9));
#3099=CARTESIAN_POINT('Origin',(21.7,-10.25,-20.9));
#3100=CARTESIAN_POINT('',(24.7,-10.9980762113533,-20.9));
#3101=CARTESIAN_POINT('Origin',(-9.8,-0.00192378864669607,-18.4));
#3102=CARTESIAN_POINT('',(-9.8,16.9980762113533,9.49862062404558));
#3103=CARTESIAN_POINT('',(-9.8,-17.0019237886467,9.49862062404558));
#3104=CARTESIAN_POINT('',(-9.8,16.9980762113533,9.49862062404558));
#3105=CARTESIAN_POINT('',(-9.8,-17.0019237886467,14.4));
#3106=CARTESIAN_POINT('',(-9.8,-17.0019237886467,-11.925));
#3107=CARTESIAN_POINT('',(-9.8,16.9980762113533,14.4));
#3108=CARTESIAN_POINT('',(-9.8,-0.00192378864669496,14.4));
#3109=CARTESIAN_POINT('',(-9.8,16.9980762113533,-15.9));
#3110=CARTESIAN_POINT('Origin',(8.71391636523591,31.9980762113533,-16.9936769416086));
#3111=CARTESIAN_POINT('',(10.7139163652359,31.9980762113533,-16.9936769416086));
#3112=CARTESIAN_POINT('Origin',(8.71391636523591,31.9980762113533,-16.9936769416086));
#3113=CARTESIAN_POINT('',(10.7139163652359,26.9980762113533,-16.9936769416086));
#3114=CARTESIAN_POINT('',(10.7139163652359,31.9980762113533,-16.9936769416086));
#3115=CARTESIAN_POINT('Origin',(8.71391636523591,26.9980762113533,-16.9936769416086));
#3116=CARTESIAN_POINT('Origin',(14.0994128540757,31.9980762113533,-0.418823058391404));
#3117=CARTESIAN_POINT('',(16.0994128540757,31.9980762113533,-0.418823058391405));
#3118=CARTESIAN_POINT('Origin',(14.0994128540757,31.9980762113533,-0.418823058391404));
#3119=CARTESIAN_POINT('',(16.0994128540757,26.9980762113533,-0.418823058391405));
#3120=CARTESIAN_POINT('',(16.0994128540757,31.9980762113533,-0.418823058391404));
#3121=CARTESIAN_POINT('Origin',(14.0994128540757,26.9980762113533,-0.418823058391404));
#3122=CARTESIAN_POINT('Origin',(-8.71391636523591,31.9980762113533,-16.9936769416086));
#3123=CARTESIAN_POINT('',(-6.71391636523591,31.9980762113533,-16.9936769416086));
#3124=CARTESIAN_POINT('Origin',(-8.71391636523591,31.9980762113533,-16.9936769416086));
#3125=CARTESIAN_POINT('',(-6.71391636523591,26.9980762113533,-16.9936769416086));
#3126=CARTESIAN_POINT('',(-6.71391636523591,31.9980762113533,-16.9936769416086));
#3127=CARTESIAN_POINT('Origin',(-8.71391636523591,26.9980762113533,-16.9936769416086));
#3128=CARTESIAN_POINT('Origin',(0.,31.9980762113533,9.825));
#3129=CARTESIAN_POINT('',(2.,31.9980762113533,9.825));
#3130=CARTESIAN_POINT('Origin',(0.,31.9980762113533,9.825));
#3131=CARTESIAN_POINT('',(2.,26.9980762113533,9.825));
#3132=CARTESIAN_POINT('',(2.,31.9980762113533,9.825));
#3133=CARTESIAN_POINT('Origin',(0.,26.9980762113533,9.825));
#3134=CARTESIAN_POINT('Origin',(-14.0994128540757,31.9980762113533,-0.418823058391409));
#3135=CARTESIAN_POINT('',(-12.0994128540757,31.9980762113533,-0.41882305839141));
#3136=CARTESIAN_POINT('Origin',(-14.0994128540757,31.9980762113533,-0.418823058391409));
#3137=CARTESIAN_POINT('',(-12.0994128540756,26.9980762113533,-0.41882305839141));
#3138=CARTESIAN_POINT('',(-12.0994128540757,31.9980762113533,-0.418823058391409));
#3139=CARTESIAN_POINT('Origin',(-14.0994128540757,26.9980762113533,-0.418823058391409));
#3140=CARTESIAN_POINT('Origin',(0.,31.9980762113533,-5.));
#3141=CARTESIAN_POINT('',(17.5,31.9980762113533,-5.));
#3142=CARTESIAN_POINT('Origin',(0.,31.9980762113533,-5.));
#3143=CARTESIAN_POINT('Origin',(0.,26.9980762113533,-5.));
#3144=CARTESIAN_POINT('',(17.5,26.9980762113533,-5.));
#3145=CARTESIAN_POINT('Origin',(0.,26.9980762113533,-5.));
#3146=CARTESIAN_POINT('',(12.5,26.9980762113533,-5.));
#3147=CARTESIAN_POINT('Origin',(0.,26.9980762113533,-5.));
#3148=CARTESIAN_POINT('Origin',(0.,26.9980762113533,-5.));
#3149=CARTESIAN_POINT('',(17.5,26.9980762113533,-5.));
#3150=CARTESIAN_POINT('Origin',(0.,16.9980762113533,-5.));
#3151=CARTESIAN_POINT('',(12.5,16.9980762113533,-5.));
#3152=CARTESIAN_POINT('',(12.5,16.9980762113533,-5.));
#3153=CARTESIAN_POINT('Origin',(0.,16.9980762113533,-5.));
#3154=CARTESIAN_POINT('Origin',(-7.3,-0.000961894323348194,-18.4));
#3155=CARTESIAN_POINT('',(-9.8,-17.0019237886467,-18.4));
#3156=CARTESIAN_POINT('',(-7.3,-17.0019237886467,-20.9));
#3157=CARTESIAN_POINT('Origin',(-7.3,-17.0019237886467,-18.4));
#3158=CARTESIAN_POINT('',(-9.8,16.9980762113533,-18.4));
#3159=CARTESIAN_POINT('',(-9.8,-0.000961894323348034,-18.4));
#3160=CARTESIAN_POINT('',(-7.3,16.9980762113533,-20.9));
#3161=CARTESIAN_POINT('Origin',(-7.3,16.9980762113533,-18.4));
#3162=CARTESIAN_POINT('',(-7.3,-0.000961894323348034,-20.9));
#3163=CARTESIAN_POINT('Origin',(17.5,-17.0019237886467,-5.45));
#3164=CARTESIAN_POINT('',(-9.62749099731446,-17.0019237886467,10.1));
#3165=CARTESIAN_POINT('',(-4.8,-17.0019237886467,10.1));
#3166=CARTESIAN_POINT('',(10.1862545013428,-17.0019237886467,10.1));
#3167=CARTESIAN_POINT('',(-4.8,-17.0019237886467,14.4));
#3168=CARTESIAN_POINT('',(-4.8,-17.0019237886467,-15.9));
#3169=CARTESIAN_POINT('',(-9.62749099731446,-17.0019237886467,14.4));
#3170=CARTESIAN_POINT('',(6.425,-17.0019237886467,14.4));
#3171=CARTESIAN_POINT('',(-9.62749099731446,-17.0019237886467,2.325));
#3172=CARTESIAN_POINT('Origin',(-7.50000037252903,0.,19.1));
#3173=CARTESIAN_POINT('',(-6.00000037252903,-1.83697019872103E-16,14.4));
#3174=CARTESIAN_POINT('Origin',(-7.50000037252903,0.,14.4));
#3175=CARTESIAN_POINT('',(-6.00000037252903,1.83697019872103E-16,9.1));
#3176=CARTESIAN_POINT('',(-6.00000037252903,-1.83697019872103E-16,19.1));
#3177=CARTESIAN_POINT('Origin',(-7.50000037252903,0.,9.1));
#3178=CARTESIAN_POINT('Origin',(-7.50000037252903,0.,9.1));
#3179=CARTESIAN_POINT('Origin',(7.49999985098839,-15.0000002235174,19.1));
#3180=CARTESIAN_POINT('',(8.99999985098839,-15.0000002235174,14.4));
#3181=CARTESIAN_POINT('Origin',(7.49999985098839,-15.0000002235174,14.4));
#3182=CARTESIAN_POINT('',(8.99999985098839,-15.0000002235174,9.1));
#3183=CARTESIAN_POINT('',(8.99999985098839,-15.0000002235174,19.1));
#3184=CARTESIAN_POINT('Origin',(7.49999985098839,-15.0000002235174,9.1));
#3185=CARTESIAN_POINT('Origin',(7.49999985098839,-15.0000002235174,9.1));
#3186=CARTESIAN_POINT('Origin',(7.49999985098839,15.0000002235174,19.1));
#3187=CARTESIAN_POINT('',(8.99999985098839,15.0000002235174,14.4));
#3188=CARTESIAN_POINT('Origin',(7.49999985098839,15.0000002235174,14.4));
#3189=CARTESIAN_POINT('',(8.99999985098839,15.0000002235174,9.1));
#3190=CARTESIAN_POINT('',(8.99999985098839,15.0000002235174,19.1));
#3191=CARTESIAN_POINT('Origin',(7.49999985098839,15.0000002235174,9.1));
#3192=CARTESIAN_POINT('Origin',(7.49999985098839,15.0000002235174,9.1));
#3193=CARTESIAN_POINT('Origin',(24.7,-16.9980762113533,19.1));
#3194=CARTESIAN_POINT('',(24.7,-16.9980762113533,14.4));
#3195=CARTESIAN_POINT('',(24.7,-12.4,14.4));
#3196=CARTESIAN_POINT('',(24.7,-8.5,14.4));
#3197=CARTESIAN_POINT('',(24.7,-16.9980762113533,14.1));
#3198=CARTESIAN_POINT('',(24.7,-16.9980762113533,0.35));
#3199=CARTESIAN_POINT('',(24.7,-12.4,14.1));
#3200=CARTESIAN_POINT('',(24.7,-9.64498093142382,14.1));
#3201=CARTESIAN_POINT('',(24.7,-12.4,16.75));
#3202=CARTESIAN_POINT('Origin',(24.7,9.64498093142385,19.1));
#3203=CARTESIAN_POINT('',(24.7,12.4,14.4));
#3204=CARTESIAN_POINT('',(24.7,16.9980762113533,14.4));
#3205=CARTESIAN_POINT('',(24.7,4.82152857138857,14.4));
#3206=CARTESIAN_POINT('',(24.7,12.4,14.1));
#3207=CARTESIAN_POINT('',(24.7,12.4,16.75));
#3208=CARTESIAN_POINT('',(24.7,16.9980762113533,14.1));
#3209=CARTESIAN_POINT('',(24.7,16.9980762113533,14.1));
#3210=CARTESIAN_POINT('',(24.7,16.9980762113533,0.35));
#3211=CARTESIAN_POINT('Origin',(34.9,2.22044604925031E-15,14.1));
#3212=CARTESIAN_POINT('',(40.1803787727815,12.4,14.1));
#3213=CARTESIAN_POINT('',(14.8401893863907,12.4,14.1));
#3214=CARTESIAN_POINT('',(40.1803787727815,-12.4,14.1));
#3215=CARTESIAN_POINT('',(40.1803787727815,6.2,14.1));
#3216=CARTESIAN_POINT('',(37.5401893863907,-12.4,14.1));
#3217=CARTESIAN_POINT('',(45.1,-16.9980762113533,14.1));
#3218=CARTESIAN_POINT('',(22.425,-16.9980762113533,14.1));
#3219=CARTESIAN_POINT('',(45.1,16.9980762113533,14.1));
#3220=CARTESIAN_POINT('',(45.1,-4.82249046571191,14.1));
#3221=CARTESIAN_POINT('',(22.425,16.9980762113533,14.1));
#3222=CARTESIAN_POINT('Origin',(45.1,-9.64498093142382,-15.9));
#3223=CARTESIAN_POINT('',(45.1,-16.9980762113533,-15.9));
#3224=CARTESIAN_POINT('',(45.1,16.9980762113533,-15.9));
#3225=CARTESIAN_POINT('Origin',(9.95,-16.9980762113533,-18.4));
#3226=CARTESIAN_POINT('',(-4.8,-16.9980762113533,14.4));
#3227=CARTESIAN_POINT('',(13.8,-16.9980762113533,14.4));
#3228=CARTESIAN_POINT('',(-4.8,-16.9980762113533,-20.9));
#3229=CARTESIAN_POINT('',(-4.8,-16.9980762113533,-20.9));
#3230=CARTESIAN_POINT('',(8.63013337649941,-16.9980762113533,-20.9));
#3231=CARTESIAN_POINT('Origin',(40.1803787727815,-12.4,14.4));
#3232=CARTESIAN_POINT('',(40.1803787727815,-12.4,-10.6));
#3233=CARTESIAN_POINT('',(40.1803787727815,-12.4,14.4));
#3234=CARTESIAN_POINT('',(-5.21962122721852,-12.4,-10.6));
#3235=CARTESIAN_POINT('',(40.1803787727815,-12.4,-10.6));
#3236=CARTESIAN_POINT('',(-5.21962122721852,-12.4,14.4));
#3237=CARTESIAN_POINT('',(-5.21962122721852,-12.4,14.4));
#3238=CARTESIAN_POINT('',(40.1803787727815,-12.4,14.4));
#3239=CARTESIAN_POINT('Origin',(17.65,-0.00192378864669385,14.4));
#3240=CARTESIAN_POINT('',(13.8,16.9980762113533,14.4));
#3241=CARTESIAN_POINT('',(8.825,-17.0019237886467,14.4));
#3242=CARTESIAN_POINT('',(-4.8,-0.00192378864669496,14.4));
#3243=CARTESIAN_POINT('',(-5.21962122721852,12.4,14.4));
#3244=CARTESIAN_POINT('',(-5.21962122721852,-12.4,14.4));
#3245=CARTESIAN_POINT('',(-5.21962122721852,12.4,14.4));
#3246=CARTESIAN_POINT('Origin',(40.1803787727815,12.4,14.4));
#3247=CARTESIAN_POINT('',(40.1803787727815,12.4,-10.6));
#3248=CARTESIAN_POINT('',(40.1803787727815,12.4,14.4));
#3249=CARTESIAN_POINT('',(40.1803787727815,12.4,-10.6));
#3250=CARTESIAN_POINT('Origin',(-5.21962122721852,12.4,14.4));
#3251=CARTESIAN_POINT('',(-5.21962122721852,12.4,-10.6));
#3252=CARTESIAN_POINT('',(-5.21962122721852,12.4,14.4));
#3253=CARTESIAN_POINT('',(-5.21962122721852,12.4,-10.6));
#3254=CARTESIAN_POINT('Origin',(-5.21962122721852,-12.4,14.4));
#3255=CARTESIAN_POINT('',(-5.21962122721852,-12.4,-10.6));
#3256=CARTESIAN_POINT('Origin',(17.4803787727815,0.,-10.6));
#3257=CARTESIAN_POINT('',(21.7536840945466,10.9980762113533,-10.6));
#3258=CARTESIAN_POINT('',(21.6463159054534,10.9980762113533,-10.6));
#3259=CARTESIAN_POINT('',(13.7151893863907,10.9980762113533,-10.6));
#3260=CARTESIAN_POINT('Origin',(21.7,10.25,-10.6));
#3261=CARTESIAN_POINT('',(-2.74631590545339,10.9980762113533,-10.6));
#3262=CARTESIAN_POINT('',(-2.85368409454661,10.9980762113533,-10.6));
#3263=CARTESIAN_POINT('',(13.7151893863907,10.9980762113533,-10.6));
#3264=CARTESIAN_POINT('Origin',(-2.8,10.25,-10.6));
#3265=CARTESIAN_POINT('',(-2.8536840945467,-10.9980762113533,-10.6));
#3266=CARTESIAN_POINT('',(-2.7463159054533,-10.9980762113533,-10.6));
#3267=CARTESIAN_POINT('',(13.7151893863907,-10.9980762113533,-10.6));
#3268=CARTESIAN_POINT('Origin',(-2.8,-10.25,-10.6));
#3269=CARTESIAN_POINT('',(21.6463159054533,-10.9980762113533,-10.6));
#3270=CARTESIAN_POINT('',(21.7536840945467,-10.9980762113533,-10.6));
#3271=CARTESIAN_POINT('',(13.7151893863907,-10.9980762113533,-10.6));
#3272=CARTESIAN_POINT('Origin',(21.7,-10.25,-10.6));
#3273=CARTESIAN_POINT('',(-4.8,10.9980762113533,-10.6));
#3274=CARTESIAN_POINT('',(-4.8,10.8903124237433,-10.6));
#3275=CARTESIAN_POINT('',(-4.8,-0.000961894323348034,-10.6));
#3276=CARTESIAN_POINT('',(-4.7622390226492,10.9980762113533,-10.6));
#3277=CARTESIAN_POINT('',(13.7151893863907,10.9980762113533,-10.6));
#3278=CARTESIAN_POINT('Origin',(-2.8,10.25,-10.6));
#3279=CARTESIAN_POINT('',(-4.8,-10.8903124237433,-10.6));
#3280=CARTESIAN_POINT('',(-4.8,-10.9980762113533,-10.6));
#3281=CARTESIAN_POINT('',(-4.8,-0.000961894323348034,-10.6));
#3282=CARTESIAN_POINT('',(-4.76223902264921,-10.9980762113533,-10.6));
#3283=CARTESIAN_POINT('Origin',(-2.8,-10.25,-10.6));
#3284=CARTESIAN_POINT('',(13.7151893863907,-10.9980762113533,-10.6));
#3285=CARTESIAN_POINT('',(-4.8,9.60968757625671,-10.6));
#3286=CARTESIAN_POINT('',(-4.8,-9.60968757625671,-10.6));
#3287=CARTESIAN_POINT('',(-4.8,-0.000961894323348034,-10.6));
#3288=CARTESIAN_POINT('',(-4.7980762113533,9.6037094665524,-10.6));
#3289=CARTESIAN_POINT('Origin',(-2.8,10.25,-10.6));
#3290=CARTESIAN_POINT('',(-4.7980762114435,-9.60370946684141,-10.6));
#3291=CARTESIAN_POINT('',(-4.7980762113533,-4.80185473342071,-10.6));
#3292=CARTESIAN_POINT('Origin',(-2.8,-10.25,-10.6));
#3293=CARTESIAN_POINT('',(40.1,-9.64498093142382,-10.6));
#3294=CARTESIAN_POINT('',(40.1,9.64498093142383,-10.6));
#3295=CARTESIAN_POINT('',(40.1,8.49903810567665,-10.6));
#3296=CARTESIAN_POINT('',(24.7,-9.64498093142382,-10.6));
#3297=CARTESIAN_POINT('',(21.0901893863907,-9.64498093142382,-10.6));
#3298=CARTESIAN_POINT('',(21.1193661730973,-6.50000000000001,-10.6));
#3299=CARTESIAN_POINT('Origin',(30.,1.53080849893419E-15,-10.6));
#3300=CARTESIAN_POINT('',(18.45,-6.50000000000001,-10.6));
#3301=CARTESIAN_POINT('',(17.9651893863907,-6.50000000000001,-10.6));
#3302=CARTESIAN_POINT('',(18.45,-10.1,-10.6));
#3303=CARTESIAN_POINT('',(18.45,-5.05,-10.6));
#3304=CARTESIAN_POINT('',(13.45,-10.1,-10.6));
#3305=CARTESIAN_POINT('',(15.4651893863907,-10.1,-10.6));
#3306=CARTESIAN_POINT('',(13.45,-9.2,-10.6));
#3307=CARTESIAN_POINT('',(13.45,-4.6,-10.6));
#3308=CARTESIAN_POINT('',(0.1,-9.20000000000001,-10.6));
#3309=CARTESIAN_POINT('',(8.79018938639074,-9.20000000000001,-10.6));
#3310=CARTESIAN_POINT('',(0.1,9.2,-10.6));
#3311=CARTESIAN_POINT('',(0.1,4.6,-10.6));
#3312=CARTESIAN_POINT('',(13.45,9.2,-10.6));
#3313=CARTESIAN_POINT('',(15.4651893863907,9.2,-10.6));
#3314=CARTESIAN_POINT('',(13.45,10.1,-10.6));
#3315=CARTESIAN_POINT('',(13.45,5.05,-10.6));
#3316=CARTESIAN_POINT('',(18.45,10.1,-10.6));
#3317=CARTESIAN_POINT('',(17.9651893863907,10.1,-10.6));
#3318=CARTESIAN_POINT('',(18.45,6.50000000000001,-10.6));
#3319=CARTESIAN_POINT('',(18.45,3.25000000000001,-10.6));
#3320=CARTESIAN_POINT('',(21.1193661730973,6.50000000000001,-10.6));
#3321=CARTESIAN_POINT('',(19.2998724729394,6.50000000000001,-10.6));
#3322=CARTESIAN_POINT('',(24.7,9.64498093142383,-10.6));
#3323=CARTESIAN_POINT('Origin',(30.,1.53080849893419E-15,-10.6));
#3324=CARTESIAN_POINT('',(21.0901893863907,9.64498093142383,-10.6));
#3325=CARTESIAN_POINT('Origin',(13.45,9.2,-15.9));
#3326=CARTESIAN_POINT('',(0.100000000000002,9.2,-20.9));
#3327=CARTESIAN_POINT('',(0.1,9.2,-15.9));
#3328=CARTESIAN_POINT('',(10.3801333764994,9.2,-20.9));
#3329=CARTESIAN_POINT('',(13.45,9.2,-15.9));
#3330=CARTESIAN_POINT('Origin',(0.1,9.2,-15.9));
#3331=CARTESIAN_POINT('',(0.100000000000002,-9.20000000000001,-20.9));
#3332=CARTESIAN_POINT('',(0.1,-9.20000000000001,-15.9));
#3333=CARTESIAN_POINT('',(0.1,13.0990381056767,-20.9));
#3334=CARTESIAN_POINT('Origin',(0.1,-9.20000000000001,-15.9));
#3335=CARTESIAN_POINT('',(13.45,-9.2,-15.9));
#3336=CARTESIAN_POINT('',(3.70513337649941,-9.20000000000001,-20.9));
#3337=CARTESIAN_POINT('Origin',(13.45,10.1,-15.9));
#3338=CARTESIAN_POINT('',(13.45,10.1,-15.9));
#3339=CARTESIAN_POINT('Origin',(13.45,-9.2,-15.9));
#3340=CARTESIAN_POINT('',(13.45,-10.1,-15.9));
#3341=CARTESIAN_POINT('Origin',(18.45,10.1,-15.9));
#3342=CARTESIAN_POINT('',(18.45,10.1,-15.9));
#3343=CARTESIAN_POINT('Origin',(13.45,-10.1,-15.9));
#3344=CARTESIAN_POINT('',(18.45,-10.1,-15.9));
#3345=CARTESIAN_POINT('Origin',(18.45,6.50000000000001,-15.9));
#3346=CARTESIAN_POINT('',(18.45,6.50000000000001,-15.9));
#3347=CARTESIAN_POINT('Origin',(18.45,-10.1,-15.9));
#3348=CARTESIAN_POINT('',(18.45,-6.50000000000001,-15.9));
#3349=CARTESIAN_POINT('Origin',(21.1193661730973,6.50000000000001,-15.9));
#3350=CARTESIAN_POINT('',(21.1193661730973,6.50000000000001,-15.9));
#3351=CARTESIAN_POINT('Origin',(18.45,-6.50000000000001,-15.9));
#3352=CARTESIAN_POINT('',(21.1193661730973,-6.50000000000001,-15.9));
#3353=CARTESIAN_POINT('Origin',(30.,1.53080849893419E-15,-15.9));
#3354=CARTESIAN_POINT('',(24.7,9.64498093142383,-15.9));
#3355=CARTESIAN_POINT('Origin',(30.,1.53080849893419E-15,-15.9));
#3356=CARTESIAN_POINT('',(24.7,-9.64498093142382,-15.9));
#3357=CARTESIAN_POINT('Origin',(24.7,9.64498093142383,-15.9));
#3358=CARTESIAN_POINT('',(40.1,9.64498093142383,-15.9));
#3359=CARTESIAN_POINT('Origin',(24.7,-9.64498093142382,-20.9));
#3360=CARTESIAN_POINT('',(40.1,-9.64498093142382,-18.4));
#3361=CARTESIAN_POINT('Origin',(40.1,16.9980762113533,-15.9));
#3362=CARTESIAN_POINT('Origin',(-4.7980762113533,-9.60370946684141,-15.9));
#3363=CARTESIAN_POINT('',(-4.7980762113533,9.6037094665524,-20.9));
#3364=CARTESIAN_POINT('',(-4.7980762113533,9.6037094665524,-15.9));
#3365=CARTESIAN_POINT('',(-4.7980762114435,-9.60370946684141,-20.8999999996638));
#3366=CARTESIAN_POINT('',(-4.7980762113533,3.69718337225595,-20.9));
#3367=CARTESIAN_POINT('',(-4.7980762114435,-9.60370946684141,-15.8999999996638));
#3368=CARTESIAN_POINT('Origin',(-2.8,-10.25,-15.9));
#3369=CARTESIAN_POINT('',(-4.8,-9.60968757625671,-20.9));
#3370=CARTESIAN_POINT('Origin',(-2.8,-10.25,-20.9));
#3371=CARTESIAN_POINT('',(-4.8,-9.60968757625671,-15.9));
#3372=CARTESIAN_POINT('Origin',(-2.8,10.25,-15.9));
#3373=CARTESIAN_POINT('',(-4.8,9.60968757625671,-20.9));
#3374=CARTESIAN_POINT('',(-4.8,9.60968757625671,-15.9));
#3375=CARTESIAN_POINT('Origin',(-2.8,10.25,-20.9));
#3376=CARTESIAN_POINT('Origin',(-4.8,-0.00192378864669607,-18.4));
#3377=CARTESIAN_POINT('',(-4.8,8.4980762113533,-20.9));
#3378=CARTESIAN_POINT('Origin',(9.95,-10.9980762113533,-18.4));
#3379=CARTESIAN_POINT('',(-4.76223902264921,-10.9980762113533,-20.9));
#3380=CARTESIAN_POINT('',(-4.76223902264921,-10.9980762113533,-15.9));
#3381=CARTESIAN_POINT('',(-4.8,-10.9980762113533,-20.9));
#3382=CARTESIAN_POINT('',(8.63013337649941,-10.9980762113533,-20.9));
#3383=CARTESIAN_POINT('',(-4.8,-10.9980762113533,-20.9));
#3384=CARTESIAN_POINT('Origin',(-2.8,-10.25,-15.9));
#3385=CARTESIAN_POINT('',(-4.8,-10.8903124237433,-20.9));
#3386=CARTESIAN_POINT('',(-4.8,-10.8903124237433,-15.9));
#3387=CARTESIAN_POINT('Origin',(-2.8,-10.25,-20.9));
#3388=CARTESIAN_POINT('Origin',(-4.8,-0.00192378864669607,-18.4));
#3389=CARTESIAN_POINT('',(-4.8,8.4980762113533,-20.9));
#3390=CARTESIAN_POINT('Origin',(9.95,10.9980762113533,-18.4));
#3391=CARTESIAN_POINT('',(-4.8,10.9980762113533,-20.9));
#3392=CARTESIAN_POINT('',(-4.8,10.9980762113533,-20.9));
#3393=CARTESIAN_POINT('',(-4.7622390226492,10.9980762113533,-20.9));
#3394=CARTESIAN_POINT('',(8.63013337649941,10.9980762113533,-20.9));
#3395=CARTESIAN_POINT('',(-4.7622390226492,10.9980762113533,-15.9));
#3396=CARTESIAN_POINT('Origin',(-2.8,10.25,-15.9));
#3397=CARTESIAN_POINT('',(-4.8,10.8903124237433,-20.9));
#3398=CARTESIAN_POINT('Origin',(-2.8,10.25,-20.9));
#3399=CARTESIAN_POINT('',(-4.8,10.8903124237433,-15.9));
#3400=CARTESIAN_POINT('Origin',(-4.8,-0.00192378864669607,-18.4));
#3401=CARTESIAN_POINT('',(-4.8,8.4980762113533,-20.9));
#3402=CARTESIAN_POINT('Origin',(21.7,-10.25,-15.9));
#3403=CARTESIAN_POINT('',(21.6463159054533,-10.9980762113533,-15.9));
#3404=CARTESIAN_POINT('',(21.7536840945467,-10.9980762113533,-15.9));
#3405=CARTESIAN_POINT('Origin',(9.95,-10.9980762113533,-18.4));
#3406=CARTESIAN_POINT('Origin',(-2.8,-10.25,-15.9));
#3407=CARTESIAN_POINT('',(-2.8536840945467,-10.9980762113533,-20.9));
#3408=CARTESIAN_POINT('',(-2.8536840945467,-10.9980762113533,-15.9));
#3409=CARTESIAN_POINT('',(-2.7463159054533,-10.9980762113533,-20.9));
#3410=CARTESIAN_POINT('Origin',(-2.8,-10.25,-20.9));
#3411=CARTESIAN_POINT('',(-2.7463159054533,-10.9980762113533,-15.9));
#3412=CARTESIAN_POINT('Origin',(9.95,-10.9980762113533,-18.4));
#3413=CARTESIAN_POINT('',(8.63013337649941,-10.9980762113533,-20.9));
#3414=CARTESIAN_POINT('Origin',(-2.8,10.25,-15.9));
#3415=CARTESIAN_POINT('',(-2.74631590545339,10.9980762113533,-20.9));
#3416=CARTESIAN_POINT('',(-2.74631590545339,10.9980762113533,-15.9));
#3417=CARTESIAN_POINT('',(-2.85368409454661,10.9980762113533,-20.9));
#3418=CARTESIAN_POINT('Origin',(-2.8,10.25,-20.9));
#3419=CARTESIAN_POINT('',(-2.85368409454661,10.9980762113533,-15.9));
#3420=CARTESIAN_POINT('Origin',(9.95,10.9980762113533,-18.4));
#3421=CARTESIAN_POINT('',(8.63013337649941,10.9980762113533,-20.9));
#3422=CARTESIAN_POINT('Origin',(21.7,10.25,-15.9));
#3423=CARTESIAN_POINT('',(21.7536840945466,10.9980762113533,-15.9));
#3424=CARTESIAN_POINT('',(21.6463159054534,10.9980762113533,-15.9));
#3425=CARTESIAN_POINT('Origin',(9.95,10.9980762113533,-18.4));
#3426=CARTESIAN_POINT('Origin',(-4.8,-0.00192378864669607,-18.4));
#3427=CARTESIAN_POINT('',(-4.8,-17.0019237886467,-20.9));
#3428=CARTESIAN_POINT('',(-4.8,-17.0019237886467,-11.925));
#3429=CARTESIAN_POINT('',(-4.8,8.4980762113533,-20.9));
#3430=CARTESIAN_POINT('Origin',(-9.8,16.9980762113533,-19.4986206240456));
#3431=CARTESIAN_POINT('',(-9.8,-17.0019237886467,-19.4986206240456));
#3432=CARTESIAN_POINT('',(-9.8,-17.0019237886467,-12.4743103120228));
#3433=CARTESIAN_POINT('',(-9.8,16.9980762113533,-19.4986206240456));
#3434=CARTESIAN_POINT('',(-9.8,16.9980762113533,-19.4986206240456));
#3435=CARTESIAN_POINT('',(-9.8,16.9980762113533,-20.9));
#3436=CARTESIAN_POINT('Origin',(7.31026675299883,16.9980762113533,-20.9));
#3437=CARTESIAN_POINT('Origin',(7.31026675299883,16.9980762113533,-20.9));
#3438=CARTESIAN_POINT('Origin',(7.31026675299883,16.9980762113533,-20.9));
#3439=CARTESIAN_POINT('Origin',(7.31026675299883,16.9980762113533,-20.9));
#3440=CARTESIAN_POINT('Origin',(7.31026675299883,16.9980762113533,-20.9));
#3441=CARTESIAN_POINT('Origin',(7.31026675299883,16.9980762113533,-20.9));
#3442=CARTESIAN_POINT('',(7.31026675299883,-17.0019237886467,-20.9));
#3443=CARTESIAN_POINT('',(3.65513337649941,-17.0019237886467,-20.9));
#3444=CARTESIAN_POINT('',(7.31026675299883,16.9980762113533,-20.9));
#3445=CARTESIAN_POINT('Origin',(7.31026675299883,16.9980762113533,-20.9));
#3446=CARTESIAN_POINT('',(-7.31026675299882,16.9980762113533,-20.9));
#3447=CARTESIAN_POINT('',(45.1,16.9980762113533,-20.9));
#3448=CARTESIAN_POINT('',(-7.31026675299882,-17.0019237886467,-20.9));
#3449=CARTESIAN_POINT('',(-7.31026675299882,16.9980762113533,-20.9));
#3450=CARTESIAN_POINT('',(3.65513337649941,-17.0019237886467,-20.9));
#3451=CARTESIAN_POINT('Origin',(7.31026675299883,16.9980762113533,-20.9));
#3452=CARTESIAN_POINT('',(7.31026675299883,16.9980762113533,-20.9));
#3453=CARTESIAN_POINT('Origin',(0.,16.9980762113533,-5.));
#3454=CARTESIAN_POINT('Origin',(0.,-17.0019237886467,-5.));
#3455=CARTESIAN_POINT('Origin',(0.,16.9980762113533,-5.));
#3456=CARTESIAN_POINT('Origin',(5.55111512312578E-15,16.9980762113533,-21.7));
#3457=CARTESIAN_POINT('Origin',(0.,16.9980762113533,-5.));
#3458=CARTESIAN_POINT('Origin',(0.,16.9980762113533,-5.));
#3459=CARTESIAN_POINT('Origin',(0.,-17.0019237886467,-5.));
#3460=CARTESIAN_POINT('Origin',(45.3725090026855,-15.0021954895074,24.1));
#3461=CARTESIAN_POINT('',(40.3725090026855,-37.0019237886467,24.1));
#3462=CARTESIAN_POINT('',(46.1803398874989,-37.0019237886467,24.1));
#3463=CARTESIAN_POINT('',(22.6862545013428,-37.0019237886467,24.1));
#3464=CARTESIAN_POINT('',(40.3725090026855,-17.0019237886467,24.1));
#3465=CARTESIAN_POINT('',(40.3725090026855,-24.0010977447537,24.1));
#3466=CARTESIAN_POINT('',(45.,-17.0019237886467,24.1));
#3467=CARTESIAN_POINT('',(20.,-17.0019237886467,24.1));
#3468=CARTESIAN_POINT('',(46.1803398874989,-18.1822636761456,24.1));
#3469=CARTESIAN_POINT('',(45.8431951758865,-17.8451189645333,24.1));
#3470=CARTESIAN_POINT('',(46.1803398874989,-17.0019237886467,24.1));
#3471=CARTESIAN_POINT('Origin',(45.3725090026855,-45.3021954895074,19.1));
#3472=CARTESIAN_POINT('',(41.4206819942639,-27.0019237886467,19.1));
#3473=CARTESIAN_POINT('',(40.3725090026855,-27.0019237886467,19.1));
#3474=CARTESIAN_POINT('',(22.6862545013428,-27.0019237886467,19.1));
#3475=CARTESIAN_POINT('',(41.4206819942639,-37.0019237886467,19.1));
#3476=CARTESIAN_POINT('',(41.4206819942639,-36.152059639077,19.1));
#3477=CARTESIAN_POINT('',(49.142135623731,-37.0019237886467,19.1));
#3478=CARTESIAN_POINT('',(22.6862545013428,-37.0019237886467,19.1));
#3479=CARTESIAN_POINT('',(49.142135623731,-21.1440594123776,19.1));
#3480=CARTESIAN_POINT('',(49.142135623731,-17.0019237886467,19.1));
#3481=CARTESIAN_POINT('',(45.,-17.0019237886467,19.1));
#3482=CARTESIAN_POINT('',(53.4181951758866,-25.4201189645333,19.1));
#3483=CARTESIAN_POINT('',(40.3725090026855,-17.0019237886467,19.1));
#3484=CARTESIAN_POINT('',(22.6862545013428,-17.0019237886467,19.1));
#3485=CARTESIAN_POINT('',(40.3725090026855,-39.1510977447537,19.1));
#3486=CARTESIAN_POINT('Origin',(41.4206819942639,-27.0019237886467,19.8567564159071));
#3487=CARTESIAN_POINT('',(41.4206819942639,-27.0019237886467,-30.9024076039198));
#3488=CARTESIAN_POINT('',(41.4206819942639,-27.0019237886467,7.20337820795356));
#3489=CARTESIAN_POINT('',(41.4206819942639,-37.0019237886467,-30.9024076039198));
#3490=CARTESIAN_POINT('',(41.4206819942639,-27.0019237886467,-30.9024076039198));
#3491=CARTESIAN_POINT('',(41.4206819942639,-37.0019237886467,-10.7602824700444));
#3492=CARTESIAN_POINT('',(41.4206819942639,-37.0019237886467,19.8567564159071));
#3493=CARTESIAN_POINT('',(41.4206819942639,-34.5019237886467,-10.7602824700444));
#3494=CARTESIAN_POINT('',(41.4206819942639,-32.0019237886467,-10.7602824700444));
#3495=CARTESIAN_POINT('',(41.4206819942639,-34.5019237886467,0.));
#3496=CARTESIAN_POINT('',(41.4206819942639,-34.5019237886467,7.23830759044246));
#3497=CARTESIAN_POINT('',(41.4206819942639,-37.0019237886467,0.));
#3498=CARTESIAN_POINT('',(41.4206819942639,-32.0019237886467,0.));
#3499=CARTESIAN_POINT('',(41.4206819942639,-37.0019237886467,19.8567564159071));
#3500=CARTESIAN_POINT('Origin',(35.,-17.0019237886467,14.1));
#3501=CARTESIAN_POINT('',(45.6066017177982,-17.6085255064449,24.7066017177982));
#3502=CARTESIAN_POINT('Origin',(35.,-7.0019237886467,14.1));
#3503=CARTESIAN_POINT('',(35.,-22.0019237886467,29.1));
#3504=CARTESIAN_POINT('Origin',(35.,-7.0019237886467,14.1));
#3505=CARTESIAN_POINT('',(35.,-37.0019237886467,29.1));
#3506=CARTESIAN_POINT('',(35.,-17.0019237886467,29.1));
#3507=CARTESIAN_POINT('Origin',(35.,-37.0019237886467,14.1));
#3508=CARTESIAN_POINT('Origin',(47.5,-19.5019237886467,-17.725));
#3509=CARTESIAN_POINT('',(50.,-22.0019237886467,29.1));
#3510=CARTESIAN_POINT('Origin',(0.,-37.0019237886467,-5.45));
#3511=CARTESIAN_POINT('',(-35.,-37.0019237886467,29.1));
#3512=CARTESIAN_POINT('',(50.,-37.0019237886467,29.1));
#3513=CARTESIAN_POINT('',(-50.,-37.0019237886467,14.1));
#3514=CARTESIAN_POINT('Origin',(-35.,-37.0019237886467,14.1));
#3515=CARTESIAN_POINT('',(-50.,-37.0019237886467,0.));
#3516=CARTESIAN_POINT('',(-50.,-37.0019237886467,29.1));
#3517=CARTESIAN_POINT('',(-40.8867124406638,-37.0019237886467,0.));
#3518=CARTESIAN_POINT('',(-25.,-37.0019237886467,0.));
#3519=CARTESIAN_POINT('',(-40.8867124406638,-37.0019237886467,19.8567564159071));
#3520=CARTESIAN_POINT('',(-40.8867124406638,-37.0019237886467,-30.9024076039198));
#3521=CARTESIAN_POINT('',(-9.62749099731446,-37.0019237886467,19.8567564159071));
#3522=CARTESIAN_POINT('',(-40.8867124406638,-37.0019237886467,19.8567564159071));
#3523=CARTESIAN_POINT('',(-9.62749099731446,-37.0019237886467,27.1));
#3524=CARTESIAN_POINT('',(-9.62749099731446,-37.0019237886467,10.825));
#3525=CARTESIAN_POINT('',(40.3725090026855,-37.0019237886467,27.1));
#3526=CARTESIAN_POINT('',(20.1862545013428,-37.0019237886467,27.1));
#3527=CARTESIAN_POINT('',(40.3725090026855,-37.0019237886467,7.20337820795356));
#3528=CARTESIAN_POINT('Origin',(0.,-37.0019237886467,-5.45));
#3529=CARTESIAN_POINT('',(50.,-37.0019237886467,0.));
#3530=CARTESIAN_POINT('',(-25.,-37.0019237886467,0.));
#3531=CARTESIAN_POINT('',(50.,-37.0019237886467,14.1));
#3532=CARTESIAN_POINT('',(50.,-37.0019237886467,-40.));
#3533=CARTESIAN_POINT('Origin',(35.,-37.0019237886467,14.1));
#3534=CARTESIAN_POINT('Origin',(0.,-27.0019237886467,-5.45));
#3535=CARTESIAN_POINT('',(40.3725090026855,-27.0019237886467,10.1));
#3536=CARTESIAN_POINT('',(40.3725090026855,-27.0019237886467,6.825));
#3537=CARTESIAN_POINT('',(-9.62749099731446,-27.0019237886467,10.1));
#3538=CARTESIAN_POINT('',(10.1862545013428,-27.0019237886467,10.1));
#3539=CARTESIAN_POINT('',(-9.62749099731446,-27.0019237886467,19.8567564159071));
#3540=CARTESIAN_POINT('',(-9.62749099731446,-27.0019237886467,2.325));
#3541=CARTESIAN_POINT('',(-40.8867124406638,-27.0019237886467,19.8567564159071));
#3542=CARTESIAN_POINT('',(-20.4433562203319,-27.0019237886467,19.8567564159071));
#3543=CARTESIAN_POINT('',(-40.8867124406638,-27.0019237886467,-30.9024076039198));
#3544=CARTESIAN_POINT('',(-40.8867124406638,-27.0019237886467,-18.1762038019599));
#3545=CARTESIAN_POINT('',(20.7103409971319,-27.0019237886467,-30.9024076039198));
#3546=CARTESIAN_POINT('',(-2.50000000000001,-27.0019237886467,-5.45));
#3547=CARTESIAN_POINT('Origin',(-8.88178419700125E-15,-27.0019237886467,
-5.45));
#3548=CARTESIAN_POINT('Origin',(40.3725090026855,-33.,19.1));
#3549=CARTESIAN_POINT('',(40.3725090026855,-17.0019237886467,10.1));
#3550=CARTESIAN_POINT('',(40.3725090026855,-17.0019237886467,6.825));
#3551=CARTESIAN_POINT('',(40.3725090026855,-33.,10.1));
#3552=CARTESIAN_POINT('Origin',(-40.8867124406638,-27.0019237886467,19.8567564159071));
#3553=CARTESIAN_POINT('',(-9.62749099731446,-27.0019237886467,19.8567564159071));
#3554=CARTESIAN_POINT('',(-40.8867124406638,-27.0019237886467,19.8567564159071));
#3555=CARTESIAN_POINT('Origin',(-9.62749099731446,-33.,10.1));
#3556=CARTESIAN_POINT('',(-9.62749099731446,-33.,10.1));
#3557=CARTESIAN_POINT('',(-9.62749099731446,-17.0019237886467,24.1));
#3558=CARTESIAN_POINT('',(-9.62749099731446,-17.0019237886467,2.325));
#3559=CARTESIAN_POINT('',(-9.62749099731446,-20.0019237886467,27.1));
#3560=CARTESIAN_POINT('',(-9.62749099731446,-18.751442841485,25.8495190528383));
#3561=CARTESIAN_POINT('',(-9.62749099731446,-33.,27.1));
#3562=CARTESIAN_POINT('Origin',(20.,-19.5019237886467,26.6));
#3563=CARTESIAN_POINT('',(40.3725090026855,-20.0019237886467,27.1));
#3564=CARTESIAN_POINT('',(20.1862545013428,-20.0019237886467,27.1));
#3565=CARTESIAN_POINT('',(-45.,-17.0019237886467,24.1));
#3566=CARTESIAN_POINT('',(20.,-17.0019237886467,24.1));
#3567=CARTESIAN_POINT('',(-45.6066017177982,-17.6085255064449,24.7066017177982));
#3568=CARTESIAN_POINT('',(-45.,-17.0019237886467,24.1));
#3569=CARTESIAN_POINT('',(-35.,-22.0019237886467,29.1));
#3570=CARTESIAN_POINT('Origin',(-35.,-7.0019237886467,14.1));
#3571=CARTESIAN_POINT('',(20.,-22.0019237886467,29.1));
#3572=CARTESIAN_POINT('',(40.3725090026855,-19.5019237886467,26.6));
#3573=CARTESIAN_POINT('Origin',(20.3725090026855,-33.,27.1));
#3574=CARTESIAN_POINT('',(40.3725090026855,-33.,27.1));
#3575=CARTESIAN_POINT('Origin',(40.3725090026855,-33.,19.1));
#3576=CARTESIAN_POINT('Origin',(40.3725090026855,-33.,10.1));
#3577=CARTESIAN_POINT('',(10.1862545013428,-17.0019237886467,10.1));
#3578=CARTESIAN_POINT('Origin',(-8.88178419700125E-15,-24.5019237886467,
-5.45));
#3579=CARTESIAN_POINT('',(-2.50000000000001,-24.5019237886467,-5.45));
#3580=CARTESIAN_POINT('Origin',(-8.88178419700125E-15,-24.5019237886467,
-5.45));
#3581=CARTESIAN_POINT('Origin',(-8.88178419700125E-15,-27.0019237886467,
-5.45));
#3582=CARTESIAN_POINT('',(-2.50000000000001,-27.0019237886467,-5.45));
#3583=CARTESIAN_POINT('Origin',(0.,-37.0019237886467,-5.45));
#3584=CARTESIAN_POINT('',(50.,-37.0019237886467,-25.));
#3585=CARTESIAN_POINT('',(35.,-37.0019237886467,-40.));
#3586=CARTESIAN_POINT('Origin',(35.,-37.0019237886467,-25.));
#3587=CARTESIAN_POINT('',(50.,-37.0019237886467,-10.7602824700444));
#3588=CARTESIAN_POINT('',(50.,-37.0019237886467,-40.));
#3589=CARTESIAN_POINT('',(25.,-37.0019237886467,-10.7602824700444));
#3590=CARTESIAN_POINT('',(-40.8867124406638,-37.0019237886467,-30.9024076039198));
#3591=CARTESIAN_POINT('',(41.4206819942639,-37.0019237886467,-30.9024076039198));
#3592=CARTESIAN_POINT('',(-40.8867124406638,-37.0019237886467,-10.7602824700444));
#3593=CARTESIAN_POINT('',(-40.8867124406638,-37.0019237886467,-30.9024076039198));
#3594=CARTESIAN_POINT('',(-50.,-37.0019237886467,-10.7602824700444));
#3595=CARTESIAN_POINT('',(25.,-37.0019237886467,-10.7602824700444));
#3596=CARTESIAN_POINT('',(-50.,-37.0019237886467,-25.));
#3597=CARTESIAN_POINT('',(-50.,-37.0019237886467,29.1));
#3598=CARTESIAN_POINT('',(-35.,-37.0019237886467,-40.));
#3599=CARTESIAN_POINT('Origin',(-35.,-37.0019237886467,-25.));
#3600=CARTESIAN_POINT('',(-50.,-37.0019237886467,-40.));
#3601=CARTESIAN_POINT('Origin',(41.4206819942639,-27.0019237886467,-30.9024076039198));
#3602=CARTESIAN_POINT('',(-40.8867124406638,-27.0019237886467,-30.9024076039198));
#3603=CARTESIAN_POINT('Origin',(-40.8867124406638,-27.0019237886467,-30.9024076039198));
#3604=CARTESIAN_POINT('',(-40.8867124406638,-34.5019237886467,-10.7602824700444));
#3605=CARTESIAN_POINT('',(-40.8867124406638,-32.0019237886467,-10.7602824700444));
#3606=CARTESIAN_POINT('',(-40.8867124406638,-34.5019237886467,0.));
#3607=CARTESIAN_POINT('',(-40.8867124406638,-32.0019237886467,0.));
#3608=CARTESIAN_POINT('',(-40.8867124406638,-34.5019237886467,-18.141274419471));
#3609=CARTESIAN_POINT('Origin',(0.,-34.5019237886467,-5.3801412350222));
#3610=CARTESIAN_POINT('',(-50.,-34.5019237886467,0.));
#3611=CARTESIAN_POINT('',(50.,-34.5019237886467,0.));
#3612=CARTESIAN_POINT('',(-50.,-34.5019237886467,-10.7602824700444));
#3613=CARTESIAN_POINT('',(-50.,-34.5019237886467,6.8599293824889));
#3614=CARTESIAN_POINT('',(-50.,-34.5019237886467,-10.7602824700444));
#3615=CARTESIAN_POINT('',(-47.,-34.5019237886467,-5.));
#3616=CARTESIAN_POINT('Origin',(-45.,-34.5019237886467,-5.));
#3617=CARTESIAN_POINT('Origin',(-50.,-37.0019237886467,0.));
#3618=CARTESIAN_POINT('',(-50.,-27.0019237886467,0.));
#3619=CARTESIAN_POINT('Origin',(50.,-37.0019237886467,-10.7602824700444));
#3620=CARTESIAN_POINT('',(-50.,-27.0019237886467,-10.7602824700444));
#3621=CARTESIAN_POINT('Origin',(-50.,-37.0019237886467,0.));
#3622=CARTESIAN_POINT('',(50.,-34.5019237886467,0.));
#3623=CARTESIAN_POINT('',(50.,-34.5019237886467,0.));
#3624=CARTESIAN_POINT('',(50.,-27.0019237886467,0.));
#3625=CARTESIAN_POINT('Origin',(0.,-34.5019237886467,-5.3801412350222));
#3626=CARTESIAN_POINT('',(50.,-34.5019237886467,-10.7602824700444));
#3627=CARTESIAN_POINT('',(-50.,-34.5019237886467,-10.7602824700444));
#3628=CARTESIAN_POINT('',(50.,-34.5019237886467,-17.6900706175111));
#3629=CARTESIAN_POINT('',(44.,-34.5019237886467,-5.));
#3630=CARTESIAN_POINT('Origin',(46.,-34.5019237886467,-5.));
#3631=CARTESIAN_POINT('Origin',(50.,-37.0019237886467,-10.7602824700444));
#3632=CARTESIAN_POINT('',(50.,-27.0019237886467,-10.7602824700444));
#3633=CARTESIAN_POINT('Origin',(46.,-29.0019237886467,-5.));
#3634=CARTESIAN_POINT('',(44.,-29.0019237886467,-5.));
#3635=CARTESIAN_POINT('Origin',(46.,-29.0019237886467,-5.));
#3636=CARTESIAN_POINT('Origin',(46.,-37.0019237886467,-5.));
#3637=CARTESIAN_POINT('',(44.,-37.0019237886467,-5.));
#3638=CARTESIAN_POINT('Origin',(-45.,-29.0019237886467,-5.));
#3639=CARTESIAN_POINT('',(-47.,-29.0019237886467,-5.));
#3640=CARTESIAN_POINT('Origin',(-45.,-29.0019237886467,-5.));
#3641=CARTESIAN_POINT('Origin',(-45.,-37.0019237886467,-5.));
#3642=CARTESIAN_POINT('',(-47.,-37.0019237886467,-5.));
#3643=CARTESIAN_POINT('Origin',(0.,-17.0019237886467,-5.45));
#3644=CARTESIAN_POINT('',(45.,-17.0019237886467,-35.));
#3645=CARTESIAN_POINT('',(45.,-17.0019237886467,-17.725));
#3646=CARTESIAN_POINT('',(-45.,-17.0019237886467,-35.));
#3647=CARTESIAN_POINT('',(-20.,-17.0019237886467,-35.));
#3648=CARTESIAN_POINT('',(-45.,-17.0019237886467,6.825));
#3649=CARTESIAN_POINT('Origin',(50.,-17.0019237886467,-30.));
#3650=CARTESIAN_POINT('',(50.,-22.0019237886467,14.1));
#3651=CARTESIAN_POINT('',(50.,-17.0019237886467,14.1));
#3652=CARTESIAN_POINT('',(50.,-22.0019237886467,-25.));
#3653=CARTESIAN_POINT('',(50.,-17.0019237886467,-25.));
#3654=CARTESIAN_POINT('',(50.,-22.0019237886467,-17.725));
#3655=CARTESIAN_POINT('Origin',(-35.,-17.0019237886467,-25.));
#3656=CARTESIAN_POINT('',(-50.,-22.0019237886467,-25.));
#3657=CARTESIAN_POINT('',(-50.,-17.0019237886467,-25.));
#3658=CARTESIAN_POINT('',(-45.6066017177982,-17.6085255064449,-35.6066017177982));
#3659=CARTESIAN_POINT('Origin',(-35.,-7.0019237886467,-25.));
#3660=CARTESIAN_POINT('',(-35.,-22.0019237886467,-40.));
#3661=CARTESIAN_POINT('Origin',(-35.,-7.0019237886467,-25.));
#3662=CARTESIAN_POINT('',(-35.,-17.0019237886467,-40.));
#3663=CARTESIAN_POINT('Origin',(-40.,-17.0019237886467,-40.));
#3664=CARTESIAN_POINT('',(35.,-22.0019237886467,-40.));
#3665=CARTESIAN_POINT('',(35.,-17.0019237886467,-40.));
#3666=CARTESIAN_POINT('',(-20.,-22.0019237886467,-40.));
#3667=CARTESIAN_POINT('Origin',(-20.,-19.5019237886467,-37.5));
#3668=CARTESIAN_POINT('',(45.6066017177982,-17.6085255064449,-35.6066017177982));
#3669=CARTESIAN_POINT('Origin',(35.,-7.0019237886467,-25.));
#3670=CARTESIAN_POINT('',(-45.,-17.0019237886467,-35.));
#3671=CARTESIAN_POINT('',(50.,-22.0019237886467,-40.));
#3672=CARTESIAN_POINT('Origin',(35.,-17.0019237886467,-25.));
#3673=CARTESIAN_POINT('Origin',(35.,-7.0019237886467,-25.));
#3674=CARTESIAN_POINT('Origin',(-47.5,-19.5019237886467,6.825));
#3675=CARTESIAN_POINT('',(-50.,-22.0019237886467,14.1));
#3676=CARTESIAN_POINT('Origin',(-35.,-7.0019237886467,14.1));
#3677=CARTESIAN_POINT('',(-50.,-22.0019237886467,6.825));
#3678=CARTESIAN_POINT('Origin',(-50.,-17.0019237886467,19.1));
#3679=CARTESIAN_POINT('',(-50.,-17.0019237886467,14.1));
#3680=CARTESIAN_POINT('Origin',(-35.,-17.0019237886467,14.1));
#3681=CARTESIAN_POINT('',(-35.,-17.0019237886467,29.1));
#3682=CARTESIAN_POINT('Origin',(47.5,-19.5019237886467,-17.725));
#3683=CARTESIAN_POINT('Origin',(35.,-7.0019237886467,14.1));
#3684=CARTESIAN_POINT('Origin',(40.,-17.0019237886467,29.1));
#3685=CARTESIAN_POINT('Origin',(35.,-17.0019237886467,14.1));
#3686=UNCERTAINTY_MEASURE_WITH_UNIT(LENGTH_MEASURE(0.01),#3690,
'DISTANCE_ACCURACY_VALUE',
'Maximum model space distance between geometric entities at asserted c
onnectivities');
#3687=UNCERTAINTY_MEASURE_WITH_UNIT(LENGTH_MEASURE(0.01),#3690,
'DISTANCE_ACCURACY_VALUE',
'Maximum model space distance between geometric entities at asserted c
onnectivities');
#3688=(
GEOMETRIC_REPRESENTATION_CONTEXT(3)
GLOBAL_UNCERTAINTY_ASSIGNED_CONTEXT((#3686))
GLOBAL_UNIT_ASSIGNED_CONTEXT((#3690,#3692,#3693))
REPRESENTATION_CONTEXT('','3D')
);
#3689=(
GEOMETRIC_REPRESENTATION_CONTEXT(3)
GLOBAL_UNCERTAINTY_ASSIGNED_CONTEXT((#3687))
GLOBAL_UNIT_ASSIGNED_CONTEXT((#3690,#3692,#3693))
REPRESENTATION_CONTEXT('','3D')
);
#3690=(
LENGTH_UNIT()
NAMED_UNIT(*)
SI_UNIT(.MILLI.,.METRE.)
);
#3691=(
LENGTH_UNIT()
NAMED_UNIT(*)
SI_UNIT($,.METRE.)
);
#3692=(
NAMED_UNIT(*)
PLANE_ANGLE_UNIT()
SI_UNIT($,.RADIAN.)
);
#3693=(
NAMED_UNIT(*)
SI_UNIT($,.STERADIAN.)
SOLID_ANGLE_UNIT()
);
#3694=SHAPE_DEFINITION_REPRESENTATION(#3695,#3696);
#3695=PRODUCT_DEFINITION_SHAPE('',$,#3698);
#3696=SHAPE_REPRESENTATION('',(#2249),#3688);
#3697=PRODUCT_DEFINITION_CONTEXT('part definition',#3702,'design');
#3698=PRODUCT_DEFINITION('Main Body ','Main Body ',#3699,#3697);
#3699=PRODUCT_DEFINITION_FORMATION('',$,#3704);
#3700=PRODUCT_RELATED_PRODUCT_CATEGORY('Main Body ','Main Body ',(#3704));
#3701=APPLICATION_PROTOCOL_DEFINITION('international standard',
'automotive_design',2009,#3702);
#3702=APPLICATION_CONTEXT(
'Core Data for Automotive Mechanical Design Process');
#3703=PRODUCT_CONTEXT('part definition',#3702,'mechanical');
#3704=PRODUCT('Main Body ','Main Body ',$,(#3703));
#3705=PRESENTATION_STYLE_ASSIGNMENT((#3706));
#3706=SURFACE_STYLE_USAGE(.BOTH.,#3707);
#3707=SURFACE_SIDE_STYLE('',(#3708));
#3708=SURFACE_STYLE_FILL_AREA(#3709);
#3709=FILL_AREA_STYLE('Steel - Satin',(#3710));
#3710=FILL_AREA_STYLE_COLOUR('Steel - Satin',#3711);
#3711=COLOUR_RGB('Steel - Satin',0.627450980392157,0.627450980392157,0.627450980392157);
ENDSEC;
END-ISO-10303-21;
