ISO-10303-21;
HEADER;
/* Generated by software containing ST-Developer
 * from STEP Tools, Inc. (www.steptools.com) 
 */

FILE_DESCRIPTION(
/* description */ (''),
/* implementation_level */ '2;1');

FILE_NAME(
/* name */ 'MainBody.step',
/* time_stamp */ '2026-08-20T21:27:18-05:00',
/* author */ (''),
/* organization */ (''),
/* preprocessor_version */ 'ST-DEVELOPER v20.1',
/* originating_system */ 'Autodesk Translation Framework v15.8.0.0',
/* authorisation */ '');

FILE_SCHEMA (('AUTOMOTIVE_DESIGN { 1 0 10303 214 3 1 1 }','AP242_MANAGED_MODEL_BASED_3D_ENGINEERING_MIM_LF { 1 0 10303 442 3 1 4 }'));
ENDSEC;

DATA;
#10=MECHANICAL_DESIGN_GEOMETRIC_PRESENTATION_REPRESENTATION('',(#13),#4223);
#11=SHAPE_REPRESENTATION_RELATIONSHIP('SRR','None',#4230,#12);
#12=ADVANCED_BREP_SHAPE_REPRESENTATION('',(#14),#4222);
#13=STYLED_ITEM('',(#4239),#14);
#14=MANIFOLD_SOLID_BREP('Body1',#2496);
#15=B_SPLINE_CURVE_WITH_KNOTS('',3,(#4087,#4088,#4089,#4090,#4091,#4092,
#4093,#4094,#4095,#4096,#4097,#4098,#4099,#4100,#4101,#4102,#4103,#4104,
#4105,#4106,#4107,#4108,#4109,#4110,#4111,#4112,#4113,#4114,#4115,#4116),
 .UNSPECIFIED.,.F.,.F.,(4,2,2,2,2,2,2,2,2,2,2,2,2,2,4),(0.,0.0555084111837114,
0.111016822367423,0.184896769287407,0.258776716207391,0.340260776122096,
0.421744836036801,0.478625663794727,0.50706607767369,0.535506491552653,
0.563946905431616,0.592387319310579,0.649268147068505,0.73075220698321,
0.812236266897915),.UNSPECIFIED.);
#16=B_SPLINE_CURVE_WITH_KNOTS('',3,(#4117,#4118,#4119,#4120,#4121,#4122,
#4123,#4124,#4125,#4126),.UNSPECIFIED.,.F.,.F.,(4,2,2,2,4),(0.812236266897915,
0.886116213817899,0.959996160737883,1.01550457192159,1.07101298310531),
 .UNSPECIFIED.);
#17=B_SPLINE_CURVE_WITH_KNOTS('',3,(#4131,#4132,#4133,#4134,#4135,#4136,
#4137,#4138,#4139,#4140,#4141,#4142,#4143,#4144,#4145,#4146,#4147,#4148,
#4149,#4150,#4151,#4152,#4153,#4154,#4155,#4156,#4157,#4158),
 .UNSPECIFIED.,.F.,.F.,(4,2,2,2,2,2,2,2,2,2,2,2,2,4),(0.,0.0287399023302062,
0.0574798046604124,0.114959609320825,0.20545572809675,0.295951846872676,
0.375597816864742,0.455243786856808,0.510503487697608,0.565763188538409,
0.621022889379209,0.67628259022001,0.755928560212076,0.835574530204142),
 .UNSPECIFIED.);
#18=B_SPLINE_CURVE_WITH_KNOTS('',3,(#4159,#4160,#4161,#4162,#4163,#4164,
#4165,#4166,#4167,#4168,#4169,#4170),.UNSPECIFIED.,.F.,.F.,(4,2,2,2,2,4),
(0.835574530204142,0.926070648980068,1.01656676775599,1.07404657241641,
1.10278647474661,1.13152637707682),.UNSPECIFIED.);
#19=ELLIPSE('',#2673,21.2132034355964,15.);
#20=ELLIPSE('',#2674,21.2132034355964,15.);
#21=ELLIPSE('',#2698,21.2132034355964,15.);
#22=ELLIPSE('',#2699,21.2132034355964,15.);
#23=ELLIPSE('',#2701,21.2132034355964,15.);
#24=ELLIPSE('',#2715,21.2132034355964,15.);
#25=ELLIPSE('',#2716,21.2132034355964,15.);
#26=ELLIPSE('',#2719,21.2132034355964,15.);
#27=ELLIPSE('',#2731,21.2132034355964,15.);
#28=FACE_BOUND('',#321,.T.);
#29=FACE_BOUND('',#322,.T.);
#30=FACE_BOUND('',#330,.T.);
#31=FACE_BOUND('',#331,.T.);
#32=FACE_BOUND('',#332,.T.);
#33=FACE_BOUND('',#333,.T.);
#34=FACE_BOUND('',#334,.T.);
#35=FACE_BOUND('',#336,.T.);
#36=FACE_BOUND('',#337,.T.);
#37=FACE_BOUND('',#338,.T.);
#38=FACE_BOUND('',#339,.T.);
#39=FACE_BOUND('',#340,.T.);
#40=FACE_BOUND('',#341,.T.);
#41=FACE_BOUND('',#359,.T.);
#42=FACE_BOUND('',#360,.T.);
#43=FACE_BOUND('',#361,.T.);
#44=FACE_BOUND('',#366,.T.);
#45=FACE_BOUND('',#367,.T.);
#46=FACE_BOUND('',#368,.T.);
#47=FACE_BOUND('',#369,.T.);
#48=FACE_BOUND('',#370,.T.);
#49=FACE_BOUND('',#371,.T.);
#50=FACE_BOUND('',#372,.T.);
#51=FACE_BOUND('',#373,.T.);
#52=FACE_BOUND('',#420,.T.);
#53=FACE_BOUND('',#425,.T.);
#54=FACE_BOUND('',#426,.T.);
#55=FACE_BOUND('',#427,.T.);
#56=FACE_BOUND('',#428,.T.);
#57=FACE_BOUND('',#432,.T.);
#58=FACE_BOUND('',#444,.T.);
#59=FACE_BOUND('',#461,.T.);
#60=FACE_BOUND('',#470,.T.);
#61=FACE_BOUND('',#472,.T.);
#62=FACE_BOUND('',#473,.T.);
#63=FACE_BOUND('',#474,.T.);
#64=FACE_BOUND('',#475,.T.);
#65=FACE_BOUND('',#478,.T.);
#66=PLANE('',#2513);
#67=PLANE('',#2517);
#68=PLANE('',#2521);
#69=PLANE('',#2525);
#70=PLANE('',#2526);
#71=PLANE('',#2529);
#72=PLANE('',#2532);
#73=PLANE('',#2534);
#74=PLANE('',#2536);
#75=PLANE('',#2542);
#76=PLANE('',#2544);
#77=PLANE('',#2546);
#78=PLANE('',#2551);
#79=PLANE('',#2567);
#80=PLANE('',#2569);
#81=PLANE('',#2578);
#82=PLANE('',#2582);
#83=PLANE('',#2586);
#84=PLANE('',#2590);
#85=PLANE('',#2591);
#86=PLANE('',#2592);
#87=PLANE('',#2593);
#88=PLANE('',#2594);
#89=PLANE('',#2595);
#90=PLANE('',#2596);
#91=PLANE('',#2597);
#92=PLANE('',#2598);
#93=PLANE('',#2599);
#94=PLANE('',#2600);
#95=PLANE('',#2601);
#96=PLANE('',#2612);
#97=PLANE('',#2613);
#98=PLANE('',#2614);
#99=PLANE('',#2615);
#100=PLANE('',#2616);
#101=PLANE('',#2617);
#102=PLANE('',#2618);
#103=PLANE('',#2619);
#104=PLANE('',#2620);
#105=PLANE('',#2621);
#106=PLANE('',#2622);
#107=PLANE('',#2625);
#108=PLANE('',#2626);
#109=PLANE('',#2627);
#110=PLANE('',#2628);
#111=PLANE('',#2633);
#112=PLANE('',#2634);
#113=PLANE('',#2637);
#114=PLANE('',#2638);
#115=PLANE('',#2641);
#116=PLANE('',#2643);
#117=PLANE('',#2646);
#118=PLANE('',#2649);
#119=PLANE('',#2651);
#120=PLANE('',#2652);
#121=PLANE('',#2653);
#122=PLANE('',#2654);
#123=PLANE('',#2655);
#124=PLANE('',#2656);
#125=PLANE('',#2657);
#126=PLANE('',#2658);
#127=PLANE('',#2659);
#128=PLANE('',#2660);
#129=PLANE('',#2661);
#130=PLANE('',#2665);
#131=PLANE('',#2669);
#132=PLANE('',#2670);
#133=PLANE('',#2671);
#134=PLANE('',#2675);
#135=PLANE('',#2676);
#136=PLANE('',#2678);
#137=PLANE('',#2679);
#138=PLANE('',#2680);
#139=PLANE('',#2681);
#140=PLANE('',#2682);
#141=PLANE('',#2683);
#142=PLANE('',#2684);
#143=PLANE('',#2687);
#144=PLANE('',#2688);
#145=PLANE('',#2689);
#146=PLANE('',#2691);
#147=PLANE('',#2692);
#148=PLANE('',#2695);
#149=PLANE('',#2696);
#150=PLANE('',#2700);
#151=PLANE('',#2702);
#152=PLANE('',#2704);
#153=PLANE('',#2706);
#154=PLANE('',#2717);
#155=PLANE('',#2718);
#156=PLANE('',#2720);
#157=PLANE('',#2724);
#158=PLANE('',#2725);
#159=PLANE('',#2726);
#160=PLANE('',#2727);
#161=PLANE('',#2728);
#162=PLANE('',#2729);
#163=PLANE('',#2732);
#164=FACE_OUTER_BOUND('',#303,.T.);
#165=FACE_OUTER_BOUND('',#304,.T.);
#166=FACE_OUTER_BOUND('',#305,.T.);
#167=FACE_OUTER_BOUND('',#306,.T.);
#168=FACE_OUTER_BOUND('',#307,.T.);
#169=FACE_OUTER_BOUND('',#308,.T.);
#170=FACE_OUTER_BOUND('',#309,.T.);
#171=FACE_OUTER_BOUND('',#310,.T.);
#172=FACE_OUTER_BOUND('',#311,.T.);
#173=FACE_OUTER_BOUND('',#312,.T.);
#174=FACE_OUTER_BOUND('',#313,.T.);
#175=FACE_OUTER_BOUND('',#314,.T.);
#176=FACE_OUTER_BOUND('',#315,.T.);
#177=FACE_OUTER_BOUND('',#316,.T.);
#178=FACE_OUTER_BOUND('',#317,.T.);
#179=FACE_OUTER_BOUND('',#318,.T.);
#180=FACE_OUTER_BOUND('',#319,.T.);
#181=FACE_OUTER_BOUND('',#320,.T.);
#182=FACE_OUTER_BOUND('',#323,.T.);
#183=FACE_OUTER_BOUND('',#324,.T.);
#184=FACE_OUTER_BOUND('',#325,.T.);
#185=FACE_OUTER_BOUND('',#326,.T.);
#186=FACE_OUTER_BOUND('',#327,.T.);
#187=FACE_OUTER_BOUND('',#328,.T.);
#188=FACE_OUTER_BOUND('',#329,.T.);
#189=FACE_OUTER_BOUND('',#335,.T.);
#190=FACE_OUTER_BOUND('',#342,.T.);
#191=FACE_OUTER_BOUND('',#343,.T.);
#192=FACE_OUTER_BOUND('',#344,.T.);
#193=FACE_OUTER_BOUND('',#345,.T.);
#194=FACE_OUTER_BOUND('',#346,.T.);
#195=FACE_OUTER_BOUND('',#347,.T.);
#196=FACE_OUTER_BOUND('',#348,.T.);
#197=FACE_OUTER_BOUND('',#349,.T.);
#198=FACE_OUTER_BOUND('',#350,.T.);
#199=FACE_OUTER_BOUND('',#351,.T.);
#200=FACE_OUTER_BOUND('',#352,.T.);
#201=FACE_OUTER_BOUND('',#353,.T.);
#202=FACE_OUTER_BOUND('',#354,.T.);
#203=FACE_OUTER_BOUND('',#355,.T.);
#204=FACE_OUTER_BOUND('',#356,.T.);
#205=FACE_OUTER_BOUND('',#357,.T.);
#206=FACE_OUTER_BOUND('',#358,.T.);
#207=FACE_OUTER_BOUND('',#362,.T.);
#208=FACE_OUTER_BOUND('',#363,.T.);
#209=FACE_OUTER_BOUND('',#364,.T.);
#210=FACE_OUTER_BOUND('',#365,.T.);
#211=FACE_OUTER_BOUND('',#374,.T.);
#212=FACE_OUTER_BOUND('',#375,.T.);
#213=FACE_OUTER_BOUND('',#376,.T.);
#214=FACE_OUTER_BOUND('',#377,.T.);
#215=FACE_OUTER_BOUND('',#378,.T.);
#216=FACE_OUTER_BOUND('',#379,.T.);
#217=FACE_OUTER_BOUND('',#380,.T.);
#218=FACE_OUTER_BOUND('',#381,.T.);
#219=FACE_OUTER_BOUND('',#382,.T.);
#220=FACE_OUTER_BOUND('',#383,.T.);
#221=FACE_OUTER_BOUND('',#384,.T.);
#222=FACE_OUTER_BOUND('',#385,.T.);
#223=FACE_OUTER_BOUND('',#386,.T.);
#224=FACE_OUTER_BOUND('',#387,.T.);
#225=FACE_OUTER_BOUND('',#388,.T.);
#226=FACE_OUTER_BOUND('',#389,.T.);
#227=FACE_OUTER_BOUND('',#390,.T.);
#228=FACE_OUTER_BOUND('',#391,.T.);
#229=FACE_OUTER_BOUND('',#392,.T.);
#230=FACE_OUTER_BOUND('',#393,.T.);
#231=FACE_OUTER_BOUND('',#394,.T.);
#232=FACE_OUTER_BOUND('',#395,.T.);
#233=FACE_OUTER_BOUND('',#396,.T.);
#234=FACE_OUTER_BOUND('',#397,.T.);
#235=FACE_OUTER_BOUND('',#398,.T.);
#236=FACE_OUTER_BOUND('',#399,.T.);
#237=FACE_OUTER_BOUND('',#400,.T.);
#238=FACE_OUTER_BOUND('',#401,.T.);
#239=FACE_OUTER_BOUND('',#402,.T.);
#240=FACE_OUTER_BOUND('',#403,.T.);
#241=FACE_OUTER_BOUND('',#404,.T.);
#242=FACE_OUTER_BOUND('',#405,.T.);
#243=FACE_OUTER_BOUND('',#406,.T.);
#244=FACE_OUTER_BOUND('',#407,.T.);
#245=FACE_OUTER_BOUND('',#408,.T.);
#246=FACE_OUTER_BOUND('',#409,.T.);
#247=FACE_OUTER_BOUND('',#410,.T.);
#248=FACE_OUTER_BOUND('',#411,.T.);
#249=FACE_OUTER_BOUND('',#412,.T.);
#250=FACE_OUTER_BOUND('',#413,.T.);
#251=FACE_OUTER_BOUND('',#414,.T.);
#252=FACE_OUTER_BOUND('',#415,.T.);
#253=FACE_OUTER_BOUND('',#416,.T.);
#254=FACE_OUTER_BOUND('',#417,.T.);
#255=FACE_OUTER_BOUND('',#418,.T.);
#256=FACE_OUTER_BOUND('',#419,.T.);
#257=FACE_OUTER_BOUND('',#421,.T.);
#258=FACE_OUTER_BOUND('',#422,.T.);
#259=FACE_OUTER_BOUND('',#423,.T.);
#260=FACE_OUTER_BOUND('',#424,.T.);
#261=FACE_OUTER_BOUND('',#429,.T.);
#262=FACE_OUTER_BOUND('',#430,.T.);
#263=FACE_OUTER_BOUND('',#431,.T.);
#264=FACE_OUTER_BOUND('',#433,.T.);
#265=FACE_OUTER_BOUND('',#434,.T.);
#266=FACE_OUTER_BOUND('',#435,.T.);
#267=FACE_OUTER_BOUND('',#436,.T.);
#268=FACE_OUTER_BOUND('',#437,.T.);
#269=FACE_OUTER_BOUND('',#438,.T.);
#270=FACE_OUTER_BOUND('',#439,.T.);
#271=FACE_OUTER_BOUND('',#440,.T.);
#272=FACE_OUTER_BOUND('',#441,.T.);
#273=FACE_OUTER_BOUND('',#442,.T.);
#274=FACE_OUTER_BOUND('',#443,.T.);
#275=FACE_OUTER_BOUND('',#445,.T.);
#276=FACE_OUTER_BOUND('',#446,.T.);
#277=FACE_OUTER_BOUND('',#447,.T.);
#278=FACE_OUTER_BOUND('',#448,.T.);
#279=FACE_OUTER_BOUND('',#449,.T.);
#280=FACE_OUTER_BOUND('',#450,.T.);
#281=FACE_OUTER_BOUND('',#451,.T.);
#282=FACE_OUTER_BOUND('',#452,.T.);
#283=FACE_OUTER_BOUND('',#453,.T.);
#284=FACE_OUTER_BOUND('',#454,.T.);
#285=FACE_OUTER_BOUND('',#455,.T.);
#286=FACE_OUTER_BOUND('',#456,.T.);
#287=FACE_OUTER_BOUND('',#457,.T.);
#288=FACE_OUTER_BOUND('',#458,.T.);
#289=FACE_OUTER_BOUND('',#459,.T.);
#290=FACE_OUTER_BOUND('',#460,.T.);
#291=FACE_OUTER_BOUND('',#462,.T.);
#292=FACE_OUTER_BOUND('',#463,.T.);
#293=FACE_OUTER_BOUND('',#464,.T.);
#294=FACE_OUTER_BOUND('',#465,.T.);
#295=FACE_OUTER_BOUND('',#466,.T.);
#296=FACE_OUTER_BOUND('',#467,.T.);
#297=FACE_OUTER_BOUND('',#468,.T.);
#298=FACE_OUTER_BOUND('',#469,.T.);
#299=FACE_OUTER_BOUND('',#471,.T.);
#300=FACE_OUTER_BOUND('',#476,.T.);
#301=FACE_OUTER_BOUND('',#477,.T.);
#302=FACE_OUTER_BOUND('',#479,.T.);
#303=EDGE_LOOP('',(#1632,#1633,#1634,#1635));
#304=EDGE_LOOP('',(#1636));
#305=EDGE_LOOP('',(#1637,#1638,#1639,#1640));
#306=EDGE_LOOP('',(#1641));
#307=EDGE_LOOP('',(#1642,#1643,#1644,#1645));
#308=EDGE_LOOP('',(#1646));
#309=EDGE_LOOP('',(#1647,#1648,#1649,#1650));
#310=EDGE_LOOP('',(#1651));
#311=EDGE_LOOP('',(#1652,#1653,#1654,#1655,#1656,#1657,#1658,#1659,#1660,
#1661,#1662));
#312=EDGE_LOOP('',(#1663,#1664,#1665,#1666,#1667,#1668,#1669,#1670,#1671,
#1672));
#313=EDGE_LOOP('',(#1673,#1674,#1675,#1676,#1677));
#314=EDGE_LOOP('',(#1678));
#315=EDGE_LOOP('',(#1679));
#316=EDGE_LOOP('',(#1680,#1681,#1682,#1683));
#317=EDGE_LOOP('',(#1684,#1685,#1686,#1687));
#318=EDGE_LOOP('',(#1688));
#319=EDGE_LOOP('',(#1689));
#320=EDGE_LOOP('',(#1690,#1691,#1692,#1693,#1694,#1695,#1696,#1697,#1698,
#1699,#1700,#1701,#1702,#1703,#1704,#1705,#1706,#1707,#1708,#1709));
#321=EDGE_LOOP('',(#1710,#1711));
#322=EDGE_LOOP('',(#1712,#1713));
#323=EDGE_LOOP('',(#1714,#1715,#1716,#1717));
#324=EDGE_LOOP('',(#1718,#1719,#1720,#1721));
#325=EDGE_LOOP('',(#1722,#1723,#1724,#1725));
#326=EDGE_LOOP('',(#1726,#1727,#1728,#1729));
#327=EDGE_LOOP('',(#1730,#1731,#1732,#1733));
#328=EDGE_LOOP('',(#1734,#1735,#1736,#1737));
#329=EDGE_LOOP('',(#1738));
#330=EDGE_LOOP('',(#1739));
#331=EDGE_LOOP('',(#1740));
#332=EDGE_LOOP('',(#1741));
#333=EDGE_LOOP('',(#1742));
#334=EDGE_LOOP('',(#1743));
#335=EDGE_LOOP('',(#1744));
#336=EDGE_LOOP('',(#1745));
#337=EDGE_LOOP('',(#1746));
#338=EDGE_LOOP('',(#1747));
#339=EDGE_LOOP('',(#1748));
#340=EDGE_LOOP('',(#1749));
#341=EDGE_LOOP('',(#1750));
#342=EDGE_LOOP('',(#1751,#1752,#1753,#1754));
#343=EDGE_LOOP('',(#1755,#1756,#1757,#1758));
#344=EDGE_LOOP('',(#1759,#1760,#1761,#1762));
#345=EDGE_LOOP('',(#1763,#1764,#1765,#1766));
#346=EDGE_LOOP('',(#1767,#1768,#1769,#1770));
#347=EDGE_LOOP('',(#1771));
#348=EDGE_LOOP('',(#1772,#1773,#1774,#1775));
#349=EDGE_LOOP('',(#1776));
#350=EDGE_LOOP('',(#1777,#1778,#1779,#1780));
#351=EDGE_LOOP('',(#1781));
#352=EDGE_LOOP('',(#1782,#1783,#1784,#1785));
#353=EDGE_LOOP('',(#1786,#1787,#1788,#1789));
#354=EDGE_LOOP('',(#1790,#1791,#1792,#1793,#1794,#1795,#1796,#1797));
#355=EDGE_LOOP('',(#1798,#1799,#1800,#1801));
#356=EDGE_LOOP('',(#1802,#1803,#1804,#1805,#1806,#1807,#1808));
#357=EDGE_LOOP('',(#1809,#1810,#1811,#1812,#1813,#1814));
#358=EDGE_LOOP('',(#1815,#1816,#1817,#1818,#1819,#1820,#1821,#1822,#1823,
#1824,#1825));
#359=EDGE_LOOP('',(#1826));
#360=EDGE_LOOP('',(#1827));
#361=EDGE_LOOP('',(#1828));
#362=EDGE_LOOP('',(#1829,#1830,#1831,#1832));
#363=EDGE_LOOP('',(#1833,#1834,#1835,#1836,#1837,#1838));
#364=EDGE_LOOP('',(#1839,#1840,#1841,#1842));
#365=EDGE_LOOP('',(#1843,#1844,#1845,#1846));
#366=EDGE_LOOP('',(#1847,#1848));
#367=EDGE_LOOP('',(#1849,#1850));
#368=EDGE_LOOP('',(#1851,#1852));
#369=EDGE_LOOP('',(#1853,#1854));
#370=EDGE_LOOP('',(#1855,#1856,#1857));
#371=EDGE_LOOP('',(#1858,#1859,#1860));
#372=EDGE_LOOP('',(#1861,#1862,#1863,#1864));
#373=EDGE_LOOP('',(#1865,#1866,#1867,#1868,#1869,#1870,#1871,#1872,#1873,
#1874,#1875,#1876,#1877,#1878,#1879,#1880));
#374=EDGE_LOOP('',(#1881,#1882,#1883,#1884,#1885));
#375=EDGE_LOOP('',(#1886,#1887,#1888,#1889));
#376=EDGE_LOOP('',(#1890,#1891,#1892,#1893,#1894));
#377=EDGE_LOOP('',(#1895,#1896,#1897,#1898));
#378=EDGE_LOOP('',(#1899,#1900,#1901,#1902));
#379=EDGE_LOOP('',(#1903,#1904,#1905,#1906));
#380=EDGE_LOOP('',(#1907,#1908,#1909,#1910));
#381=EDGE_LOOP('',(#1911,#1912,#1913,#1914));
#382=EDGE_LOOP('',(#1915,#1916,#1917,#1918));
#383=EDGE_LOOP('',(#1919,#1920,#1921,#1922));
#384=EDGE_LOOP('',(#1923,#1924,#1925,#1926));
#385=EDGE_LOOP('',(#1927,#1928,#1929,#1930));
#386=EDGE_LOOP('',(#1931,#1932,#1933,#1934));
#387=EDGE_LOOP('',(#1935,#1936,#1937,#1938));
#388=EDGE_LOOP('',(#1939,#1940,#1941,#1942));
#389=EDGE_LOOP('',(#1943,#1944,#1945,#1946));
#390=EDGE_LOOP('',(#1947,#1948,#1949,#1950));
#391=EDGE_LOOP('',(#1951,#1952,#1953,#1954));
#392=EDGE_LOOP('',(#1955,#1956,#1957,#1958));
#393=EDGE_LOOP('',(#1959,#1960,#1961,#1962));
#394=EDGE_LOOP('',(#1963,#1964,#1965,#1966));
#395=EDGE_LOOP('',(#1967,#1968,#1969,#1970));
#396=EDGE_LOOP('',(#1971,#1972,#1973,#1974));
#397=EDGE_LOOP('',(#1975,#1976,#1977,#1978));
#398=EDGE_LOOP('',(#1979,#1980,#1981,#1982));
#399=EDGE_LOOP('',(#1983,#1984,#1985,#1986));
#400=EDGE_LOOP('',(#1987,#1988,#1989,#1990));
#401=EDGE_LOOP('',(#1991,#1992,#1993,#1994));
#402=EDGE_LOOP('',(#1995,#1996,#1997,#1998));
#403=EDGE_LOOP('',(#1999,#2000,#2001,#2002));
#404=EDGE_LOOP('',(#2003,#2004,#2005,#2006));
#405=EDGE_LOOP('',(#2007,#2008,#2009,#2010));
#406=EDGE_LOOP('',(#2011,#2012,#2013,#2014));
#407=EDGE_LOOP('',(#2015,#2016,#2017,#2018));
#408=EDGE_LOOP('',(#2019,#2020,#2021,#2022,#2023));
#409=EDGE_LOOP('',(#2024,#2025,#2026,#2027));
#410=EDGE_LOOP('',(#2028,#2029));
#411=EDGE_LOOP('',(#2030,#2031));
#412=EDGE_LOOP('',(#2032,#2033,#2034));
#413=EDGE_LOOP('',(#2035,#2036,#2037));
#414=EDGE_LOOP('',(#2038,#2039,#2040,#2041));
#415=EDGE_LOOP('',(#2042,#2043,#2044,#2045));
#416=EDGE_LOOP('',(#2046,#2047,#2048,#2049));
#417=EDGE_LOOP('',(#2050,#2051,#2052,#2053));
#418=EDGE_LOOP('',(#2054,#2055,#2056,#2057,#2058,#2059,#2060));
#419=EDGE_LOOP('',(#2061,#2062,#2063,#2064,#2065,#2066,#2067,#2068,#2069,
#2070,#2071));
#420=EDGE_LOOP('',(#2072));
#421=EDGE_LOOP('',(#2073,#2074,#2075,#2076));
#422=EDGE_LOOP('',(#2077,#2078,#2079,#2080,#2081));
#423=EDGE_LOOP('',(#2082,#2083,#2084,#2085,#2086,#2087,#2088));
#424=EDGE_LOOP('',(#2089,#2090,#2091,#2092,#2093,#2094,#2095,#2096));
#425=EDGE_LOOP('',(#2097));
#426=EDGE_LOOP('',(#2098));
#427=EDGE_LOOP('',(#2099));
#428=EDGE_LOOP('',(#2100));
#429=EDGE_LOOP('',(#2101,#2102,#2103,#2104,#2105));
#430=EDGE_LOOP('',(#2106,#2107,#2108));
#431=EDGE_LOOP('',(#2109,#2110,#2111,#2112,#2113,#2114,#2115,#2116));
#432=EDGE_LOOP('',(#2117));
#433=EDGE_LOOP('',(#2118,#2119,#2120,#2121));
#434=EDGE_LOOP('',(#2122,#2123,#2124,#2125));
#435=EDGE_LOOP('',(#2126,#2127,#2128,#2129,#2130,#2131,#2132,#2133));
#436=EDGE_LOOP('',(#2134,#2135,#2136,#2137));
#437=EDGE_LOOP('',(#2138,#2139,#2140,#2141));
#438=EDGE_LOOP('',(#2142,#2143,#2144,#2145,#2146));
#439=EDGE_LOOP('',(#2147));
#440=EDGE_LOOP('',(#2148,#2149,#2150,#2151));
#441=EDGE_LOOP('',(#2152,#2153,#2154,#2155));
#442=EDGE_LOOP('',(#2156,#2157,#2158,#2159));
#443=EDGE_LOOP('',(#2160,#2161,#2162,#2163));
#444=EDGE_LOOP('',(#2164));
#445=EDGE_LOOP('',(#2165,#2166,#2167,#2168));
#446=EDGE_LOOP('',(#2169));
#447=EDGE_LOOP('',(#2170,#2171,#2172,#2173));
#448=EDGE_LOOP('',(#2174,#2175,#2176,#2177,#2178,#2179,#2180,#2181));
#449=EDGE_LOOP('',(#2182,#2183,#2184,#2185));
#450=EDGE_LOOP('',(#2186,#2187,#2188,#2189,#2190));
#451=EDGE_LOOP('',(#2191,#2192,#2193,#2194,#2195,#2196));
#452=EDGE_LOOP('',(#2197,#2198,#2199,#2200));
#453=EDGE_LOOP('',(#2201,#2202,#2203,#2204));
#454=EDGE_LOOP('',(#2205));
#455=EDGE_LOOP('',(#2206));
#456=EDGE_LOOP('',(#2207,#2208,#2209,#2210));
#457=EDGE_LOOP('',(#2211,#2212,#2213,#2214));
#458=EDGE_LOOP('',(#2215,#2216,#2217,#2218,#2219));
#459=EDGE_LOOP('',(#2220,#2221,#2222,#2223,#2224));
#460=EDGE_LOOP('',(#2225,#2226,#2227,#2228,#2229));
#461=EDGE_LOOP('',(#2230,#2231));
#462=EDGE_LOOP('',(#2232,#2233,#2234,#2235,#2236,#2237,#2238,#2239));
#463=EDGE_LOOP('',(#2240,#2241,#2242,#2243,#2244,#2245));
#464=EDGE_LOOP('',(#2246,#2247,#2248,#2249,#2250,#2251,#2252,#2253,#2254,
#2255,#2256,#2257,#2258,#2259,#2260,#2261,#2262));
#465=EDGE_LOOP('',(#2263,#2264,#2265,#2266));
#466=EDGE_LOOP('',(#2267));
#467=EDGE_LOOP('',(#2268,#2269,#2270,#2271));
#468=EDGE_LOOP('',(#2272,#2273,#2274,#2275));
#469=EDGE_LOOP('',(#2276,#2277,#2278,#2279));
#470=EDGE_LOOP('',(#2280));
#471=EDGE_LOOP('',(#2281,#2282,#2283,#2284,#2285,#2286,#2287,#2288));
#472=EDGE_LOOP('',(#2289));
#473=EDGE_LOOP('',(#2290));
#474=EDGE_LOOP('',(#2291));
#475=EDGE_LOOP('',(#2292));
#476=EDGE_LOOP('',(#2293,#2294,#2295,#2296,#2297,#2298,#2299,#2300,#2301,
#2302));
#477=EDGE_LOOP('',(#2303,#2304,#2305,#2306,#2307));
#478=EDGE_LOOP('',(#2308,#2309));
#479=EDGE_LOOP('',(#2310,#2311,#2312,#2313,#2314,#2315));
#480=LINE('',#3440,#734);
#481=LINE('',#3447,#735);
#482=LINE('',#3454,#736);
#483=LINE('',#3461,#737);
#484=LINE('',#3467,#738);
#485=LINE('',#3469,#739);
#486=LINE('',#3471,#740);
#487=LINE('',#3473,#741);
#488=LINE('',#3475,#742);
#489=LINE('',#3479,#743);
#490=LINE('',#3483,#744);
#491=LINE('',#3485,#745);
#492=LINE('',#3486,#746);
#493=LINE('',#3492,#747);
#494=LINE('',#3496,#748);
#495=LINE('',#3498,#749);
#496=LINE('',#3500,#750);
#497=LINE('',#3502,#751);
#498=LINE('',#3504,#752);
#499=LINE('',#3506,#753);
#500=LINE('',#3507,#754);
#501=LINE('',#3511,#755);
#502=LINE('',#3513,#756);
#503=LINE('',#3515,#757);
#504=LINE('',#3517,#758);
#505=LINE('',#3528,#759);
#506=LINE('',#3532,#760);
#507=LINE('',#3542,#761);
#508=LINE('',#3544,#762);
#509=LINE('',#3546,#763);
#510=LINE('',#3548,#764);
#511=LINE('',#3550,#765);
#512=LINE('',#3552,#766);
#513=LINE('',#3554,#767);
#514=LINE('',#3556,#768);
#515=LINE('',#3558,#769);
#516=LINE('',#3560,#770);
#517=LINE('',#3564,#771);
#518=LINE('',#3566,#772);
#519=LINE('',#3568,#773);
#520=LINE('',#3572,#774);
#521=LINE('',#3574,#775);
#522=LINE('',#3576,#776);
#523=LINE('',#3578,#777);
#524=LINE('',#3579,#778);
#525=LINE('',#3583,#779);
#526=LINE('',#3587,#780);
#527=LINE('',#3591,#781);
#528=LINE('',#3593,#782);
#529=LINE('',#3595,#783);
#530=LINE('',#3596,#784);
#531=LINE('',#3601,#785);
#532=LINE('',#3607,#786);
#533=LINE('',#3613,#787);
#534=LINE('',#3619,#788);
#535=LINE('',#3625,#789);
#536=LINE('',#3636,#790);
#537=LINE('',#3639,#791);
#538=LINE('',#3646,#792);
#539=LINE('',#3649,#793);
#540=LINE('',#3653,#794);
#541=LINE('',#3655,#795);
#542=LINE('',#3657,#796);
#543=LINE('',#3658,#797);
#544=LINE('',#3663,#798);
#545=LINE('',#3670,#799);
#546=LINE('',#3677,#800);
#547=LINE('',#3683,#801);
#548=LINE('',#3685,#802);
#549=LINE('',#3687,#803);
#550=LINE('',#3688,#804);
#551=LINE('',#3692,#805);
#552=LINE('',#3694,#806);
#553=LINE('',#3696,#807);
#554=LINE('',#3697,#808);
#555=LINE('',#3700,#809);
#556=LINE('',#3702,#810);
#557=LINE('',#3703,#811);
#558=LINE('',#3705,#812);
#559=LINE('',#3707,#813);
#560=LINE('',#3708,#814);
#561=LINE('',#3710,#815);
#562=LINE('',#3711,#816);
#563=LINE('',#3714,#817);
#564=LINE('',#3716,#818);
#565=LINE('',#3717,#819);
#566=LINE('',#3720,#820);
#567=LINE('',#3722,#821);
#568=LINE('',#3724,#822);
#569=LINE('',#3725,#823);
#570=LINE('',#3727,#824);
#571=LINE('',#3728,#825);
#572=LINE('',#3729,#826);
#573=LINE('',#3731,#827);
#574=LINE('',#3732,#828);
#575=LINE('',#3735,#829);
#576=LINE('',#3736,#830);
#577=LINE('',#3739,#831);
#578=LINE('',#3740,#832);
#579=LINE('',#3742,#833);
#580=LINE('',#3746,#834);
#581=LINE('',#3750,#835);
#582=LINE('',#3754,#836);
#583=LINE('',#3758,#837);
#584=LINE('',#3762,#838);
#585=LINE('',#3764,#839);
#586=LINE('',#3768,#840);
#587=LINE('',#3771,#841);
#588=LINE('',#3774,#842);
#589=LINE('',#3778,#843);
#590=LINE('',#3782,#844);
#591=LINE('',#3784,#845);
#592=LINE('',#3788,#846);
#593=LINE('',#3790,#847);
#594=LINE('',#3792,#848);
#595=LINE('',#3794,#849);
#596=LINE('',#3796,#850);
#597=LINE('',#3798,#851);
#598=LINE('',#3800,#852);
#599=LINE('',#3802,#853);
#600=LINE('',#3804,#854);
#601=LINE('',#3806,#855);
#602=LINE('',#3808,#856);
#603=LINE('',#3811,#857);
#604=LINE('',#3814,#858);
#605=LINE('',#3815,#859);
#606=LINE('',#3816,#860);
#607=LINE('',#3819,#861);
#608=LINE('',#3820,#862);
#609=LINE('',#3822,#863);
#610=LINE('',#3823,#864);
#611=LINE('',#3825,#865);
#612=LINE('',#3827,#866);
#613=LINE('',#3829,#867);
#614=LINE('',#3831,#868);
#615=LINE('',#3833,#869);
#616=LINE('',#3835,#870);
#617=LINE('',#3837,#871);
#618=LINE('',#3839,#872);
#619=LINE('',#3841,#873);
#620=LINE('',#3843,#874);
#621=LINE('',#3845,#875);
#622=LINE('',#3847,#876);
#623=LINE('',#3851,#877);
#624=LINE('',#3853,#878);
#625=LINE('',#3854,#879);
#626=LINE('',#3858,#880);
#627=LINE('',#3861,#881);
#628=LINE('',#3864,#882);
#629=LINE('',#3867,#883);
#630=LINE('',#3869,#884);
#631=LINE('',#3870,#885);
#632=LINE('',#3873,#886);
#633=LINE('',#3876,#887);
#634=LINE('',#3879,#888);
#635=LINE('',#3881,#889);
#636=LINE('',#3882,#890);
#637=LINE('',#3886,#891);
#638=LINE('',#3888,#892);
#639=LINE('',#3890,#893);
#640=LINE('',#3891,#894);
#641=LINE('',#3895,#895);
#642=LINE('',#3898,#896);
#643=LINE('',#3900,#897);
#644=LINE('',#3903,#898);
#645=LINE('',#3906,#899);
#646=LINE('',#3908,#900);
#647=LINE('',#3910,#901);
#648=LINE('',#3911,#902);
#649=LINE('',#3915,#903);
#650=LINE('',#3916,#904);
#651=LINE('',#3919,#905);
#652=LINE('',#3921,#906);
#653=LINE('',#3922,#907);
#654=LINE('',#3930,#908);
#655=LINE('',#3931,#909);
#656=LINE('',#3934,#910);
#657=LINE('',#3936,#911);
#658=LINE('',#3937,#912);
#659=LINE('',#3939,#913);
#660=LINE('',#3949,#914);
#661=LINE('',#3951,#915);
#662=LINE('',#3953,#916);
#663=LINE('',#3954,#917);
#664=LINE('',#3958,#918);
#665=LINE('',#3959,#919);
#666=LINE('',#3961,#920);
#667=LINE('',#3963,#921);
#668=LINE('',#3965,#922);
#669=LINE('',#3966,#923);
#670=LINE('',#3969,#924);
#671=LINE('',#3970,#925);
#672=LINE('',#3972,#926);
#673=LINE('',#3974,#927);
#674=LINE('',#3975,#928);
#675=LINE('',#3981,#929);
#676=LINE('',#3983,#930);
#677=LINE('',#3986,#931);
#678=LINE('',#3988,#932);
#679=LINE('',#3990,#933);
#680=LINE('',#3992,#934);
#681=LINE('',#3994,#935);
#682=LINE('',#3995,#936);
#683=LINE('',#4000,#937);
#684=LINE('',#4001,#938);
#685=LINE('',#4003,#939);
#686=LINE('',#4004,#940);
#687=LINE('',#4006,#941);
#688=LINE('',#4008,#942);
#689=LINE('',#4010,#943);
#690=LINE('',#4011,#944);
#691=LINE('',#4014,#945);
#692=LINE('',#4015,#946);
#693=LINE('',#4017,#947);
#694=LINE('',#4019,#948);
#695=LINE('',#4024,#949);
#696=LINE('',#4026,#950);
#697=LINE('',#4029,#951);
#698=LINE('',#4030,#952);
#699=LINE('',#4033,#953);
#700=LINE('',#4034,#954);
#701=LINE('',#4038,#955);
#702=LINE('',#4043,#956);
#703=LINE('',#4046,#957);
#704=LINE('',#4048,#958);
#705=LINE('',#4049,#959);
#706=LINE('',#4052,#960);
#707=LINE('',#4054,#961);
#708=LINE('',#4055,#962);
#709=LINE('',#4063,#963);
#710=LINE('',#4064,#964);
#711=LINE('',#4067,#965);
#712=LINE('',#4068,#966);
#713=LINE('',#4078,#967);
#714=LINE('',#4082,#968);
#715=LINE('',#4127,#969);
#716=LINE('',#4171,#970);
#717=LINE('',#4177,#971);
#718=LINE('',#4180,#972);
#719=LINE('',#4181,#973);
#720=LINE('',#4183,#974);
#721=LINE('',#4185,#975);
#722=LINE('',#4186,#976);
#723=LINE('',#4189,#977);
#724=LINE('',#4191,#978);
#725=LINE('',#4193,#979);
#726=LINE('',#4196,#980);
#727=LINE('',#4197,#981);
#728=LINE('',#4202,#982);
#729=LINE('',#4207,#983);
#730=LINE('',#4208,#984);
#731=LINE('',#4211,#985);
#732=LINE('',#4212,#986);
#733=LINE('',#4214,#987);
#734=VECTOR('',#2739,1.5);
#735=VECTOR('',#2748,1.5);
#736=VECTOR('',#2757,1.5);
#737=VECTOR('',#2766,1.5);
#738=VECTOR('',#2773,10.);
#739=VECTOR('',#2774,10.);
#740=VECTOR('',#2775,10.);
#741=VECTOR('',#2776,10.);
#742=VECTOR('',#2777,10.);
#743=VECTOR('',#2780,10.);
#744=VECTOR('',#2783,10.);
#745=VECTOR('',#2784,10.);
#746=VECTOR('',#2785,10.);
#747=VECTOR('',#2790,10.);
#748=VECTOR('',#2793,10.);
#749=VECTOR('',#2794,10.);
#750=VECTOR('',#2795,10.);
#751=VECTOR('',#2796,10.);
#752=VECTOR('',#2797,10.);
#753=VECTOR('',#2798,10.);
#754=VECTOR('',#2799,10.);
#755=VECTOR('',#2802,10.);
#756=VECTOR('',#2803,10.);
#757=VECTOR('',#2804,10.);
#758=VECTOR('',#2805,10.);
#759=VECTOR('',#2820,1.5);
#760=VECTOR('',#2825,1.5);
#761=VECTOR('',#2836,10.);
#762=VECTOR('',#2837,10.);
#763=VECTOR('',#2838,1000.);
#764=VECTOR('',#2839,10.);
#765=VECTOR('',#2840,10.);
#766=VECTOR('',#2841,1000.);
#767=VECTOR('',#2842,1000.);
#768=VECTOR('',#2843,1000.);
#769=VECTOR('',#2844,1000.);
#770=VECTOR('',#2845,1000.);
#771=VECTOR('',#2848,10.);
#772=VECTOR('',#2849,10.);
#773=VECTOR('',#2850,10.);
#774=VECTOR('',#2853,1000.);
#775=VECTOR('',#2854,1000.);
#776=VECTOR('',#2855,1000.);
#777=VECTOR('',#2856,1000.);
#778=VECTOR('',#2857,1000.);
#779=VECTOR('',#2860,10.);
#780=VECTOR('',#2863,10.);
#781=VECTOR('',#2866,10.);
#782=VECTOR('',#2867,10.);
#783=VECTOR('',#2868,10.);
#784=VECTOR('',#2869,10.);
#785=VECTOR('',#2874,2.);
#786=VECTOR('',#2881,2.);
#787=VECTOR('',#2888,2.);
#788=VECTOR('',#2895,2.);
#789=VECTOR('',#2902,2.);
#790=VECTOR('',#2917,17.5);
#791=VECTOR('',#2920,12.5);
#792=VECTOR('',#2927,10.);
#793=VECTOR('',#2930,10.);
#794=VECTOR('',#2933,10.);
#795=VECTOR('',#2934,10.);
#796=VECTOR('',#2935,10.);
#797=VECTOR('',#2936,10.);
#798=VECTOR('',#2941,1.5);
#799=VECTOR('',#2950,1.5);
#800=VECTOR('',#2959,1.5);
#801=VECTOR('',#2966,10.);
#802=VECTOR('',#2967,10.);
#803=VECTOR('',#2968,10.);
#804=VECTOR('',#2969,10.);
#805=VECTOR('',#2972,10.);
#806=VECTOR('',#2973,10.);
#807=VECTOR('',#2974,10.);
#808=VECTOR('',#2975,10.);
#809=VECTOR('',#2978,10.);
#810=VECTOR('',#2979,10.);
#811=VECTOR('',#2980,10.);
#812=VECTOR('',#2981,10.);
#813=VECTOR('',#2982,10.);
#814=VECTOR('',#2983,10.);
#815=VECTOR('',#2986,10.);
#816=VECTOR('',#2987,10.);
#817=VECTOR('',#2990,10.);
#818=VECTOR('',#2991,10.);
#819=VECTOR('',#2992,10.);
#820=VECTOR('',#2995,10.);
#821=VECTOR('',#2996,10.);
#822=VECTOR('',#2997,10.);
#823=VECTOR('',#2998,10.);
#824=VECTOR('',#3001,10.);
#825=VECTOR('',#3002,10.);
#826=VECTOR('',#3003,10.);
#827=VECTOR('',#3004,10.);
#828=VECTOR('',#3005,10.);
#829=VECTOR('',#3008,10.);
#830=VECTOR('',#3009,10.);
#831=VECTOR('',#3012,10.);
#832=VECTOR('',#3013,10.);
#833=VECTOR('',#3016,10.);
#834=VECTOR('',#3019,10.);
#835=VECTOR('',#3022,10.);
#836=VECTOR('',#3025,10.);
#837=VECTOR('',#3028,10.);
#838=VECTOR('',#3031,10.);
#839=VECTOR('',#3032,10.);
#840=VECTOR('',#3035,10.);
#841=VECTOR('',#3038,10.);
#842=VECTOR('',#3039,10.);
#843=VECTOR('',#3042,10.);
#844=VECTOR('',#3045,10.);
#845=VECTOR('',#3046,10.);
#846=VECTOR('',#3049,10.);
#847=VECTOR('',#3050,10.);
#848=VECTOR('',#3051,10.);
#849=VECTOR('',#3052,10.);
#850=VECTOR('',#3053,10.);
#851=VECTOR('',#3054,10.);
#852=VECTOR('',#3055,10.);
#853=VECTOR('',#3056,10.);
#854=VECTOR('',#3057,10.);
#855=VECTOR('',#3058,10.);
#856=VECTOR('',#3059,10.);
#857=VECTOR('',#3062,10.);
#858=VECTOR('',#3065,10.);
#859=VECTOR('',#3066,10.);
#860=VECTOR('',#3067,10.);
#861=VECTOR('',#3070,10.);
#862=VECTOR('',#3071,10.);
#863=VECTOR('',#3074,10.);
#864=VECTOR('',#3075,10.);
#865=VECTOR('',#3078,10.);
#866=VECTOR('',#3081,10.);
#867=VECTOR('',#3084,10.);
#868=VECTOR('',#3087,10.);
#869=VECTOR('',#3090,10.);
#870=VECTOR('',#3093,10.);
#871=VECTOR('',#3096,10.);
#872=VECTOR('',#3099,10.);
#873=VECTOR('',#3102,10.);
#874=VECTOR('',#3105,10.);
#875=VECTOR('',#3108,10.);
#876=VECTOR('',#3111,10.);
#877=VECTOR('',#3116,10.);
#878=VECTOR('',#3117,10.);
#879=VECTOR('',#3118,10.);
#880=VECTOR('',#3123,10.);
#881=VECTOR('',#3126,10.);
#882=VECTOR('',#3131,10.);
#883=VECTOR('',#3134,10.);
#884=VECTOR('',#3135,10.);
#885=VECTOR('',#3136,10.);
#886=VECTOR('',#3139,10.);
#887=VECTOR('',#3144,10.);
#888=VECTOR('',#3147,10.);
#889=VECTOR('',#3148,10.);
#890=VECTOR('',#3149,10.);
#891=VECTOR('',#3154,10.);
#892=VECTOR('',#3157,10.);
#893=VECTOR('',#3160,10.);
#894=VECTOR('',#3161,10.);
#895=VECTOR('',#3166,10.);
#896=VECTOR('',#3169,10.);
#897=VECTOR('',#3172,10.);
#898=VECTOR('',#3175,10.);
#899=VECTOR('',#3178,10.);
#900=VECTOR('',#3181,10.);
#901=VECTOR('',#3184,10.);
#902=VECTOR('',#3185,10.);
#903=VECTOR('',#3190,10.);
#904=VECTOR('',#3191,10.);
#905=VECTOR('',#3194,10.);
#906=VECTOR('',#3195,10.);
#907=VECTOR('',#3196,10.);
#908=VECTOR('',#3209,10.);
#909=VECTOR('',#3210,10.);
#910=VECTOR('',#3213,10.);
#911=VECTOR('',#3214,10.);
#912=VECTOR('',#3215,10.);
#913=VECTOR('',#3218,10.);
#914=VECTOR('',#3235,10.);
#915=VECTOR('',#3236,10.);
#916=VECTOR('',#3237,10.);
#917=VECTOR('',#3238,10.);
#918=VECTOR('',#3241,10.);
#919=VECTOR('',#3242,10.);
#920=VECTOR('',#3243,10.);
#921=VECTOR('',#3244,10.);
#922=VECTOR('',#3245,10.);
#923=VECTOR('',#3246,10.);
#924=VECTOR('',#3249,10.);
#925=VECTOR('',#3250,10.);
#926=VECTOR('',#3251,10.);
#927=VECTOR('',#3252,10.);
#928=VECTOR('',#3253,10.);
#929=VECTOR('',#3260,10.);
#930=VECTOR('',#3263,10.);
#931=VECTOR('',#3266,10.);
#932=VECTOR('',#3267,10.);
#933=VECTOR('',#3268,10.);
#934=VECTOR('',#3269,10.);
#935=VECTOR('',#3270,10.);
#936=VECTOR('',#3271,10.);
#937=VECTOR('',#3276,10.);
#938=VECTOR('',#3277,10.);
#939=VECTOR('',#3280,10.);
#940=VECTOR('',#3281,10.);
#941=VECTOR('',#3284,10.);
#942=VECTOR('',#3285,10.);
#943=VECTOR('',#3286,10.);
#944=VECTOR('',#3287,10.);
#945=VECTOR('',#3290,10.);
#946=VECTOR('',#3291,10.);
#947=VECTOR('',#3294,10.);
#948=VECTOR('',#3297,10.);
#949=VECTOR('',#3304,2.5);
#950=VECTOR('',#3307,10.);
#951=VECTOR('',#3310,10.);
#952=VECTOR('',#3311,10.);
#953=VECTOR('',#3314,10.);
#954=VECTOR('',#3315,10.);
#955=VECTOR('',#3320,10.);
#956=VECTOR('',#3327,2.);
#957=VECTOR('',#3330,10.);
#958=VECTOR('',#3331,10.);
#959=VECTOR('',#3332,10.);
#960=VECTOR('',#3335,10.);
#961=VECTOR('',#3336,10.);
#962=VECTOR('',#3337,10.);
#963=VECTOR('',#3348,10.);
#964=VECTOR('',#3349,10.);
#965=VECTOR('',#3352,10.);
#966=VECTOR('',#3353,10.);
#967=VECTOR('',#3366,1.5);
#968=VECTOR('',#3371,1.5);
#969=VECTOR('',#3376,1.5);
#970=VECTOR('',#3379,1.5);
#971=VECTOR('',#3386,10.);
#972=VECTOR('',#3389,10.);
#973=VECTOR('',#3390,10.);
#974=VECTOR('',#3391,10.);
#975=VECTOR('',#3392,10.);
#976=VECTOR('',#3393,10.);
#977=VECTOR('',#3396,10.);
#978=VECTOR('',#3397,10.);
#979=VECTOR('',#3398,10.);
#980=VECTOR('',#3403,10.);
#981=VECTOR('',#3404,10.);
#982=VECTOR('',#3409,2.);
#983=VECTOR('',#3416,10.);
#984=VECTOR('',#3417,10.);
#985=VECTOR('',#3420,10.);
#986=VECTOR('',#3421,10.);
#987=VECTOR('',#3424,10.);
#988=CIRCLE('',#2511,1.5);
#989=CIRCLE('',#2512,1.5);
#990=CIRCLE('',#2514,1.5);
#991=CIRCLE('',#2516,1.5);
#992=CIRCLE('',#2519,1.5);
#993=CIRCLE('',#2520,1.5);
#994=CIRCLE('',#2522,1.5);
#995=CIRCLE('',#2524,1.5);
#996=CIRCLE('',#2527,15.);
#997=CIRCLE('',#2528,15.);
#998=CIRCLE('',#2530,15.);
#999=CIRCLE('',#2531,15.);
#1000=CIRCLE('',#2533,15.);
#1001=CIRCLE('',#2535,1.5);
#1002=CIRCLE('',#2537,1.5);
#1003=CIRCLE('',#2539,1.5);
#1004=CIRCLE('',#2541,1.5);
#1005=CIRCLE('',#2543,1.5);
#1006=CIRCLE('',#2545,1.5);
#1007=CIRCLE('',#2547,11.0052558883258);
#1008=CIRCLE('',#2548,11.0052558883258);
#1009=CIRCLE('',#2549,0.750000000000001);
#1010=CIRCLE('',#2550,0.750000000000001);
#1011=CIRCLE('',#2553,2.);
#1012=CIRCLE('',#2554,2.);
#1013=CIRCLE('',#2556,2.);
#1014=CIRCLE('',#2557,2.);
#1015=CIRCLE('',#2559,2.);
#1016=CIRCLE('',#2560,2.);
#1017=CIRCLE('',#2562,2.);
#1018=CIRCLE('',#2563,2.);
#1019=CIRCLE('',#2565,2.);
#1020=CIRCLE('',#2566,2.);
#1021=CIRCLE('',#2568,17.5);
#1022=CIRCLE('',#2570,17.5);
#1023=CIRCLE('',#2571,12.5);
#1024=CIRCLE('',#2574,12.5);
#1025=CIRCLE('',#2576,2.5);
#1026=CIRCLE('',#2577,2.5);
#1027=CIRCLE('',#2580,1.5);
#1028=CIRCLE('',#2581,1.5);
#1029=CIRCLE('',#2584,1.5);
#1030=CIRCLE('',#2585,1.5);
#1031=CIRCLE('',#2588,1.5);
#1032=CIRCLE('',#2589,1.5);
#1033=CIRCLE('',#2602,0.750000000000001);
#1034=CIRCLE('',#2603,0.750000000000001);
#1035=CIRCLE('',#2604,0.750000000000001);
#1036=CIRCLE('',#2605,0.750000000000001);
#1037=CIRCLE('',#2606,2.1);
#1038=CIRCLE('',#2607,2.1);
#1039=CIRCLE('',#2608,2.1);
#1040=CIRCLE('',#2609,2.1);
#1041=CIRCLE('',#2610,11.0052558883258);
#1042=CIRCLE('',#2611,11.0052558883258);
#1043=CIRCLE('',#2630,2.1);
#1044=CIRCLE('',#2632,2.1);
#1045=CIRCLE('',#2636,2.1);
#1046=CIRCLE('',#2640,2.1);
#1047=CIRCLE('',#2645,0.750000000000001);
#1048=CIRCLE('',#2648,0.750000000000001);
#1049=CIRCLE('',#2663,17.5);
#1050=CIRCLE('',#2664,17.5);
#1051=CIRCLE('',#2666,17.5);
#1052=CIRCLE('',#2668,17.5);
#1053=CIRCLE('',#2677,2.5);
#1054=CIRCLE('',#2685,2.5);
#1055=CIRCLE('',#2690,2.);
#1056=CIRCLE('',#2693,2.);
#1057=CIRCLE('',#2705,1.5);
#1058=CIRCLE('',#2707,1.5);
#1059=CIRCLE('',#2709,1.5);
#1060=CIRCLE('',#2711,1.5);
#1061=CIRCLE('',#2722,2.);
#1062=CIRCLE('',#2723,2.);
#1063=VERTEX_POINT('',#3437);
#1064=VERTEX_POINT('',#3439);
#1065=VERTEX_POINT('',#3443);
#1066=VERTEX_POINT('',#3446);
#1067=VERTEX_POINT('',#3451);
#1068=VERTEX_POINT('',#3453);
#1069=VERTEX_POINT('',#3457);
#1070=VERTEX_POINT('',#3460);
#1071=VERTEX_POINT('',#3465);
#1072=VERTEX_POINT('',#3466);
#1073=VERTEX_POINT('',#3468);
#1074=VERTEX_POINT('',#3470);
#1075=VERTEX_POINT('',#3472);
#1076=VERTEX_POINT('',#3474);
#1077=VERTEX_POINT('',#3476);
#1078=VERTEX_POINT('',#3478);
#1079=VERTEX_POINT('',#3480);
#1080=VERTEX_POINT('',#3482);
#1081=VERTEX_POINT('',#3484);
#1082=VERTEX_POINT('',#3488);
#1083=VERTEX_POINT('',#3489);
#1084=VERTEX_POINT('',#3491);
#1085=VERTEX_POINT('',#3493);
#1086=VERTEX_POINT('',#3495);
#1087=VERTEX_POINT('',#3497);
#1088=VERTEX_POINT('',#3499);
#1089=VERTEX_POINT('',#3501);
#1090=VERTEX_POINT('',#3503);
#1091=VERTEX_POINT('',#3505);
#1092=VERTEX_POINT('',#3509);
#1093=VERTEX_POINT('',#3510);
#1094=VERTEX_POINT('',#3512);
#1095=VERTEX_POINT('',#3514);
#1096=VERTEX_POINT('',#3516);
#1097=VERTEX_POINT('',#3520);
#1098=VERTEX_POINT('',#3523);
#1099=VERTEX_POINT('',#3526);
#1100=VERTEX_POINT('',#3530);
#1101=VERTEX_POINT('',#3534);
#1102=VERTEX_POINT('',#3537);
#1103=VERTEX_POINT('',#3540);
#1104=VERTEX_POINT('',#3541);
#1105=VERTEX_POINT('',#3543);
#1106=VERTEX_POINT('',#3545);
#1107=VERTEX_POINT('',#3547);
#1108=VERTEX_POINT('',#3549);
#1109=VERTEX_POINT('',#3551);
#1110=VERTEX_POINT('',#3553);
#1111=VERTEX_POINT('',#3555);
#1112=VERTEX_POINT('',#3557);
#1113=VERTEX_POINT('',#3559);
#1114=VERTEX_POINT('',#3561);
#1115=VERTEX_POINT('',#3563);
#1116=VERTEX_POINT('',#3565);
#1117=VERTEX_POINT('',#3567);
#1118=VERTEX_POINT('',#3569);
#1119=VERTEX_POINT('',#3571);
#1120=VERTEX_POINT('',#3573);
#1121=VERTEX_POINT('',#3575);
#1122=VERTEX_POINT('',#3577);
#1123=VERTEX_POINT('',#3580);
#1124=VERTEX_POINT('',#3581);
#1125=VERTEX_POINT('',#3584);
#1126=VERTEX_POINT('',#3585);
#1127=VERTEX_POINT('',#3589);
#1128=VERTEX_POINT('',#3590);
#1129=VERTEX_POINT('',#3592);
#1130=VERTEX_POINT('',#3594);
#1131=VERTEX_POINT('',#3598);
#1132=VERTEX_POINT('',#3600);
#1133=VERTEX_POINT('',#3604);
#1134=VERTEX_POINT('',#3606);
#1135=VERTEX_POINT('',#3610);
#1136=VERTEX_POINT('',#3612);
#1137=VERTEX_POINT('',#3616);
#1138=VERTEX_POINT('',#3618);
#1139=VERTEX_POINT('',#3622);
#1140=VERTEX_POINT('',#3624);
#1141=VERTEX_POINT('',#3628);
#1142=VERTEX_POINT('',#3631);
#1143=VERTEX_POINT('',#3633);
#1144=VERTEX_POINT('',#3638);
#1145=VERTEX_POINT('',#3642);
#1146=VERTEX_POINT('',#3643);
#1147=VERTEX_POINT('',#3645);
#1148=VERTEX_POINT('',#3647);
#1149=VERTEX_POINT('',#3651);
#1150=VERTEX_POINT('',#3652);
#1151=VERTEX_POINT('',#3654);
#1152=VERTEX_POINT('',#3656);
#1153=VERTEX_POINT('',#3660);
#1154=VERTEX_POINT('',#3662);
#1155=VERTEX_POINT('',#3667);
#1156=VERTEX_POINT('',#3669);
#1157=VERTEX_POINT('',#3674);
#1158=VERTEX_POINT('',#3676);
#1159=VERTEX_POINT('',#3681);
#1160=VERTEX_POINT('',#3682);
#1161=VERTEX_POINT('',#3684);
#1162=VERTEX_POINT('',#3686);
#1163=VERTEX_POINT('',#3690);
#1164=VERTEX_POINT('',#3691);
#1165=VERTEX_POINT('',#3693);
#1166=VERTEX_POINT('',#3695);
#1167=VERTEX_POINT('',#3699);
#1168=VERTEX_POINT('',#3701);
#1169=VERTEX_POINT('',#3704);
#1170=VERTEX_POINT('',#3706);
#1171=VERTEX_POINT('',#3713);
#1172=VERTEX_POINT('',#3715);
#1173=VERTEX_POINT('',#3719);
#1174=VERTEX_POINT('',#3721);
#1175=VERTEX_POINT('',#3723);
#1176=VERTEX_POINT('',#3730);
#1177=VERTEX_POINT('',#3734);
#1178=VERTEX_POINT('',#3738);
#1179=VERTEX_POINT('',#3744);
#1180=VERTEX_POINT('',#3745);
#1181=VERTEX_POINT('',#3748);
#1182=VERTEX_POINT('',#3749);
#1183=VERTEX_POINT('',#3752);
#1184=VERTEX_POINT('',#3753);
#1185=VERTEX_POINT('',#3756);
#1186=VERTEX_POINT('',#3757);
#1187=VERTEX_POINT('',#3760);
#1188=VERTEX_POINT('',#3761);
#1189=VERTEX_POINT('',#3763);
#1190=VERTEX_POINT('',#3766);
#1191=VERTEX_POINT('',#3767);
#1192=VERTEX_POINT('',#3769);
#1193=VERTEX_POINT('',#3772);
#1194=VERTEX_POINT('',#3773);
#1195=VERTEX_POINT('',#3775);
#1196=VERTEX_POINT('',#3777);
#1197=VERTEX_POINT('',#3780);
#1198=VERTEX_POINT('',#3781);
#1199=VERTEX_POINT('',#3783);
#1200=VERTEX_POINT('',#3785);
#1201=VERTEX_POINT('',#3787);
#1202=VERTEX_POINT('',#3789);
#1203=VERTEX_POINT('',#3791);
#1204=VERTEX_POINT('',#3793);
#1205=VERTEX_POINT('',#3795);
#1206=VERTEX_POINT('',#3797);
#1207=VERTEX_POINT('',#3799);
#1208=VERTEX_POINT('',#3801);
#1209=VERTEX_POINT('',#3803);
#1210=VERTEX_POINT('',#3805);
#1211=VERTEX_POINT('',#3807);
#1212=VERTEX_POINT('',#3809);
#1213=VERTEX_POINT('',#3813);
#1214=VERTEX_POINT('',#3818);
#1215=VERTEX_POINT('',#3850);
#1216=VERTEX_POINT('',#3852);
#1217=VERTEX_POINT('',#3856);
#1218=VERTEX_POINT('',#3860);
#1219=VERTEX_POINT('',#3866);
#1220=VERTEX_POINT('',#3868);
#1221=VERTEX_POINT('',#3872);
#1222=VERTEX_POINT('',#3878);
#1223=VERTEX_POINT('',#3880);
#1224=VERTEX_POINT('',#3884);
#1225=VERTEX_POINT('',#3894);
#1226=VERTEX_POINT('',#3896);
#1227=VERTEX_POINT('',#3902);
#1228=VERTEX_POINT('',#3904);
#1229=VERTEX_POINT('',#3914);
#1230=VERTEX_POINT('',#3918);
#1231=VERTEX_POINT('',#3920);
#1232=VERTEX_POINT('',#3929);
#1233=VERTEX_POINT('',#3933);
#1234=VERTEX_POINT('',#3935);
#1235=VERTEX_POINT('',#3948);
#1236=VERTEX_POINT('',#3950);
#1237=VERTEX_POINT('',#3952);
#1238=VERTEX_POINT('',#3956);
#1239=VERTEX_POINT('',#3957);
#1240=VERTEX_POINT('',#3960);
#1241=VERTEX_POINT('',#3962);
#1242=VERTEX_POINT('',#3964);
#1243=VERTEX_POINT('',#3968);
#1244=VERTEX_POINT('',#3971);
#1245=VERTEX_POINT('',#3973);
#1246=VERTEX_POINT('',#3977);
#1247=VERTEX_POINT('',#3979);
#1248=VERTEX_POINT('',#3985);
#1249=VERTEX_POINT('',#3987);
#1250=VERTEX_POINT('',#3989);
#1251=VERTEX_POINT('',#3991);
#1252=VERTEX_POINT('',#3993);
#1253=VERTEX_POINT('',#3996);
#1254=VERTEX_POINT('',#3999);
#1255=VERTEX_POINT('',#4007);
#1256=VERTEX_POINT('',#4009);
#1257=VERTEX_POINT('',#4013);
#1258=VERTEX_POINT('',#4021);
#1259=VERTEX_POINT('',#4028);
#1260=VERTEX_POINT('',#4032);
#1261=VERTEX_POINT('',#4035);
#1262=VERTEX_POINT('',#4040);
#1263=VERTEX_POINT('',#4045);
#1264=VERTEX_POINT('',#4047);
#1265=VERTEX_POINT('',#4051);
#1266=VERTEX_POINT('',#4053);
#1267=VERTEX_POINT('',#4057);
#1268=VERTEX_POINT('',#4062);
#1269=VERTEX_POINT('',#4066);
#1270=VERTEX_POINT('',#4071);
#1271=VERTEX_POINT('',#4074);
#1272=VERTEX_POINT('',#4077);
#1273=VERTEX_POINT('',#4081);
#1274=VERTEX_POINT('',#4085);
#1275=VERTEX_POINT('',#4086);
#1276=VERTEX_POINT('',#4129);
#1277=VERTEX_POINT('',#4130);
#1278=VERTEX_POINT('',#4173);
#1279=VERTEX_POINT('',#4175);
#1280=VERTEX_POINT('',#4179);
#1281=VERTEX_POINT('',#4182);
#1282=VERTEX_POINT('',#4184);
#1283=VERTEX_POINT('',#4188);
#1284=VERTEX_POINT('',#4190);
#1285=VERTEX_POINT('',#4192);
#1286=VERTEX_POINT('',#4199);
#1287=VERTEX_POINT('',#4201);
#1288=VERTEX_POINT('',#4206);
#1289=VERTEX_POINT('',#4210);
#1290=EDGE_CURVE('',#1063,#1063,#988,.T.);
#1291=EDGE_CURVE('',#1063,#1064,#480,.T.);
#1292=EDGE_CURVE('',#1064,#1064,#989,.T.);
#1293=EDGE_CURVE('',#1065,#1065,#990,.T.);
#1294=EDGE_CURVE('',#1065,#1066,#481,.T.);
#1295=EDGE_CURVE('',#1066,#1066,#991,.T.);
#1296=EDGE_CURVE('',#1067,#1067,#992,.T.);
#1297=EDGE_CURVE('',#1067,#1068,#482,.T.);
#1298=EDGE_CURVE('',#1068,#1068,#993,.T.);
#1299=EDGE_CURVE('',#1069,#1069,#994,.T.);
#1300=EDGE_CURVE('',#1069,#1070,#483,.T.);
#1301=EDGE_CURVE('',#1070,#1070,#995,.T.);
#1302=EDGE_CURVE('',#1071,#1072,#484,.T.);
#1303=EDGE_CURVE('',#1072,#1073,#485,.T.);
#1304=EDGE_CURVE('',#1073,#1074,#486,.T.);
#1305=EDGE_CURVE('',#1074,#1075,#487,.T.);
#1306=EDGE_CURVE('',#1075,#1076,#488,.T.);
#1307=EDGE_CURVE('',#1076,#1077,#996,.T.);
#1308=EDGE_CURVE('',#1077,#1078,#489,.T.);
#1309=EDGE_CURVE('',#1078,#1079,#997,.T.);
#1310=EDGE_CURVE('',#1079,#1080,#490,.T.);
#1311=EDGE_CURVE('',#1080,#1081,#491,.T.);
#1312=EDGE_CURVE('',#1081,#1071,#492,.T.);
#1313=EDGE_CURVE('',#1082,#1083,#998,.T.);
#1314=EDGE_CURVE('',#1083,#1084,#493,.T.);
#1315=EDGE_CURVE('',#1084,#1085,#999,.T.);
#1316=EDGE_CURVE('',#1085,#1086,#494,.T.);
#1317=EDGE_CURVE('',#1086,#1087,#495,.T.);
#1318=EDGE_CURVE('',#1087,#1088,#496,.T.);
#1319=EDGE_CURVE('',#1088,#1089,#497,.T.);
#1320=EDGE_CURVE('',#1089,#1090,#498,.T.);
#1321=EDGE_CURVE('',#1090,#1091,#499,.T.);
#1322=EDGE_CURVE('',#1091,#1082,#500,.T.);
#1323=EDGE_CURVE('',#1092,#1093,#501,.T.);
#1324=EDGE_CURVE('',#1093,#1094,#502,.T.);
#1325=EDGE_CURVE('',#1094,#1095,#503,.T.);
#1326=EDGE_CURVE('',#1095,#1096,#504,.T.);
#1327=EDGE_CURVE('',#1096,#1092,#1000,.T.);
#1328=EDGE_CURVE('',#1097,#1097,#1001,.T.);
#1329=EDGE_CURVE('',#1098,#1098,#1002,.T.);
#1330=EDGE_CURVE('',#1099,#1099,#1003,.T.);
#1331=EDGE_CURVE('',#1099,#1097,#505,.T.);
#1332=EDGE_CURVE('',#1100,#1100,#1004,.T.);
#1333=EDGE_CURVE('',#1100,#1098,#506,.T.);
#1334=EDGE_CURVE('',#1101,#1101,#1005,.T.);
#1335=EDGE_CURVE('',#1102,#1102,#1006,.T.);
#1336=EDGE_CURVE('',#1103,#1104,#507,.T.);
#1337=EDGE_CURVE('',#1103,#1105,#508,.T.);
#1338=EDGE_CURVE('',#1106,#1105,#509,.T.);
#1339=EDGE_CURVE('',#1107,#1106,#510,.T.);
#1340=EDGE_CURVE('',#1108,#1107,#511,.T.);
#1341=EDGE_CURVE('',#1108,#1109,#512,.T.);
#1342=EDGE_CURVE('',#1109,#1110,#513,.T.);
#1343=EDGE_CURVE('',#1110,#1111,#514,.T.);
#1344=EDGE_CURVE('',#1111,#1112,#515,.T.);
#1345=EDGE_CURVE('',#1112,#1113,#516,.T.);
#1346=EDGE_CURVE('',#1113,#1114,#1007,.T.);
#1347=EDGE_CURVE('',#1114,#1115,#517,.T.);
#1348=EDGE_CURVE('',#1116,#1115,#518,.T.);
#1349=EDGE_CURVE('',#1117,#1116,#519,.T.);
#1350=EDGE_CURVE('',#1117,#1118,#1008,.T.);
#1351=EDGE_CURVE('',#1118,#1119,#520,.T.);
#1352=EDGE_CURVE('',#1119,#1120,#521,.T.);
#1353=EDGE_CURVE('',#1120,#1121,#522,.T.);
#1354=EDGE_CURVE('',#1121,#1122,#523,.T.);
#1355=EDGE_CURVE('',#1122,#1104,#524,.T.);
#1356=EDGE_CURVE('',#1123,#1124,#1009,.T.);
#1357=EDGE_CURVE('',#1123,#1124,#525,.T.);
#1358=EDGE_CURVE('',#1125,#1126,#1010,.T.);
#1359=EDGE_CURVE('',#1125,#1126,#526,.T.);
#1360=EDGE_CURVE('',#1127,#1128,#527,.T.);
#1361=EDGE_CURVE('',#1129,#1128,#528,.T.);
#1362=EDGE_CURVE('',#1129,#1130,#529,.T.);
#1363=EDGE_CURVE('',#1127,#1130,#530,.T.);
#1364=EDGE_CURVE('',#1131,#1131,#1011,.T.);
#1365=EDGE_CURVE('',#1131,#1132,#531,.T.);
#1366=EDGE_CURVE('',#1132,#1132,#1012,.T.);
#1367=EDGE_CURVE('',#1133,#1133,#1013,.T.);
#1368=EDGE_CURVE('',#1133,#1134,#532,.T.);
#1369=EDGE_CURVE('',#1134,#1134,#1014,.T.);
#1370=EDGE_CURVE('',#1135,#1135,#1015,.T.);
#1371=EDGE_CURVE('',#1135,#1136,#533,.T.);
#1372=EDGE_CURVE('',#1136,#1136,#1016,.T.);
#1373=EDGE_CURVE('',#1137,#1137,#1017,.T.);
#1374=EDGE_CURVE('',#1137,#1138,#534,.T.);
#1375=EDGE_CURVE('',#1138,#1138,#1018,.T.);
#1376=EDGE_CURVE('',#1139,#1139,#1019,.T.);
#1377=EDGE_CURVE('',#1139,#1140,#535,.T.);
#1378=EDGE_CURVE('',#1140,#1140,#1020,.T.);
#1379=EDGE_CURVE('',#1141,#1141,#1021,.T.);
#1380=EDGE_CURVE('',#1142,#1142,#1022,.T.);
#1381=EDGE_CURVE('',#1143,#1143,#1023,.T.);
#1382=EDGE_CURVE('',#1141,#1142,#536,.T.);
#1383=EDGE_CURVE('',#1143,#1144,#537,.T.);
#1384=EDGE_CURVE('',#1144,#1144,#1024,.T.);
#1385=EDGE_CURVE('',#1145,#1146,#1025,.T.);
#1386=EDGE_CURVE('',#1147,#1145,#538,.T.);
#1387=EDGE_CURVE('',#1147,#1148,#1026,.T.);
#1388=EDGE_CURVE('',#1148,#1146,#539,.T.);
#1389=EDGE_CURVE('',#1149,#1150,#540,.T.);
#1390=EDGE_CURVE('',#1151,#1150,#541,.T.);
#1391=EDGE_CURVE('',#1151,#1152,#542,.T.);
#1392=EDGE_CURVE('',#1152,#1149,#543,.T.);
#1393=EDGE_CURVE('',#1153,#1153,#1027,.T.);
#1394=EDGE_CURVE('',#1153,#1154,#544,.T.);
#1395=EDGE_CURVE('',#1154,#1154,#1028,.T.);
#1396=EDGE_CURVE('',#1155,#1155,#1029,.T.);
#1397=EDGE_CURVE('',#1155,#1156,#545,.T.);
#1398=EDGE_CURVE('',#1156,#1156,#1030,.T.);
#1399=EDGE_CURVE('',#1157,#1157,#1031,.T.);
#1400=EDGE_CURVE('',#1157,#1158,#546,.T.);
#1401=EDGE_CURVE('',#1158,#1158,#1032,.T.);
#1402=EDGE_CURVE('',#1159,#1160,#547,.T.);
#1403=EDGE_CURVE('',#1161,#1159,#548,.T.);
#1404=EDGE_CURVE('',#1161,#1162,#549,.T.);
#1405=EDGE_CURVE('',#1160,#1162,#550,.T.);
#1406=EDGE_CURVE('',#1163,#1164,#551,.T.);
#1407=EDGE_CURVE('',#1165,#1163,#552,.T.);
#1408=EDGE_CURVE('',#1165,#1166,#553,.T.);
#1409=EDGE_CURVE('',#1164,#1166,#554,.T.);
#1410=EDGE_CURVE('',#1167,#1165,#555,.T.);
#1411=EDGE_CURVE('',#1168,#1167,#556,.T.);
#1412=EDGE_CURVE('',#1162,#1168,#557,.T.);
#1413=EDGE_CURVE('',#1169,#1161,#558,.T.);
#1414=EDGE_CURVE('',#1170,#1169,#559,.T.);
#1415=EDGE_CURVE('',#1166,#1170,#560,.T.);
#1416=EDGE_CURVE('',#1106,#1169,#561,.T.);
#1417=EDGE_CURVE('',#1105,#1170,#562,.T.);
#1418=EDGE_CURVE('',#1159,#1171,#563,.T.);
#1419=EDGE_CURVE('',#1171,#1172,#564,.T.);
#1420=EDGE_CURVE('',#1107,#1172,#565,.T.);
#1421=EDGE_CURVE('',#1168,#1173,#566,.T.);
#1422=EDGE_CURVE('',#1173,#1174,#567,.T.);
#1423=EDGE_CURVE('',#1175,#1174,#568,.T.);
#1424=EDGE_CURVE('',#1160,#1175,#569,.T.);
#1425=EDGE_CURVE('',#1130,#1164,#570,.T.);
#1426=EDGE_CURVE('',#1152,#1129,#571,.T.);
#1427=EDGE_CURVE('',#1171,#1151,#572,.T.);
#1428=EDGE_CURVE('',#1175,#1176,#573,.T.);
#1429=EDGE_CURVE('',#1176,#1163,#574,.T.);
#1430=EDGE_CURVE('',#1167,#1177,#575,.T.);
#1431=EDGE_CURVE('',#1177,#1173,#576,.T.);
#1432=EDGE_CURVE('',#1176,#1178,#577,.T.);
#1433=EDGE_CURVE('',#1178,#1177,#578,.T.);
#1434=EDGE_CURVE('',#1174,#1178,#579,.T.);
#1435=EDGE_CURVE('',#1179,#1180,#580,.T.);
#1436=EDGE_CURVE('',#1180,#1179,#1033,.T.);
#1437=EDGE_CURVE('',#1181,#1182,#581,.T.);
#1438=EDGE_CURVE('',#1182,#1181,#1034,.T.);
#1439=EDGE_CURVE('',#1183,#1184,#582,.T.);
#1440=EDGE_CURVE('',#1184,#1183,#1035,.T.);
#1441=EDGE_CURVE('',#1185,#1186,#583,.T.);
#1442=EDGE_CURVE('',#1186,#1185,#1036,.T.);
#1443=EDGE_CURVE('',#1187,#1188,#584,.T.);
#1444=EDGE_CURVE('',#1189,#1187,#585,.T.);
#1445=EDGE_CURVE('',#1188,#1189,#1037,.T.);
#1446=EDGE_CURVE('',#1190,#1191,#586,.T.);
#1447=EDGE_CURVE('',#1192,#1190,#1038,.T.);
#1448=EDGE_CURVE('',#1191,#1192,#587,.T.);
#1449=EDGE_CURVE('',#1193,#1194,#588,.T.);
#1450=EDGE_CURVE('',#1195,#1193,#1039,.T.);
#1451=EDGE_CURVE('',#1196,#1195,#589,.T.);
#1452=EDGE_CURVE('',#1194,#1196,#1040,.T.);
#1453=EDGE_CURVE('',#1197,#1198,#590,.T.);
#1454=EDGE_CURVE('',#1199,#1197,#591,.T.);
#1455=EDGE_CURVE('',#1200,#1199,#1041,.T.);
#1456=EDGE_CURVE('',#1201,#1200,#592,.T.);
#1457=EDGE_CURVE('',#1202,#1201,#593,.T.);
#1458=EDGE_CURVE('',#1203,#1202,#594,.T.);
#1459=EDGE_CURVE('',#1204,#1203,#595,.T.);
#1460=EDGE_CURVE('',#1205,#1204,#596,.T.);
#1461=EDGE_CURVE('',#1206,#1205,#597,.T.);
#1462=EDGE_CURVE('',#1207,#1206,#598,.T.);
#1463=EDGE_CURVE('',#1208,#1207,#599,.T.);
#1464=EDGE_CURVE('',#1209,#1208,#600,.T.);
#1465=EDGE_CURVE('',#1210,#1209,#601,.T.);
#1466=EDGE_CURVE('',#1211,#1210,#602,.T.);
#1467=EDGE_CURVE('',#1212,#1211,#1042,.T.);
#1468=EDGE_CURVE('',#1198,#1212,#603,.T.);
#1469=EDGE_CURVE('',#1206,#1213,#604,.T.);
#1470=EDGE_CURVE('',#1104,#1213,#605,.T.);
#1471=EDGE_CURVE('',#1207,#1122,#606,.T.);
#1472=EDGE_CURVE('',#1205,#1214,#607,.T.);
#1473=EDGE_CURVE('',#1213,#1214,#608,.T.);
#1474=EDGE_CURVE('',#1204,#1109,#609,.T.);
#1475=EDGE_CURVE('',#1214,#1108,#610,.T.);
#1476=EDGE_CURVE('',#1208,#1121,#611,.T.);
#1477=EDGE_CURVE('',#1203,#1110,#612,.T.);
#1478=EDGE_CURVE('',#1209,#1120,#613,.T.);
#1479=EDGE_CURVE('',#1202,#1111,#614,.T.);
#1480=EDGE_CURVE('',#1210,#1119,#615,.T.);
#1481=EDGE_CURVE('',#1201,#1112,#616,.T.);
#1482=EDGE_CURVE('',#1211,#1118,#617,.T.);
#1483=EDGE_CURVE('',#1200,#1113,#618,.T.);
#1484=EDGE_CURVE('',#1212,#1117,#619,.T.);
#1485=EDGE_CURVE('',#1199,#1114,#620,.T.);
#1486=EDGE_CURVE('',#1116,#1198,#621,.T.);
#1487=EDGE_CURVE('',#1197,#1115,#622,.T.);
#1488=EDGE_CURVE('',#1195,#1215,#623,.T.);
#1489=EDGE_CURVE('',#1216,#1215,#624,.T.);
#1490=EDGE_CURVE('',#1196,#1216,#625,.T.);
#1491=EDGE_CURVE('',#1217,#1216,#1043,.T.);
#1492=EDGE_CURVE('',#1217,#1194,#626,.T.);
#1493=EDGE_CURVE('',#1193,#1218,#627,.T.);
#1494=EDGE_CURVE('',#1215,#1218,#1044,.T.);
#1495=EDGE_CURVE('',#1218,#1217,#628,.T.);
#1496=EDGE_CURVE('',#1219,#1192,#629,.T.);
#1497=EDGE_CURVE('',#1220,#1219,#630,.T.);
#1498=EDGE_CURVE('',#1220,#1191,#631,.T.);
#1499=EDGE_CURVE('',#1190,#1221,#632,.T.);
#1500=EDGE_CURVE('',#1219,#1221,#1045,.T.);
#1501=EDGE_CURVE('',#1221,#1220,#633,.T.);
#1502=EDGE_CURVE('',#1187,#1222,#634,.T.);
#1503=EDGE_CURVE('',#1223,#1222,#635,.T.);
#1504=EDGE_CURVE('',#1189,#1223,#636,.T.);
#1505=EDGE_CURVE('',#1224,#1223,#1046,.T.);
#1506=EDGE_CURVE('',#1224,#1188,#637,.T.);
#1507=EDGE_CURVE('',#1222,#1224,#638,.T.);
#1508=EDGE_CURVE('',#1185,#1126,#639,.T.);
#1509=EDGE_CURVE('',#1125,#1186,#640,.T.);
#1510=EDGE_CURVE('',#1183,#1225,#641,.T.);
#1511=EDGE_CURVE('',#1226,#1225,#1047,.T.);
#1512=EDGE_CURVE('',#1226,#1184,#642,.T.);
#1513=EDGE_CURVE('',#1225,#1226,#643,.T.);
#1514=EDGE_CURVE('',#1181,#1227,#644,.T.);
#1515=EDGE_CURVE('',#1228,#1227,#1048,.T.);
#1516=EDGE_CURVE('',#1228,#1182,#645,.T.);
#1517=EDGE_CURVE('',#1227,#1228,#646,.T.);
#1518=EDGE_CURVE('',#1179,#1124,#647,.T.);
#1519=EDGE_CURVE('',#1123,#1180,#648,.T.);
#1520=EDGE_CURVE('',#1229,#1150,#649,.T.);
#1521=EDGE_CURVE('',#1172,#1229,#650,.T.);
#1522=EDGE_CURVE('',#1230,#1145,#651,.T.);
#1523=EDGE_CURVE('',#1231,#1230,#652,.T.);
#1524=EDGE_CURVE('',#1231,#1147,#653,.T.);
#1525=EDGE_CURVE('',#1232,#1229,#654,.T.);
#1526=EDGE_CURVE('',#1107,#1232,#655,.T.);
#1527=EDGE_CURVE('',#1148,#1233,#656,.T.);
#1528=EDGE_CURVE('',#1233,#1234,#657,.T.);
#1529=EDGE_CURVE('',#1146,#1234,#658,.T.);
#1530=EDGE_CURVE('',#1104,#1108,#659,.T.);
#1531=EDGE_CURVE('',#1234,#1232,#1049,.T.);
#1532=EDGE_CURVE('',#1103,#1233,#1050,.T.);
#1533=EDGE_CURVE('',#1231,#1127,#1051,.T.);
#1534=EDGE_CURVE('',#1128,#1230,#1052,.T.);
#1535=EDGE_CURVE('',#1235,#1075,#660,.T.);
#1536=EDGE_CURVE('',#1236,#1235,#661,.T.);
#1537=EDGE_CURVE('',#1237,#1236,#662,.T.);
#1538=EDGE_CURVE('',#1237,#1076,#663,.T.);
#1539=EDGE_CURVE('',#1238,#1239,#664,.T.);
#1540=EDGE_CURVE('',#1093,#1238,#665,.T.);
#1541=EDGE_CURVE('',#1240,#1092,#666,.T.);
#1542=EDGE_CURVE('',#1241,#1240,#667,.T.);
#1543=EDGE_CURVE('',#1242,#1241,#668,.T.);
#1544=EDGE_CURVE('',#1239,#1242,#669,.T.);
#1545=EDGE_CURVE('',#1243,#1238,#670,.T.);
#1546=EDGE_CURVE('',#1243,#1088,#671,.T.);
#1547=EDGE_CURVE('',#1087,#1244,#672,.T.);
#1548=EDGE_CURVE('',#1244,#1245,#673,.T.);
#1549=EDGE_CURVE('',#1245,#1094,#674,.T.);
#1550=EDGE_CURVE('',#1237,#1246,#19,.T.);
#1551=EDGE_CURVE('',#1246,#1247,#20,.T.);
#1552=EDGE_CURVE('',#1247,#1077,#675,.T.);
#1553=EDGE_CURVE('',#1246,#1236,#676,.T.);
#1554=EDGE_CURVE('',#1239,#1248,#677,.T.);
#1555=EDGE_CURVE('',#1248,#1249,#678,.T.);
#1556=EDGE_CURVE('',#1249,#1250,#679,.T.);
#1557=EDGE_CURVE('',#1250,#1251,#680,.T.);
#1558=EDGE_CURVE('',#1252,#1251,#681,.T.);
#1559=EDGE_CURVE('',#1252,#1243,#682,.T.);
#1560=EDGE_CURVE('',#1253,#1253,#1053,.T.);
#1561=EDGE_CURVE('',#1254,#1242,#683,.T.);
#1562=EDGE_CURVE('',#1248,#1254,#684,.T.);
#1563=EDGE_CURVE('',#1250,#1072,#685,.T.);
#1564=EDGE_CURVE('',#1251,#1071,#686,.T.);
#1565=EDGE_CURVE('',#1149,#1249,#687,.T.);
#1566=EDGE_CURVE('',#1255,#1152,#688,.T.);
#1567=EDGE_CURVE('',#1256,#1255,#689,.T.);
#1568=EDGE_CURVE('',#1256,#1073,#690,.T.);
#1569=EDGE_CURVE('',#1257,#1256,#691,.T.);
#1570=EDGE_CURVE('',#1257,#1074,#692,.T.);
#1571=EDGE_CURVE('',#1235,#1257,#693,.T.);
#1572=EDGE_CURVE('',#1150,#1254,#694,.T.);
#1573=EDGE_CURVE('',#1258,#1258,#1054,.T.);
#1574=EDGE_CURVE('',#1253,#1258,#695,.T.);
#1575=EDGE_CURVE('',#1252,#1089,#696,.T.);
#1576=EDGE_CURVE('',#1245,#1259,#697,.T.);
#1577=EDGE_CURVE('',#1095,#1259,#698,.T.);
#1578=EDGE_CURVE('',#1260,#1244,#699,.T.);
#1579=EDGE_CURVE('',#1259,#1260,#700,.T.);
#1580=EDGE_CURVE('',#1261,#1261,#1055,.T.);
#1581=EDGE_CURVE('',#1260,#1086,#701,.T.);
#1582=EDGE_CURVE('',#1262,#1262,#1056,.T.);
#1583=EDGE_CURVE('',#1261,#1262,#702,.T.);
#1584=EDGE_CURVE('',#1096,#1263,#703,.T.);
#1585=EDGE_CURVE('',#1264,#1085,#704,.T.);
#1586=EDGE_CURVE('',#1263,#1264,#705,.T.);
#1587=EDGE_CURVE('',#1084,#1265,#706,.T.);
#1588=EDGE_CURVE('',#1266,#1083,#707,.T.);
#1589=EDGE_CURVE('',#1265,#1266,#708,.T.);
#1590=EDGE_CURVE('',#1265,#1267,#21,.T.);
#1591=EDGE_CURVE('',#1267,#1264,#22,.T.);
#1592=EDGE_CURVE('',#1263,#1240,#23,.T.);
#1593=EDGE_CURVE('',#1267,#1268,#709,.T.);
#1594=EDGE_CURVE('',#1268,#1241,#710,.T.);
#1595=EDGE_CURVE('',#1269,#1247,#711,.T.);
#1596=EDGE_CURVE('',#1078,#1269,#712,.T.);
#1597=EDGE_CURVE('',#1270,#1270,#1057,.T.);
#1598=EDGE_CURVE('',#1271,#1271,#1058,.T.);
#1599=EDGE_CURVE('',#1270,#1272,#713,.T.);
#1600=EDGE_CURVE('',#1272,#1272,#1059,.T.);
#1601=EDGE_CURVE('',#1271,#1273,#714,.T.);
#1602=EDGE_CURVE('',#1273,#1273,#1060,.T.);
#1603=EDGE_CURVE('',#1274,#1275,#15,.T.);
#1604=EDGE_CURVE('',#1275,#1274,#16,.T.);
#1605=EDGE_CURVE('',#1275,#1101,#715,.T.);
#1606=EDGE_CURVE('',#1276,#1277,#17,.T.);
#1607=EDGE_CURVE('',#1277,#1276,#18,.T.);
#1608=EDGE_CURVE('',#1277,#1102,#716,.T.);
#1609=EDGE_CURVE('',#1269,#1278,#24,.T.);
#1610=EDGE_CURVE('',#1278,#1279,#25,.T.);
#1611=EDGE_CURVE('',#1279,#1079,#717,.T.);
#1612=EDGE_CURVE('',#1280,#1279,#718,.T.);
#1613=EDGE_CURVE('',#1082,#1280,#719,.T.);
#1614=EDGE_CURVE('',#1091,#1281,#720,.T.);
#1615=EDGE_CURVE('',#1281,#1282,#721,.T.);
#1616=EDGE_CURVE('',#1282,#1080,#722,.T.);
#1617=EDGE_CURVE('',#1283,#1278,#723,.T.);
#1618=EDGE_CURVE('',#1283,#1284,#724,.T.);
#1619=EDGE_CURVE('',#1284,#1285,#725,.T.);
#1620=EDGE_CURVE('',#1280,#1285,#26,.T.);
#1621=EDGE_CURVE('',#1284,#1268,#726,.T.);
#1622=EDGE_CURVE('',#1255,#1283,#727,.T.);
#1623=EDGE_CURVE('',#1286,#1286,#1061,.T.);
#1624=EDGE_CURVE('',#1286,#1287,#728,.T.);
#1625=EDGE_CURVE('',#1287,#1287,#1062,.T.);
#1626=EDGE_CURVE('',#1288,#1090,#729,.T.);
#1627=EDGE_CURVE('',#1288,#1281,#730,.T.);
#1628=EDGE_CURVE('',#1081,#1289,#731,.T.);
#1629=EDGE_CURVE('',#1282,#1289,#732,.T.);
#1630=EDGE_CURVE('',#1289,#1288,#733,.T.);
#1631=EDGE_CURVE('',#1285,#1266,#27,.T.);
#1632=ORIENTED_EDGE('',*,*,#1290,.F.);
#1633=ORIENTED_EDGE('',*,*,#1291,.T.);
#1634=ORIENTED_EDGE('',*,*,#1292,.T.);
#1635=ORIENTED_EDGE('',*,*,#1291,.F.);
#1636=ORIENTED_EDGE('',*,*,#1293,.F.);
#1637=ORIENTED_EDGE('',*,*,#1293,.T.);
#1638=ORIENTED_EDGE('',*,*,#1294,.T.);
#1639=ORIENTED_EDGE('',*,*,#1295,.F.);
#1640=ORIENTED_EDGE('',*,*,#1294,.F.);
#1641=ORIENTED_EDGE('',*,*,#1292,.F.);
#1642=ORIENTED_EDGE('',*,*,#1296,.F.);
#1643=ORIENTED_EDGE('',*,*,#1297,.T.);
#1644=ORIENTED_EDGE('',*,*,#1298,.T.);
#1645=ORIENTED_EDGE('',*,*,#1297,.F.);
#1646=ORIENTED_EDGE('',*,*,#1299,.F.);
#1647=ORIENTED_EDGE('',*,*,#1299,.T.);
#1648=ORIENTED_EDGE('',*,*,#1300,.T.);
#1649=ORIENTED_EDGE('',*,*,#1301,.F.);
#1650=ORIENTED_EDGE('',*,*,#1300,.F.);
#1651=ORIENTED_EDGE('',*,*,#1298,.F.);
#1652=ORIENTED_EDGE('',*,*,#1302,.T.);
#1653=ORIENTED_EDGE('',*,*,#1303,.T.);
#1654=ORIENTED_EDGE('',*,*,#1304,.T.);
#1655=ORIENTED_EDGE('',*,*,#1305,.T.);
#1656=ORIENTED_EDGE('',*,*,#1306,.T.);
#1657=ORIENTED_EDGE('',*,*,#1307,.T.);
#1658=ORIENTED_EDGE('',*,*,#1308,.T.);
#1659=ORIENTED_EDGE('',*,*,#1309,.T.);
#1660=ORIENTED_EDGE('',*,*,#1310,.T.);
#1661=ORIENTED_EDGE('',*,*,#1311,.T.);
#1662=ORIENTED_EDGE('',*,*,#1312,.T.);
#1663=ORIENTED_EDGE('',*,*,#1313,.T.);
#1664=ORIENTED_EDGE('',*,*,#1314,.T.);
#1665=ORIENTED_EDGE('',*,*,#1315,.T.);
#1666=ORIENTED_EDGE('',*,*,#1316,.T.);
#1667=ORIENTED_EDGE('',*,*,#1317,.T.);
#1668=ORIENTED_EDGE('',*,*,#1318,.T.);
#1669=ORIENTED_EDGE('',*,*,#1319,.T.);
#1670=ORIENTED_EDGE('',*,*,#1320,.T.);
#1671=ORIENTED_EDGE('',*,*,#1321,.T.);
#1672=ORIENTED_EDGE('',*,*,#1322,.T.);
#1673=ORIENTED_EDGE('',*,*,#1323,.T.);
#1674=ORIENTED_EDGE('',*,*,#1324,.T.);
#1675=ORIENTED_EDGE('',*,*,#1325,.T.);
#1676=ORIENTED_EDGE('',*,*,#1326,.T.);
#1677=ORIENTED_EDGE('',*,*,#1327,.T.);
#1678=ORIENTED_EDGE('',*,*,#1328,.F.);
#1679=ORIENTED_EDGE('',*,*,#1329,.F.);
#1680=ORIENTED_EDGE('',*,*,#1330,.F.);
#1681=ORIENTED_EDGE('',*,*,#1331,.T.);
#1682=ORIENTED_EDGE('',*,*,#1328,.T.);
#1683=ORIENTED_EDGE('',*,*,#1331,.F.);
#1684=ORIENTED_EDGE('',*,*,#1332,.F.);
#1685=ORIENTED_EDGE('',*,*,#1333,.T.);
#1686=ORIENTED_EDGE('',*,*,#1329,.T.);
#1687=ORIENTED_EDGE('',*,*,#1333,.F.);
#1688=ORIENTED_EDGE('',*,*,#1334,.F.);
#1689=ORIENTED_EDGE('',*,*,#1335,.F.);
#1690=ORIENTED_EDGE('',*,*,#1336,.F.);
#1691=ORIENTED_EDGE('',*,*,#1337,.T.);
#1692=ORIENTED_EDGE('',*,*,#1338,.F.);
#1693=ORIENTED_EDGE('',*,*,#1339,.F.);
#1694=ORIENTED_EDGE('',*,*,#1340,.F.);
#1695=ORIENTED_EDGE('',*,*,#1341,.T.);
#1696=ORIENTED_EDGE('',*,*,#1342,.T.);
#1697=ORIENTED_EDGE('',*,*,#1343,.T.);
#1698=ORIENTED_EDGE('',*,*,#1344,.T.);
#1699=ORIENTED_EDGE('',*,*,#1345,.T.);
#1700=ORIENTED_EDGE('',*,*,#1346,.T.);
#1701=ORIENTED_EDGE('',*,*,#1347,.T.);
#1702=ORIENTED_EDGE('',*,*,#1348,.F.);
#1703=ORIENTED_EDGE('',*,*,#1349,.F.);
#1704=ORIENTED_EDGE('',*,*,#1350,.T.);
#1705=ORIENTED_EDGE('',*,*,#1351,.T.);
#1706=ORIENTED_EDGE('',*,*,#1352,.T.);
#1707=ORIENTED_EDGE('',*,*,#1353,.T.);
#1708=ORIENTED_EDGE('',*,*,#1354,.T.);
#1709=ORIENTED_EDGE('',*,*,#1355,.T.);
#1710=ORIENTED_EDGE('',*,*,#1356,.T.);
#1711=ORIENTED_EDGE('',*,*,#1357,.F.);
#1712=ORIENTED_EDGE('',*,*,#1358,.T.);
#1713=ORIENTED_EDGE('',*,*,#1359,.F.);
#1714=ORIENTED_EDGE('',*,*,#1360,.T.);
#1715=ORIENTED_EDGE('',*,*,#1361,.F.);
#1716=ORIENTED_EDGE('',*,*,#1362,.T.);
#1717=ORIENTED_EDGE('',*,*,#1363,.F.);
#1718=ORIENTED_EDGE('',*,*,#1364,.F.);
#1719=ORIENTED_EDGE('',*,*,#1365,.T.);
#1720=ORIENTED_EDGE('',*,*,#1366,.F.);
#1721=ORIENTED_EDGE('',*,*,#1365,.F.);
#1722=ORIENTED_EDGE('',*,*,#1367,.F.);
#1723=ORIENTED_EDGE('',*,*,#1368,.T.);
#1724=ORIENTED_EDGE('',*,*,#1369,.F.);
#1725=ORIENTED_EDGE('',*,*,#1368,.F.);
#1726=ORIENTED_EDGE('',*,*,#1370,.F.);
#1727=ORIENTED_EDGE('',*,*,#1371,.T.);
#1728=ORIENTED_EDGE('',*,*,#1372,.F.);
#1729=ORIENTED_EDGE('',*,*,#1371,.F.);
#1730=ORIENTED_EDGE('',*,*,#1373,.F.);
#1731=ORIENTED_EDGE('',*,*,#1374,.T.);
#1732=ORIENTED_EDGE('',*,*,#1375,.F.);
#1733=ORIENTED_EDGE('',*,*,#1374,.F.);
#1734=ORIENTED_EDGE('',*,*,#1376,.F.);
#1735=ORIENTED_EDGE('',*,*,#1377,.T.);
#1736=ORIENTED_EDGE('',*,*,#1378,.F.);
#1737=ORIENTED_EDGE('',*,*,#1377,.F.);
#1738=ORIENTED_EDGE('',*,*,#1379,.F.);
#1739=ORIENTED_EDGE('',*,*,#1376,.T.);
#1740=ORIENTED_EDGE('',*,*,#1373,.T.);
#1741=ORIENTED_EDGE('',*,*,#1370,.T.);
#1742=ORIENTED_EDGE('',*,*,#1367,.T.);
#1743=ORIENTED_EDGE('',*,*,#1364,.T.);
#1744=ORIENTED_EDGE('',*,*,#1380,.F.);
#1745=ORIENTED_EDGE('',*,*,#1381,.T.);
#1746=ORIENTED_EDGE('',*,*,#1378,.T.);
#1747=ORIENTED_EDGE('',*,*,#1375,.T.);
#1748=ORIENTED_EDGE('',*,*,#1372,.T.);
#1749=ORIENTED_EDGE('',*,*,#1369,.T.);
#1750=ORIENTED_EDGE('',*,*,#1366,.T.);
#1751=ORIENTED_EDGE('',*,*,#1379,.T.);
#1752=ORIENTED_EDGE('',*,*,#1382,.T.);
#1753=ORIENTED_EDGE('',*,*,#1380,.T.);
#1754=ORIENTED_EDGE('',*,*,#1382,.F.);
#1755=ORIENTED_EDGE('',*,*,#1381,.F.);
#1756=ORIENTED_EDGE('',*,*,#1383,.T.);
#1757=ORIENTED_EDGE('',*,*,#1384,.F.);
#1758=ORIENTED_EDGE('',*,*,#1383,.F.);
#1759=ORIENTED_EDGE('',*,*,#1385,.F.);
#1760=ORIENTED_EDGE('',*,*,#1386,.F.);
#1761=ORIENTED_EDGE('',*,*,#1387,.T.);
#1762=ORIENTED_EDGE('',*,*,#1388,.T.);
#1763=ORIENTED_EDGE('',*,*,#1389,.T.);
#1764=ORIENTED_EDGE('',*,*,#1390,.F.);
#1765=ORIENTED_EDGE('',*,*,#1391,.T.);
#1766=ORIENTED_EDGE('',*,*,#1392,.T.);
#1767=ORIENTED_EDGE('',*,*,#1393,.F.);
#1768=ORIENTED_EDGE('',*,*,#1394,.T.);
#1769=ORIENTED_EDGE('',*,*,#1395,.T.);
#1770=ORIENTED_EDGE('',*,*,#1394,.F.);
#1771=ORIENTED_EDGE('',*,*,#1395,.F.);
#1772=ORIENTED_EDGE('',*,*,#1396,.F.);
#1773=ORIENTED_EDGE('',*,*,#1397,.T.);
#1774=ORIENTED_EDGE('',*,*,#1398,.T.);
#1775=ORIENTED_EDGE('',*,*,#1397,.F.);
#1776=ORIENTED_EDGE('',*,*,#1398,.F.);
#1777=ORIENTED_EDGE('',*,*,#1399,.F.);
#1778=ORIENTED_EDGE('',*,*,#1400,.T.);
#1779=ORIENTED_EDGE('',*,*,#1401,.T.);
#1780=ORIENTED_EDGE('',*,*,#1400,.F.);
#1781=ORIENTED_EDGE('',*,*,#1401,.F.);
#1782=ORIENTED_EDGE('',*,*,#1402,.F.);
#1783=ORIENTED_EDGE('',*,*,#1403,.F.);
#1784=ORIENTED_EDGE('',*,*,#1404,.T.);
#1785=ORIENTED_EDGE('',*,*,#1405,.F.);
#1786=ORIENTED_EDGE('',*,*,#1406,.F.);
#1787=ORIENTED_EDGE('',*,*,#1407,.F.);
#1788=ORIENTED_EDGE('',*,*,#1408,.T.);
#1789=ORIENTED_EDGE('',*,*,#1409,.F.);
#1790=ORIENTED_EDGE('',*,*,#1410,.F.);
#1791=ORIENTED_EDGE('',*,*,#1411,.F.);
#1792=ORIENTED_EDGE('',*,*,#1412,.F.);
#1793=ORIENTED_EDGE('',*,*,#1404,.F.);
#1794=ORIENTED_EDGE('',*,*,#1413,.F.);
#1795=ORIENTED_EDGE('',*,*,#1414,.F.);
#1796=ORIENTED_EDGE('',*,*,#1415,.F.);
#1797=ORIENTED_EDGE('',*,*,#1408,.F.);
#1798=ORIENTED_EDGE('',*,*,#1414,.T.);
#1799=ORIENTED_EDGE('',*,*,#1416,.F.);
#1800=ORIENTED_EDGE('',*,*,#1338,.T.);
#1801=ORIENTED_EDGE('',*,*,#1417,.T.);
#1802=ORIENTED_EDGE('',*,*,#1413,.T.);
#1803=ORIENTED_EDGE('',*,*,#1403,.T.);
#1804=ORIENTED_EDGE('',*,*,#1418,.T.);
#1805=ORIENTED_EDGE('',*,*,#1419,.T.);
#1806=ORIENTED_EDGE('',*,*,#1420,.F.);
#1807=ORIENTED_EDGE('',*,*,#1339,.T.);
#1808=ORIENTED_EDGE('',*,*,#1416,.T.);
#1809=ORIENTED_EDGE('',*,*,#1405,.T.);
#1810=ORIENTED_EDGE('',*,*,#1412,.T.);
#1811=ORIENTED_EDGE('',*,*,#1421,.T.);
#1812=ORIENTED_EDGE('',*,*,#1422,.T.);
#1813=ORIENTED_EDGE('',*,*,#1423,.F.);
#1814=ORIENTED_EDGE('',*,*,#1424,.F.);
#1815=ORIENTED_EDGE('',*,*,#1406,.T.);
#1816=ORIENTED_EDGE('',*,*,#1425,.F.);
#1817=ORIENTED_EDGE('',*,*,#1362,.F.);
#1818=ORIENTED_EDGE('',*,*,#1426,.F.);
#1819=ORIENTED_EDGE('',*,*,#1391,.F.);
#1820=ORIENTED_EDGE('',*,*,#1427,.F.);
#1821=ORIENTED_EDGE('',*,*,#1418,.F.);
#1822=ORIENTED_EDGE('',*,*,#1402,.T.);
#1823=ORIENTED_EDGE('',*,*,#1424,.T.);
#1824=ORIENTED_EDGE('',*,*,#1428,.T.);
#1825=ORIENTED_EDGE('',*,*,#1429,.T.);
#1826=ORIENTED_EDGE('',*,*,#1393,.T.);
#1827=ORIENTED_EDGE('',*,*,#1396,.T.);
#1828=ORIENTED_EDGE('',*,*,#1399,.T.);
#1829=ORIENTED_EDGE('',*,*,#1411,.T.);
#1830=ORIENTED_EDGE('',*,*,#1430,.T.);
#1831=ORIENTED_EDGE('',*,*,#1431,.T.);
#1832=ORIENTED_EDGE('',*,*,#1421,.F.);
#1833=ORIENTED_EDGE('',*,*,#1407,.T.);
#1834=ORIENTED_EDGE('',*,*,#1429,.F.);
#1835=ORIENTED_EDGE('',*,*,#1432,.T.);
#1836=ORIENTED_EDGE('',*,*,#1433,.T.);
#1837=ORIENTED_EDGE('',*,*,#1430,.F.);
#1838=ORIENTED_EDGE('',*,*,#1410,.T.);
#1839=ORIENTED_EDGE('',*,*,#1428,.F.);
#1840=ORIENTED_EDGE('',*,*,#1423,.T.);
#1841=ORIENTED_EDGE('',*,*,#1434,.T.);
#1842=ORIENTED_EDGE('',*,*,#1432,.F.);
#1843=ORIENTED_EDGE('',*,*,#1422,.F.);
#1844=ORIENTED_EDGE('',*,*,#1431,.F.);
#1845=ORIENTED_EDGE('',*,*,#1433,.F.);
#1846=ORIENTED_EDGE('',*,*,#1434,.F.);
#1847=ORIENTED_EDGE('',*,*,#1435,.F.);
#1848=ORIENTED_EDGE('',*,*,#1436,.F.);
#1849=ORIENTED_EDGE('',*,*,#1437,.F.);
#1850=ORIENTED_EDGE('',*,*,#1438,.F.);
#1851=ORIENTED_EDGE('',*,*,#1439,.F.);
#1852=ORIENTED_EDGE('',*,*,#1440,.F.);
#1853=ORIENTED_EDGE('',*,*,#1441,.F.);
#1854=ORIENTED_EDGE('',*,*,#1442,.F.);
#1855=ORIENTED_EDGE('',*,*,#1443,.F.);
#1856=ORIENTED_EDGE('',*,*,#1444,.F.);
#1857=ORIENTED_EDGE('',*,*,#1445,.F.);
#1858=ORIENTED_EDGE('',*,*,#1446,.F.);
#1859=ORIENTED_EDGE('',*,*,#1447,.F.);
#1860=ORIENTED_EDGE('',*,*,#1448,.F.);
#1861=ORIENTED_EDGE('',*,*,#1449,.F.);
#1862=ORIENTED_EDGE('',*,*,#1450,.F.);
#1863=ORIENTED_EDGE('',*,*,#1451,.F.);
#1864=ORIENTED_EDGE('',*,*,#1452,.F.);
#1865=ORIENTED_EDGE('',*,*,#1453,.F.);
#1866=ORIENTED_EDGE('',*,*,#1454,.F.);
#1867=ORIENTED_EDGE('',*,*,#1455,.F.);
#1868=ORIENTED_EDGE('',*,*,#1456,.F.);
#1869=ORIENTED_EDGE('',*,*,#1457,.F.);
#1870=ORIENTED_EDGE('',*,*,#1458,.F.);
#1871=ORIENTED_EDGE('',*,*,#1459,.F.);
#1872=ORIENTED_EDGE('',*,*,#1460,.F.);
#1873=ORIENTED_EDGE('',*,*,#1461,.F.);
#1874=ORIENTED_EDGE('',*,*,#1462,.F.);
#1875=ORIENTED_EDGE('',*,*,#1463,.F.);
#1876=ORIENTED_EDGE('',*,*,#1464,.F.);
#1877=ORIENTED_EDGE('',*,*,#1465,.F.);
#1878=ORIENTED_EDGE('',*,*,#1466,.F.);
#1879=ORIENTED_EDGE('',*,*,#1467,.F.);
#1880=ORIENTED_EDGE('',*,*,#1468,.F.);
#1881=ORIENTED_EDGE('',*,*,#1462,.T.);
#1882=ORIENTED_EDGE('',*,*,#1469,.T.);
#1883=ORIENTED_EDGE('',*,*,#1470,.F.);
#1884=ORIENTED_EDGE('',*,*,#1355,.F.);
#1885=ORIENTED_EDGE('',*,*,#1471,.F.);
#1886=ORIENTED_EDGE('',*,*,#1461,.T.);
#1887=ORIENTED_EDGE('',*,*,#1472,.T.);
#1888=ORIENTED_EDGE('',*,*,#1473,.F.);
#1889=ORIENTED_EDGE('',*,*,#1469,.F.);
#1890=ORIENTED_EDGE('',*,*,#1460,.T.);
#1891=ORIENTED_EDGE('',*,*,#1474,.T.);
#1892=ORIENTED_EDGE('',*,*,#1341,.F.);
#1893=ORIENTED_EDGE('',*,*,#1475,.F.);
#1894=ORIENTED_EDGE('',*,*,#1472,.F.);
#1895=ORIENTED_EDGE('',*,*,#1463,.T.);
#1896=ORIENTED_EDGE('',*,*,#1471,.T.);
#1897=ORIENTED_EDGE('',*,*,#1354,.F.);
#1898=ORIENTED_EDGE('',*,*,#1476,.F.);
#1899=ORIENTED_EDGE('',*,*,#1459,.T.);
#1900=ORIENTED_EDGE('',*,*,#1477,.T.);
#1901=ORIENTED_EDGE('',*,*,#1342,.F.);
#1902=ORIENTED_EDGE('',*,*,#1474,.F.);
#1903=ORIENTED_EDGE('',*,*,#1464,.T.);
#1904=ORIENTED_EDGE('',*,*,#1476,.T.);
#1905=ORIENTED_EDGE('',*,*,#1353,.F.);
#1906=ORIENTED_EDGE('',*,*,#1478,.F.);
#1907=ORIENTED_EDGE('',*,*,#1458,.T.);
#1908=ORIENTED_EDGE('',*,*,#1479,.T.);
#1909=ORIENTED_EDGE('',*,*,#1343,.F.);
#1910=ORIENTED_EDGE('',*,*,#1477,.F.);
#1911=ORIENTED_EDGE('',*,*,#1465,.T.);
#1912=ORIENTED_EDGE('',*,*,#1478,.T.);
#1913=ORIENTED_EDGE('',*,*,#1352,.F.);
#1914=ORIENTED_EDGE('',*,*,#1480,.F.);
#1915=ORIENTED_EDGE('',*,*,#1457,.T.);
#1916=ORIENTED_EDGE('',*,*,#1481,.T.);
#1917=ORIENTED_EDGE('',*,*,#1344,.F.);
#1918=ORIENTED_EDGE('',*,*,#1479,.F.);
#1919=ORIENTED_EDGE('',*,*,#1466,.T.);
#1920=ORIENTED_EDGE('',*,*,#1480,.T.);
#1921=ORIENTED_EDGE('',*,*,#1351,.F.);
#1922=ORIENTED_EDGE('',*,*,#1482,.F.);
#1923=ORIENTED_EDGE('',*,*,#1456,.T.);
#1924=ORIENTED_EDGE('',*,*,#1483,.T.);
#1925=ORIENTED_EDGE('',*,*,#1345,.F.);
#1926=ORIENTED_EDGE('',*,*,#1481,.F.);
#1927=ORIENTED_EDGE('',*,*,#1467,.T.);
#1928=ORIENTED_EDGE('',*,*,#1482,.T.);
#1929=ORIENTED_EDGE('',*,*,#1350,.F.);
#1930=ORIENTED_EDGE('',*,*,#1484,.F.);
#1931=ORIENTED_EDGE('',*,*,#1455,.T.);
#1932=ORIENTED_EDGE('',*,*,#1485,.T.);
#1933=ORIENTED_EDGE('',*,*,#1346,.F.);
#1934=ORIENTED_EDGE('',*,*,#1483,.F.);
#1935=ORIENTED_EDGE('',*,*,#1468,.T.);
#1936=ORIENTED_EDGE('',*,*,#1484,.T.);
#1937=ORIENTED_EDGE('',*,*,#1349,.T.);
#1938=ORIENTED_EDGE('',*,*,#1486,.T.);
#1939=ORIENTED_EDGE('',*,*,#1454,.T.);
#1940=ORIENTED_EDGE('',*,*,#1487,.T.);
#1941=ORIENTED_EDGE('',*,*,#1347,.F.);
#1942=ORIENTED_EDGE('',*,*,#1485,.F.);
#1943=ORIENTED_EDGE('',*,*,#1453,.T.);
#1944=ORIENTED_EDGE('',*,*,#1486,.F.);
#1945=ORIENTED_EDGE('',*,*,#1348,.T.);
#1946=ORIENTED_EDGE('',*,*,#1487,.F.);
#1947=ORIENTED_EDGE('',*,*,#1451,.T.);
#1948=ORIENTED_EDGE('',*,*,#1488,.T.);
#1949=ORIENTED_EDGE('',*,*,#1489,.F.);
#1950=ORIENTED_EDGE('',*,*,#1490,.F.);
#1951=ORIENTED_EDGE('',*,*,#1452,.T.);
#1952=ORIENTED_EDGE('',*,*,#1490,.T.);
#1953=ORIENTED_EDGE('',*,*,#1491,.F.);
#1954=ORIENTED_EDGE('',*,*,#1492,.T.);
#1955=ORIENTED_EDGE('',*,*,#1450,.T.);
#1956=ORIENTED_EDGE('',*,*,#1493,.T.);
#1957=ORIENTED_EDGE('',*,*,#1494,.F.);
#1958=ORIENTED_EDGE('',*,*,#1488,.F.);
#1959=ORIENTED_EDGE('',*,*,#1449,.T.);
#1960=ORIENTED_EDGE('',*,*,#1492,.F.);
#1961=ORIENTED_EDGE('',*,*,#1495,.F.);
#1962=ORIENTED_EDGE('',*,*,#1493,.F.);
#1963=ORIENTED_EDGE('',*,*,#1448,.T.);
#1964=ORIENTED_EDGE('',*,*,#1496,.F.);
#1965=ORIENTED_EDGE('',*,*,#1497,.F.);
#1966=ORIENTED_EDGE('',*,*,#1498,.T.);
#1967=ORIENTED_EDGE('',*,*,#1447,.T.);
#1968=ORIENTED_EDGE('',*,*,#1499,.T.);
#1969=ORIENTED_EDGE('',*,*,#1500,.F.);
#1970=ORIENTED_EDGE('',*,*,#1496,.T.);
#1971=ORIENTED_EDGE('',*,*,#1446,.T.);
#1972=ORIENTED_EDGE('',*,*,#1498,.F.);
#1973=ORIENTED_EDGE('',*,*,#1501,.F.);
#1974=ORIENTED_EDGE('',*,*,#1499,.F.);
#1975=ORIENTED_EDGE('',*,*,#1444,.T.);
#1976=ORIENTED_EDGE('',*,*,#1502,.T.);
#1977=ORIENTED_EDGE('',*,*,#1503,.F.);
#1978=ORIENTED_EDGE('',*,*,#1504,.F.);
#1979=ORIENTED_EDGE('',*,*,#1445,.T.);
#1980=ORIENTED_EDGE('',*,*,#1504,.T.);
#1981=ORIENTED_EDGE('',*,*,#1505,.F.);
#1982=ORIENTED_EDGE('',*,*,#1506,.T.);
#1983=ORIENTED_EDGE('',*,*,#1443,.T.);
#1984=ORIENTED_EDGE('',*,*,#1506,.F.);
#1985=ORIENTED_EDGE('',*,*,#1507,.F.);
#1986=ORIENTED_EDGE('',*,*,#1502,.F.);
#1987=ORIENTED_EDGE('',*,*,#1442,.T.);
#1988=ORIENTED_EDGE('',*,*,#1508,.T.);
#1989=ORIENTED_EDGE('',*,*,#1358,.F.);
#1990=ORIENTED_EDGE('',*,*,#1509,.T.);
#1991=ORIENTED_EDGE('',*,*,#1441,.T.);
#1992=ORIENTED_EDGE('',*,*,#1509,.F.);
#1993=ORIENTED_EDGE('',*,*,#1359,.T.);
#1994=ORIENTED_EDGE('',*,*,#1508,.F.);
#1995=ORIENTED_EDGE('',*,*,#1440,.T.);
#1996=ORIENTED_EDGE('',*,*,#1510,.T.);
#1997=ORIENTED_EDGE('',*,*,#1511,.F.);
#1998=ORIENTED_EDGE('',*,*,#1512,.T.);
#1999=ORIENTED_EDGE('',*,*,#1439,.T.);
#2000=ORIENTED_EDGE('',*,*,#1512,.F.);
#2001=ORIENTED_EDGE('',*,*,#1513,.F.);
#2002=ORIENTED_EDGE('',*,*,#1510,.F.);
#2003=ORIENTED_EDGE('',*,*,#1438,.T.);
#2004=ORIENTED_EDGE('',*,*,#1514,.T.);
#2005=ORIENTED_EDGE('',*,*,#1515,.F.);
#2006=ORIENTED_EDGE('',*,*,#1516,.T.);
#2007=ORIENTED_EDGE('',*,*,#1437,.T.);
#2008=ORIENTED_EDGE('',*,*,#1516,.F.);
#2009=ORIENTED_EDGE('',*,*,#1517,.F.);
#2010=ORIENTED_EDGE('',*,*,#1514,.F.);
#2011=ORIENTED_EDGE('',*,*,#1436,.T.);
#2012=ORIENTED_EDGE('',*,*,#1518,.T.);
#2013=ORIENTED_EDGE('',*,*,#1356,.F.);
#2014=ORIENTED_EDGE('',*,*,#1519,.T.);
#2015=ORIENTED_EDGE('',*,*,#1435,.T.);
#2016=ORIENTED_EDGE('',*,*,#1519,.F.);
#2017=ORIENTED_EDGE('',*,*,#1357,.T.);
#2018=ORIENTED_EDGE('',*,*,#1518,.F.);
#2019=ORIENTED_EDGE('',*,*,#1427,.T.);
#2020=ORIENTED_EDGE('',*,*,#1390,.T.);
#2021=ORIENTED_EDGE('',*,*,#1520,.F.);
#2022=ORIENTED_EDGE('',*,*,#1521,.F.);
#2023=ORIENTED_EDGE('',*,*,#1419,.F.);
#2024=ORIENTED_EDGE('',*,*,#1386,.T.);
#2025=ORIENTED_EDGE('',*,*,#1522,.F.);
#2026=ORIENTED_EDGE('',*,*,#1523,.F.);
#2027=ORIENTED_EDGE('',*,*,#1524,.T.);
#2028=ORIENTED_EDGE('',*,*,#1515,.T.);
#2029=ORIENTED_EDGE('',*,*,#1517,.T.);
#2030=ORIENTED_EDGE('',*,*,#1511,.T.);
#2031=ORIENTED_EDGE('',*,*,#1513,.T.);
#2032=ORIENTED_EDGE('',*,*,#1503,.T.);
#2033=ORIENTED_EDGE('',*,*,#1507,.T.);
#2034=ORIENTED_EDGE('',*,*,#1505,.T.);
#2035=ORIENTED_EDGE('',*,*,#1497,.T.);
#2036=ORIENTED_EDGE('',*,*,#1500,.T.);
#2037=ORIENTED_EDGE('',*,*,#1501,.T.);
#2038=ORIENTED_EDGE('',*,*,#1489,.T.);
#2039=ORIENTED_EDGE('',*,*,#1494,.T.);
#2040=ORIENTED_EDGE('',*,*,#1495,.T.);
#2041=ORIENTED_EDGE('',*,*,#1491,.T.);
#2042=ORIENTED_EDGE('',*,*,#1420,.T.);
#2043=ORIENTED_EDGE('',*,*,#1521,.T.);
#2044=ORIENTED_EDGE('',*,*,#1525,.F.);
#2045=ORIENTED_EDGE('',*,*,#1526,.F.);
#2046=ORIENTED_EDGE('',*,*,#1388,.F.);
#2047=ORIENTED_EDGE('',*,*,#1527,.T.);
#2048=ORIENTED_EDGE('',*,*,#1528,.T.);
#2049=ORIENTED_EDGE('',*,*,#1529,.F.);
#2050=ORIENTED_EDGE('',*,*,#1470,.T.);
#2051=ORIENTED_EDGE('',*,*,#1473,.T.);
#2052=ORIENTED_EDGE('',*,*,#1475,.T.);
#2053=ORIENTED_EDGE('',*,*,#1530,.F.);
#2054=ORIENTED_EDGE('',*,*,#1531,.F.);
#2055=ORIENTED_EDGE('',*,*,#1528,.F.);
#2056=ORIENTED_EDGE('',*,*,#1532,.F.);
#2057=ORIENTED_EDGE('',*,*,#1336,.T.);
#2058=ORIENTED_EDGE('',*,*,#1530,.T.);
#2059=ORIENTED_EDGE('',*,*,#1340,.T.);
#2060=ORIENTED_EDGE('',*,*,#1526,.T.);
#2061=ORIENTED_EDGE('',*,*,#1532,.T.);
#2062=ORIENTED_EDGE('',*,*,#1527,.F.);
#2063=ORIENTED_EDGE('',*,*,#1387,.F.);
#2064=ORIENTED_EDGE('',*,*,#1524,.F.);
#2065=ORIENTED_EDGE('',*,*,#1533,.T.);
#2066=ORIENTED_EDGE('',*,*,#1363,.T.);
#2067=ORIENTED_EDGE('',*,*,#1425,.T.);
#2068=ORIENTED_EDGE('',*,*,#1409,.T.);
#2069=ORIENTED_EDGE('',*,*,#1415,.T.);
#2070=ORIENTED_EDGE('',*,*,#1417,.F.);
#2071=ORIENTED_EDGE('',*,*,#1337,.F.);
#2072=ORIENTED_EDGE('',*,*,#1384,.T.);
#2073=ORIENTED_EDGE('',*,*,#1534,.F.);
#2074=ORIENTED_EDGE('',*,*,#1360,.F.);
#2075=ORIENTED_EDGE('',*,*,#1533,.F.);
#2076=ORIENTED_EDGE('',*,*,#1523,.T.);
#2077=ORIENTED_EDGE('',*,*,#1535,.F.);
#2078=ORIENTED_EDGE('',*,*,#1536,.F.);
#2079=ORIENTED_EDGE('',*,*,#1537,.F.);
#2080=ORIENTED_EDGE('',*,*,#1538,.T.);
#2081=ORIENTED_EDGE('',*,*,#1306,.F.);
#2082=ORIENTED_EDGE('',*,*,#1539,.F.);
#2083=ORIENTED_EDGE('',*,*,#1540,.F.);
#2084=ORIENTED_EDGE('',*,*,#1323,.F.);
#2085=ORIENTED_EDGE('',*,*,#1541,.F.);
#2086=ORIENTED_EDGE('',*,*,#1542,.F.);
#2087=ORIENTED_EDGE('',*,*,#1543,.F.);
#2088=ORIENTED_EDGE('',*,*,#1544,.F.);
#2089=ORIENTED_EDGE('',*,*,#1540,.T.);
#2090=ORIENTED_EDGE('',*,*,#1545,.F.);
#2091=ORIENTED_EDGE('',*,*,#1546,.T.);
#2092=ORIENTED_EDGE('',*,*,#1318,.F.);
#2093=ORIENTED_EDGE('',*,*,#1547,.T.);
#2094=ORIENTED_EDGE('',*,*,#1548,.T.);
#2095=ORIENTED_EDGE('',*,*,#1549,.T.);
#2096=ORIENTED_EDGE('',*,*,#1324,.F.);
#2097=ORIENTED_EDGE('',*,*,#1295,.T.);
#2098=ORIENTED_EDGE('',*,*,#1301,.T.);
#2099=ORIENTED_EDGE('',*,*,#1330,.T.);
#2100=ORIENTED_EDGE('',*,*,#1332,.T.);
#2101=ORIENTED_EDGE('',*,*,#1538,.F.);
#2102=ORIENTED_EDGE('',*,*,#1550,.T.);
#2103=ORIENTED_EDGE('',*,*,#1551,.T.);
#2104=ORIENTED_EDGE('',*,*,#1552,.T.);
#2105=ORIENTED_EDGE('',*,*,#1307,.F.);
#2106=ORIENTED_EDGE('',*,*,#1537,.T.);
#2107=ORIENTED_EDGE('',*,*,#1553,.F.);
#2108=ORIENTED_EDGE('',*,*,#1550,.F.);
#2109=ORIENTED_EDGE('',*,*,#1539,.T.);
#2110=ORIENTED_EDGE('',*,*,#1554,.T.);
#2111=ORIENTED_EDGE('',*,*,#1555,.T.);
#2112=ORIENTED_EDGE('',*,*,#1556,.T.);
#2113=ORIENTED_EDGE('',*,*,#1557,.T.);
#2114=ORIENTED_EDGE('',*,*,#1558,.F.);
#2115=ORIENTED_EDGE('',*,*,#1559,.T.);
#2116=ORIENTED_EDGE('',*,*,#1545,.T.);
#2117=ORIENTED_EDGE('',*,*,#1560,.T.);
#2118=ORIENTED_EDGE('',*,*,#1544,.T.);
#2119=ORIENTED_EDGE('',*,*,#1561,.F.);
#2120=ORIENTED_EDGE('',*,*,#1562,.F.);
#2121=ORIENTED_EDGE('',*,*,#1554,.F.);
#2122=ORIENTED_EDGE('',*,*,#1563,.T.);
#2123=ORIENTED_EDGE('',*,*,#1302,.F.);
#2124=ORIENTED_EDGE('',*,*,#1564,.F.);
#2125=ORIENTED_EDGE('',*,*,#1557,.F.);
#2126=ORIENTED_EDGE('',*,*,#1556,.F.);
#2127=ORIENTED_EDGE('',*,*,#1565,.F.);
#2128=ORIENTED_EDGE('',*,*,#1392,.F.);
#2129=ORIENTED_EDGE('',*,*,#1566,.F.);
#2130=ORIENTED_EDGE('',*,*,#1567,.F.);
#2131=ORIENTED_EDGE('',*,*,#1568,.T.);
#2132=ORIENTED_EDGE('',*,*,#1303,.F.);
#2133=ORIENTED_EDGE('',*,*,#1563,.F.);
#2134=ORIENTED_EDGE('',*,*,#1569,.F.);
#2135=ORIENTED_EDGE('',*,*,#1570,.T.);
#2136=ORIENTED_EDGE('',*,*,#1304,.F.);
#2137=ORIENTED_EDGE('',*,*,#1568,.F.);
#2138=ORIENTED_EDGE('',*,*,#1535,.T.);
#2139=ORIENTED_EDGE('',*,*,#1305,.F.);
#2140=ORIENTED_EDGE('',*,*,#1570,.F.);
#2141=ORIENTED_EDGE('',*,*,#1571,.F.);
#2142=ORIENTED_EDGE('',*,*,#1555,.F.);
#2143=ORIENTED_EDGE('',*,*,#1562,.T.);
#2144=ORIENTED_EDGE('',*,*,#1572,.F.);
#2145=ORIENTED_EDGE('',*,*,#1389,.F.);
#2146=ORIENTED_EDGE('',*,*,#1565,.T.);
#2147=ORIENTED_EDGE('',*,*,#1573,.F.);
#2148=ORIENTED_EDGE('',*,*,#1560,.F.);
#2149=ORIENTED_EDGE('',*,*,#1574,.T.);
#2150=ORIENTED_EDGE('',*,*,#1573,.T.);
#2151=ORIENTED_EDGE('',*,*,#1574,.F.);
#2152=ORIENTED_EDGE('',*,*,#1559,.F.);
#2153=ORIENTED_EDGE('',*,*,#1575,.T.);
#2154=ORIENTED_EDGE('',*,*,#1319,.F.);
#2155=ORIENTED_EDGE('',*,*,#1546,.F.);
#2156=ORIENTED_EDGE('',*,*,#1549,.F.);
#2157=ORIENTED_EDGE('',*,*,#1576,.T.);
#2158=ORIENTED_EDGE('',*,*,#1577,.F.);
#2159=ORIENTED_EDGE('',*,*,#1325,.F.);
#2160=ORIENTED_EDGE('',*,*,#1548,.F.);
#2161=ORIENTED_EDGE('',*,*,#1578,.F.);
#2162=ORIENTED_EDGE('',*,*,#1579,.F.);
#2163=ORIENTED_EDGE('',*,*,#1576,.F.);
#2164=ORIENTED_EDGE('',*,*,#1580,.T.);
#2165=ORIENTED_EDGE('',*,*,#1547,.F.);
#2166=ORIENTED_EDGE('',*,*,#1317,.F.);
#2167=ORIENTED_EDGE('',*,*,#1581,.F.);
#2168=ORIENTED_EDGE('',*,*,#1578,.T.);
#2169=ORIENTED_EDGE('',*,*,#1582,.F.);
#2170=ORIENTED_EDGE('',*,*,#1580,.F.);
#2171=ORIENTED_EDGE('',*,*,#1583,.T.);
#2172=ORIENTED_EDGE('',*,*,#1582,.T.);
#2173=ORIENTED_EDGE('',*,*,#1583,.F.);
#2174=ORIENTED_EDGE('',*,*,#1584,.F.);
#2175=ORIENTED_EDGE('',*,*,#1326,.F.);
#2176=ORIENTED_EDGE('',*,*,#1577,.T.);
#2177=ORIENTED_EDGE('',*,*,#1579,.T.);
#2178=ORIENTED_EDGE('',*,*,#1581,.T.);
#2179=ORIENTED_EDGE('',*,*,#1316,.F.);
#2180=ORIENTED_EDGE('',*,*,#1585,.F.);
#2181=ORIENTED_EDGE('',*,*,#1586,.F.);
#2182=ORIENTED_EDGE('',*,*,#1587,.F.);
#2183=ORIENTED_EDGE('',*,*,#1314,.F.);
#2184=ORIENTED_EDGE('',*,*,#1588,.F.);
#2185=ORIENTED_EDGE('',*,*,#1589,.F.);
#2186=ORIENTED_EDGE('',*,*,#1587,.T.);
#2187=ORIENTED_EDGE('',*,*,#1590,.T.);
#2188=ORIENTED_EDGE('',*,*,#1591,.T.);
#2189=ORIENTED_EDGE('',*,*,#1585,.T.);
#2190=ORIENTED_EDGE('',*,*,#1315,.F.);
#2191=ORIENTED_EDGE('',*,*,#1542,.T.);
#2192=ORIENTED_EDGE('',*,*,#1592,.F.);
#2193=ORIENTED_EDGE('',*,*,#1586,.T.);
#2194=ORIENTED_EDGE('',*,*,#1591,.F.);
#2195=ORIENTED_EDGE('',*,*,#1593,.T.);
#2196=ORIENTED_EDGE('',*,*,#1594,.T.);
#2197=ORIENTED_EDGE('',*,*,#1552,.F.);
#2198=ORIENTED_EDGE('',*,*,#1595,.F.);
#2199=ORIENTED_EDGE('',*,*,#1596,.F.);
#2200=ORIENTED_EDGE('',*,*,#1308,.F.);
#2201=ORIENTED_EDGE('',*,*,#1541,.T.);
#2202=ORIENTED_EDGE('',*,*,#1327,.F.);
#2203=ORIENTED_EDGE('',*,*,#1584,.T.);
#2204=ORIENTED_EDGE('',*,*,#1592,.T.);
#2205=ORIENTED_EDGE('',*,*,#1597,.F.);
#2206=ORIENTED_EDGE('',*,*,#1598,.F.);
#2207=ORIENTED_EDGE('',*,*,#1597,.T.);
#2208=ORIENTED_EDGE('',*,*,#1599,.T.);
#2209=ORIENTED_EDGE('',*,*,#1600,.F.);
#2210=ORIENTED_EDGE('',*,*,#1599,.F.);
#2211=ORIENTED_EDGE('',*,*,#1598,.T.);
#2212=ORIENTED_EDGE('',*,*,#1601,.T.);
#2213=ORIENTED_EDGE('',*,*,#1602,.F.);
#2214=ORIENTED_EDGE('',*,*,#1601,.F.);
#2215=ORIENTED_EDGE('',*,*,#1603,.F.);
#2216=ORIENTED_EDGE('',*,*,#1604,.F.);
#2217=ORIENTED_EDGE('',*,*,#1605,.T.);
#2218=ORIENTED_EDGE('',*,*,#1334,.T.);
#2219=ORIENTED_EDGE('',*,*,#1605,.F.);
#2220=ORIENTED_EDGE('',*,*,#1606,.F.);
#2221=ORIENTED_EDGE('',*,*,#1607,.F.);
#2222=ORIENTED_EDGE('',*,*,#1608,.T.);
#2223=ORIENTED_EDGE('',*,*,#1335,.T.);
#2224=ORIENTED_EDGE('',*,*,#1608,.F.);
#2225=ORIENTED_EDGE('',*,*,#1609,.T.);
#2226=ORIENTED_EDGE('',*,*,#1610,.T.);
#2227=ORIENTED_EDGE('',*,*,#1611,.T.);
#2228=ORIENTED_EDGE('',*,*,#1309,.F.);
#2229=ORIENTED_EDGE('',*,*,#1596,.T.);
#2230=ORIENTED_EDGE('',*,*,#1606,.T.);
#2231=ORIENTED_EDGE('',*,*,#1607,.T.);
#2232=ORIENTED_EDGE('',*,*,#1611,.F.);
#2233=ORIENTED_EDGE('',*,*,#1612,.F.);
#2234=ORIENTED_EDGE('',*,*,#1613,.F.);
#2235=ORIENTED_EDGE('',*,*,#1322,.F.);
#2236=ORIENTED_EDGE('',*,*,#1614,.T.);
#2237=ORIENTED_EDGE('',*,*,#1615,.T.);
#2238=ORIENTED_EDGE('',*,*,#1616,.T.);
#2239=ORIENTED_EDGE('',*,*,#1310,.F.);
#2240=ORIENTED_EDGE('',*,*,#1610,.F.);
#2241=ORIENTED_EDGE('',*,*,#1617,.F.);
#2242=ORIENTED_EDGE('',*,*,#1618,.T.);
#2243=ORIENTED_EDGE('',*,*,#1619,.T.);
#2244=ORIENTED_EDGE('',*,*,#1620,.F.);
#2245=ORIENTED_EDGE('',*,*,#1612,.T.);
#2246=ORIENTED_EDGE('',*,*,#1621,.F.);
#2247=ORIENTED_EDGE('',*,*,#1618,.F.);
#2248=ORIENTED_EDGE('',*,*,#1622,.F.);
#2249=ORIENTED_EDGE('',*,*,#1566,.T.);
#2250=ORIENTED_EDGE('',*,*,#1426,.T.);
#2251=ORIENTED_EDGE('',*,*,#1361,.T.);
#2252=ORIENTED_EDGE('',*,*,#1534,.T.);
#2253=ORIENTED_EDGE('',*,*,#1522,.T.);
#2254=ORIENTED_EDGE('',*,*,#1385,.T.);
#2255=ORIENTED_EDGE('',*,*,#1529,.T.);
#2256=ORIENTED_EDGE('',*,*,#1531,.T.);
#2257=ORIENTED_EDGE('',*,*,#1525,.T.);
#2258=ORIENTED_EDGE('',*,*,#1520,.T.);
#2259=ORIENTED_EDGE('',*,*,#1572,.T.);
#2260=ORIENTED_EDGE('',*,*,#1561,.T.);
#2261=ORIENTED_EDGE('',*,*,#1543,.T.);
#2262=ORIENTED_EDGE('',*,*,#1594,.F.);
#2263=ORIENTED_EDGE('',*,*,#1623,.F.);
#2264=ORIENTED_EDGE('',*,*,#1624,.T.);
#2265=ORIENTED_EDGE('',*,*,#1625,.T.);
#2266=ORIENTED_EDGE('',*,*,#1624,.F.);
#2267=ORIENTED_EDGE('',*,*,#1625,.F.);
#2268=ORIENTED_EDGE('',*,*,#1626,.F.);
#2269=ORIENTED_EDGE('',*,*,#1627,.T.);
#2270=ORIENTED_EDGE('',*,*,#1614,.F.);
#2271=ORIENTED_EDGE('',*,*,#1321,.F.);
#2272=ORIENTED_EDGE('',*,*,#1628,.F.);
#2273=ORIENTED_EDGE('',*,*,#1311,.F.);
#2274=ORIENTED_EDGE('',*,*,#1616,.F.);
#2275=ORIENTED_EDGE('',*,*,#1629,.T.);
#2276=ORIENTED_EDGE('',*,*,#1630,.F.);
#2277=ORIENTED_EDGE('',*,*,#1629,.F.);
#2278=ORIENTED_EDGE('',*,*,#1615,.F.);
#2279=ORIENTED_EDGE('',*,*,#1627,.F.);
#2280=ORIENTED_EDGE('',*,*,#1623,.T.);
#2281=ORIENTED_EDGE('',*,*,#1564,.T.);
#2282=ORIENTED_EDGE('',*,*,#1312,.F.);
#2283=ORIENTED_EDGE('',*,*,#1628,.T.);
#2284=ORIENTED_EDGE('',*,*,#1630,.T.);
#2285=ORIENTED_EDGE('',*,*,#1626,.T.);
#2286=ORIENTED_EDGE('',*,*,#1320,.F.);
#2287=ORIENTED_EDGE('',*,*,#1575,.F.);
#2288=ORIENTED_EDGE('',*,*,#1558,.T.);
#2289=ORIENTED_EDGE('',*,*,#1290,.T.);
#2290=ORIENTED_EDGE('',*,*,#1296,.T.);
#2291=ORIENTED_EDGE('',*,*,#1600,.T.);
#2292=ORIENTED_EDGE('',*,*,#1602,.T.);
#2293=ORIENTED_EDGE('',*,*,#1622,.T.);
#2294=ORIENTED_EDGE('',*,*,#1617,.T.);
#2295=ORIENTED_EDGE('',*,*,#1609,.F.);
#2296=ORIENTED_EDGE('',*,*,#1595,.T.);
#2297=ORIENTED_EDGE('',*,*,#1551,.F.);
#2298=ORIENTED_EDGE('',*,*,#1553,.T.);
#2299=ORIENTED_EDGE('',*,*,#1536,.T.);
#2300=ORIENTED_EDGE('',*,*,#1571,.T.);
#2301=ORIENTED_EDGE('',*,*,#1569,.T.);
#2302=ORIENTED_EDGE('',*,*,#1567,.T.);
#2303=ORIENTED_EDGE('',*,*,#1613,.T.);
#2304=ORIENTED_EDGE('',*,*,#1620,.T.);
#2305=ORIENTED_EDGE('',*,*,#1631,.T.);
#2306=ORIENTED_EDGE('',*,*,#1588,.T.);
#2307=ORIENTED_EDGE('',*,*,#1313,.F.);
#2308=ORIENTED_EDGE('',*,*,#1603,.T.);
#2309=ORIENTED_EDGE('',*,*,#1604,.T.);
#2310=ORIENTED_EDGE('',*,*,#1631,.F.);
#2311=ORIENTED_EDGE('',*,*,#1619,.F.);
#2312=ORIENTED_EDGE('',*,*,#1621,.T.);
#2313=ORIENTED_EDGE('',*,*,#1593,.F.);
#2314=ORIENTED_EDGE('',*,*,#1590,.F.);
#2315=ORIENTED_EDGE('',*,*,#1589,.T.);
#2316=CYLINDRICAL_SURFACE('',#2510,1.5);
#2317=CYLINDRICAL_SURFACE('',#2515,1.5);
#2318=CYLINDRICAL_SURFACE('',#2518,1.5);
#2319=CYLINDRICAL_SURFACE('',#2523,1.5);
#2320=CYLINDRICAL_SURFACE('',#2538,1.5);
#2321=CYLINDRICAL_SURFACE('',#2540,1.5);
#2322=CYLINDRICAL_SURFACE('',#2552,2.);
#2323=CYLINDRICAL_SURFACE('',#2555,2.);
#2324=CYLINDRICAL_SURFACE('',#2558,2.);
#2325=CYLINDRICAL_SURFACE('',#2561,2.);
#2326=CYLINDRICAL_SURFACE('',#2564,2.);
#2327=CYLINDRICAL_SURFACE('',#2572,17.5);
#2328=CYLINDRICAL_SURFACE('',#2573,12.5);
#2329=CYLINDRICAL_SURFACE('',#2575,2.5);
#2330=CYLINDRICAL_SURFACE('',#2579,1.5);
#2331=CYLINDRICAL_SURFACE('',#2583,1.5);
#2332=CYLINDRICAL_SURFACE('',#2587,1.5);
#2333=CYLINDRICAL_SURFACE('',#2623,11.0052558883258);
#2334=CYLINDRICAL_SURFACE('',#2624,11.0052558883258);
#2335=CYLINDRICAL_SURFACE('',#2629,2.1);
#2336=CYLINDRICAL_SURFACE('',#2631,2.1);
#2337=CYLINDRICAL_SURFACE('',#2635,2.1);
#2338=CYLINDRICAL_SURFACE('',#2639,2.1);
#2339=CYLINDRICAL_SURFACE('',#2642,0.750000000000001);
#2340=CYLINDRICAL_SURFACE('',#2644,0.750000000000001);
#2341=CYLINDRICAL_SURFACE('',#2647,0.750000000000001);
#2342=CYLINDRICAL_SURFACE('',#2650,0.750000000000001);
#2343=CYLINDRICAL_SURFACE('',#2662,17.5);
#2344=CYLINDRICAL_SURFACE('',#2667,17.5);
#2345=CYLINDRICAL_SURFACE('',#2672,15.);
#2346=CYLINDRICAL_SURFACE('',#2686,2.5);
#2347=CYLINDRICAL_SURFACE('',#2694,2.);
#2348=CYLINDRICAL_SURFACE('',#2697,15.);
#2349=CYLINDRICAL_SURFACE('',#2703,15.);
#2350=CYLINDRICAL_SURFACE('',#2708,1.5);
#2351=CYLINDRICAL_SURFACE('',#2710,1.5);
#2352=CYLINDRICAL_SURFACE('',#2712,1.5);
#2353=CYLINDRICAL_SURFACE('',#2713,1.5);
#2354=CYLINDRICAL_SURFACE('',#2714,15.);
#2355=CYLINDRICAL_SURFACE('',#2721,2.);
#2356=CYLINDRICAL_SURFACE('',#2730,15.);
#2357=ADVANCED_FACE('',(#164),#2316,.F.);
#2358=ADVANCED_FACE('',(#165),#66,.T.);
#2359=ADVANCED_FACE('',(#166),#2317,.F.);
#2360=ADVANCED_FACE('',(#167),#67,.F.);
#2361=ADVANCED_FACE('',(#168),#2318,.F.);
#2362=ADVANCED_FACE('',(#169),#68,.T.);
#2363=ADVANCED_FACE('',(#170),#2319,.F.);
#2364=ADVANCED_FACE('',(#171),#69,.F.);
#2365=ADVANCED_FACE('',(#172),#70,.T.);
#2366=ADVANCED_FACE('',(#173),#71,.T.);
#2367=ADVANCED_FACE('',(#174),#72,.T.);
#2368=ADVANCED_FACE('',(#175),#73,.F.);
#2369=ADVANCED_FACE('',(#176),#74,.T.);
#2370=ADVANCED_FACE('',(#177),#2320,.F.);
#2371=ADVANCED_FACE('',(#178),#2321,.F.);
#2372=ADVANCED_FACE('',(#179),#75,.T.);
#2373=ADVANCED_FACE('',(#180),#76,.T.);
#2374=ADVANCED_FACE('',(#181,#28,#29),#77,.T.);
#2375=ADVANCED_FACE('',(#182),#78,.T.);
#2376=ADVANCED_FACE('',(#183),#2322,.F.);
#2377=ADVANCED_FACE('',(#184),#2323,.F.);
#2378=ADVANCED_FACE('',(#185),#2324,.F.);
#2379=ADVANCED_FACE('',(#186),#2325,.F.);
#2380=ADVANCED_FACE('',(#187),#2326,.F.);
#2381=ADVANCED_FACE('',(#188,#30,#31,#32,#33,#34),#79,.T.);
#2382=ADVANCED_FACE('',(#189,#35,#36,#37,#38,#39,#40),#80,.F.);
#2383=ADVANCED_FACE('',(#190),#2327,.T.);
#2384=ADVANCED_FACE('',(#191),#2328,.T.);
#2385=ADVANCED_FACE('',(#192),#2329,.T.);
#2386=ADVANCED_FACE('',(#193),#81,.F.);
#2387=ADVANCED_FACE('',(#194),#2330,.F.);
#2388=ADVANCED_FACE('',(#195),#82,.T.);
#2389=ADVANCED_FACE('',(#196),#2331,.F.);
#2390=ADVANCED_FACE('',(#197),#83,.T.);
#2391=ADVANCED_FACE('',(#198),#2332,.F.);
#2392=ADVANCED_FACE('',(#199),#84,.T.);
#2393=ADVANCED_FACE('',(#200),#85,.F.);
#2394=ADVANCED_FACE('',(#201),#86,.F.);
#2395=ADVANCED_FACE('',(#202),#87,.F.);
#2396=ADVANCED_FACE('',(#203),#88,.T.);
#2397=ADVANCED_FACE('',(#204),#89,.T.);
#2398=ADVANCED_FACE('',(#205),#90,.F.);
#2399=ADVANCED_FACE('',(#206,#41,#42,#43),#91,.F.);
#2400=ADVANCED_FACE('',(#207),#92,.F.);
#2401=ADVANCED_FACE('',(#208),#93,.F.);
#2402=ADVANCED_FACE('',(#209),#94,.F.);
#2403=ADVANCED_FACE('',(#210,#44,#45,#46,#47,#48,#49,#50,#51),#95,.F.);
#2404=ADVANCED_FACE('',(#211),#96,.T.);
#2405=ADVANCED_FACE('',(#212),#97,.T.);
#2406=ADVANCED_FACE('',(#213),#98,.T.);
#2407=ADVANCED_FACE('',(#214),#99,.T.);
#2408=ADVANCED_FACE('',(#215),#100,.T.);
#2409=ADVANCED_FACE('',(#216),#101,.T.);
#2410=ADVANCED_FACE('',(#217),#102,.T.);
#2411=ADVANCED_FACE('',(#218),#103,.T.);
#2412=ADVANCED_FACE('',(#219),#104,.T.);
#2413=ADVANCED_FACE('',(#220),#105,.T.);
#2414=ADVANCED_FACE('',(#221),#106,.T.);
#2415=ADVANCED_FACE('',(#222),#2333,.F.);
#2416=ADVANCED_FACE('',(#223),#2334,.F.);
#2417=ADVANCED_FACE('',(#224),#107,.T.);
#2418=ADVANCED_FACE('',(#225),#108,.T.);
#2419=ADVANCED_FACE('',(#226),#109,.T.);
#2420=ADVANCED_FACE('',(#227),#110,.T.);
#2421=ADVANCED_FACE('',(#228),#2335,.T.);
#2422=ADVANCED_FACE('',(#229),#2336,.T.);
#2423=ADVANCED_FACE('',(#230),#111,.F.);
#2424=ADVANCED_FACE('',(#231),#112,.T.);
#2425=ADVANCED_FACE('',(#232),#2337,.T.);
#2426=ADVANCED_FACE('',(#233),#113,.F.);
#2427=ADVANCED_FACE('',(#234),#114,.T.);
#2428=ADVANCED_FACE('',(#235),#2338,.T.);
#2429=ADVANCED_FACE('',(#236),#115,.F.);
#2430=ADVANCED_FACE('',(#237),#2339,.F.);
#2431=ADVANCED_FACE('',(#238),#116,.T.);
#2432=ADVANCED_FACE('',(#239),#2340,.F.);
#2433=ADVANCED_FACE('',(#240),#117,.T.);
#2434=ADVANCED_FACE('',(#241),#2341,.F.);
#2435=ADVANCED_FACE('',(#242),#118,.T.);
#2436=ADVANCED_FACE('',(#243),#2342,.F.);
#2437=ADVANCED_FACE('',(#244),#119,.T.);
#2438=ADVANCED_FACE('',(#245),#120,.F.);
#2439=ADVANCED_FACE('',(#246),#121,.T.);
#2440=ADVANCED_FACE('',(#247),#122,.T.);
#2441=ADVANCED_FACE('',(#248),#123,.T.);
#2442=ADVANCED_FACE('',(#249),#124,.T.);
#2443=ADVANCED_FACE('',(#250),#125,.T.);
#2444=ADVANCED_FACE('',(#251),#126,.T.);
#2445=ADVANCED_FACE('',(#252),#127,.T.);
#2446=ADVANCED_FACE('',(#253),#128,.T.);
#2447=ADVANCED_FACE('',(#254),#129,.T.);
#2448=ADVANCED_FACE('',(#255),#2343,.T.);
#2449=ADVANCED_FACE('',(#256,#52),#130,.T.);
#2450=ADVANCED_FACE('',(#257),#2344,.T.);
#2451=ADVANCED_FACE('',(#258),#131,.F.);
#2452=ADVANCED_FACE('',(#259),#132,.F.);
#2453=ADVANCED_FACE('',(#260,#53,#54,#55,#56),#133,.T.);
#2454=ADVANCED_FACE('',(#261),#2345,.T.);
#2455=ADVANCED_FACE('',(#262),#134,.T.);
#2456=ADVANCED_FACE('',(#263,#57),#135,.T.);
#2457=ADVANCED_FACE('',(#264),#136,.F.);
#2458=ADVANCED_FACE('',(#265),#137,.T.);
#2459=ADVANCED_FACE('',(#266),#138,.F.);
#2460=ADVANCED_FACE('',(#267),#139,.F.);
#2461=ADVANCED_FACE('',(#268),#140,.F.);
#2462=ADVANCED_FACE('',(#269),#141,.F.);
#2463=ADVANCED_FACE('',(#270),#142,.T.);
#2464=ADVANCED_FACE('',(#271),#2346,.F.);
#2465=ADVANCED_FACE('',(#272),#143,.T.);
#2466=ADVANCED_FACE('',(#273),#144,.F.);
#2467=ADVANCED_FACE('',(#274,#58),#145,.F.);
#2468=ADVANCED_FACE('',(#275),#146,.F.);
#2469=ADVANCED_FACE('',(#276),#147,.T.);
#2470=ADVANCED_FACE('',(#277),#2347,.F.);
#2471=ADVANCED_FACE('',(#278),#148,.T.);
#2472=ADVANCED_FACE('',(#279),#149,.T.);
#2473=ADVANCED_FACE('',(#280),#2348,.T.);
#2474=ADVANCED_FACE('',(#281),#150,.T.);
#2475=ADVANCED_FACE('',(#282),#151,.T.);
#2476=ADVANCED_FACE('',(#283),#2349,.T.);
#2477=ADVANCED_FACE('',(#284),#152,.T.);
#2478=ADVANCED_FACE('',(#285),#153,.F.);
#2479=ADVANCED_FACE('',(#286),#2350,.F.);
#2480=ADVANCED_FACE('',(#287),#2351,.F.);
#2481=ADVANCED_FACE('',(#288),#2352,.F.);
#2482=ADVANCED_FACE('',(#289),#2353,.F.);
#2483=ADVANCED_FACE('',(#290,#59),#2354,.T.);
#2484=ADVANCED_FACE('',(#291),#154,.T.);
#2485=ADVANCED_FACE('',(#292),#155,.T.);
#2486=ADVANCED_FACE('',(#293),#156,.F.);
#2487=ADVANCED_FACE('',(#294),#2355,.F.);
#2488=ADVANCED_FACE('',(#295),#157,.T.);
#2489=ADVANCED_FACE('',(#296),#158,.F.);
#2490=ADVANCED_FACE('',(#297),#159,.F.);
#2491=ADVANCED_FACE('',(#298,#60),#160,.F.);
#2492=ADVANCED_FACE('',(#299,#61,#62,#63,#64),#161,.T.);
#2493=ADVANCED_FACE('',(#300),#162,.T.);
#2494=ADVANCED_FACE('',(#301,#65),#2356,.T.);
#2495=ADVANCED_FACE('',(#302),#163,.T.);
#2496=CLOSED_SHELL('',(#2357,#2358,#2359,#2360,#2361,#2362,#2363,#2364,
#2365,#2366,#2367,#2368,#2369,#2370,#2371,#2372,#2373,#2374,#2375,#2376,
#2377,#2378,#2379,#2380,#2381,#2382,#2383,#2384,#2385,#2386,#2387,#2388,
#2389,#2390,#2391,#2392,#2393,#2394,#2395,#2396,#2397,#2398,#2399,#2400,
#2401,#2402,#2403,#2404,#2405,#2406,#2407,#2408,#2409,#2410,#2411,#2412,
#2413,#2414,#2415,#2416,#2417,#2418,#2419,#2420,#2421,#2422,#2423,#2424,
#2425,#2426,#2427,#2428,#2429,#2430,#2431,#2432,#2433,#2434,#2435,#2436,
#2437,#2438,#2439,#2440,#2441,#2442,#2443,#2444,#2445,#2446,#2447,#2448,
#2449,#2450,#2451,#2452,#2453,#2454,#2455,#2456,#2457,#2458,#2459,#2460,
#2461,#2462,#2463,#2464,#2465,#2466,#2467,#2468,#2469,#2470,#2471,#2472,
#2473,#2474,#2475,#2476,#2477,#2478,#2479,#2480,#2481,#2482,#2483,#2484,
#2485,#2486,#2487,#2488,#2489,#2490,#2491,#2492,#2493,#2494,#2495));
#2497=DERIVED_UNIT_ELEMENT(#2499,1.);
#2498=DERIVED_UNIT_ELEMENT(#4225,-3.);
#2499=(
MASS_UNIT()
NAMED_UNIT(*)
SI_UNIT(.KILO.,.GRAM.)
);
#2500=DERIVED_UNIT((#2497,#2498));
#2501=MEASURE_REPRESENTATION_ITEM('density measure',
POSITIVE_RATIO_MEASURE(7850.),#2500);
#2502=PROPERTY_DEFINITION_REPRESENTATION(#2507,#2504);
#2503=PROPERTY_DEFINITION_REPRESENTATION(#2508,#2505);
#2504=REPRESENTATION('material name',(#2506),#4222);
#2505=REPRESENTATION('density',(#2501),#4222);
#2506=DESCRIPTIVE_REPRESENTATION_ITEM('Steel','Steel');
#2507=PROPERTY_DEFINITION('material property','material name',#4232);
#2508=PROPERTY_DEFINITION('material property','density of part',#4232);
#2509=AXIS2_PLACEMENT_3D('',#3435,#2733,#2734);
#2510=AXIS2_PLACEMENT_3D('',#3436,#2735,#2736);
#2511=AXIS2_PLACEMENT_3D('',#3438,#2737,#2738);
#2512=AXIS2_PLACEMENT_3D('',#3441,#2740,#2741);
#2513=AXIS2_PLACEMENT_3D('',#3442,#2742,#2743);
#2514=AXIS2_PLACEMENT_3D('',#3444,#2744,#2745);
#2515=AXIS2_PLACEMENT_3D('',#3445,#2746,#2747);
#2516=AXIS2_PLACEMENT_3D('',#3448,#2749,#2750);
#2517=AXIS2_PLACEMENT_3D('',#3449,#2751,#2752);
#2518=AXIS2_PLACEMENT_3D('',#3450,#2753,#2754);
#2519=AXIS2_PLACEMENT_3D('',#3452,#2755,#2756);
#2520=AXIS2_PLACEMENT_3D('',#3455,#2758,#2759);
#2521=AXIS2_PLACEMENT_3D('',#3456,#2760,#2761);
#2522=AXIS2_PLACEMENT_3D('',#3458,#2762,#2763);
#2523=AXIS2_PLACEMENT_3D('',#3459,#2764,#2765);
#2524=AXIS2_PLACEMENT_3D('',#3462,#2767,#2768);
#2525=AXIS2_PLACEMENT_3D('',#3463,#2769,#2770);
#2526=AXIS2_PLACEMENT_3D('',#3464,#2771,#2772);
#2527=AXIS2_PLACEMENT_3D('',#3477,#2778,#2779);
#2528=AXIS2_PLACEMENT_3D('',#3481,#2781,#2782);
#2529=AXIS2_PLACEMENT_3D('',#3487,#2786,#2787);
#2530=AXIS2_PLACEMENT_3D('',#3490,#2788,#2789);
#2531=AXIS2_PLACEMENT_3D('',#3494,#2791,#2792);
#2532=AXIS2_PLACEMENT_3D('',#3508,#2800,#2801);
#2533=AXIS2_PLACEMENT_3D('',#3518,#2806,#2807);
#2534=AXIS2_PLACEMENT_3D('',#3519,#2808,#2809);
#2535=AXIS2_PLACEMENT_3D('',#3521,#2810,#2811);
#2536=AXIS2_PLACEMENT_3D('',#3522,#2812,#2813);
#2537=AXIS2_PLACEMENT_3D('',#3524,#2814,#2815);
#2538=AXIS2_PLACEMENT_3D('',#3525,#2816,#2817);
#2539=AXIS2_PLACEMENT_3D('',#3527,#2818,#2819);
#2540=AXIS2_PLACEMENT_3D('',#3529,#2821,#2822);
#2541=AXIS2_PLACEMENT_3D('',#3531,#2823,#2824);
#2542=AXIS2_PLACEMENT_3D('',#3533,#2826,#2827);
#2543=AXIS2_PLACEMENT_3D('',#3535,#2828,#2829);
#2544=AXIS2_PLACEMENT_3D('',#3536,#2830,#2831);
#2545=AXIS2_PLACEMENT_3D('',#3538,#2832,#2833);
#2546=AXIS2_PLACEMENT_3D('',#3539,#2834,#2835);
#2547=AXIS2_PLACEMENT_3D('',#3562,#2846,#2847);
#2548=AXIS2_PLACEMENT_3D('',#3570,#2851,#2852);
#2549=AXIS2_PLACEMENT_3D('',#3582,#2858,#2859);
#2550=AXIS2_PLACEMENT_3D('',#3586,#2861,#2862);
#2551=AXIS2_PLACEMENT_3D('',#3588,#2864,#2865);
#2552=AXIS2_PLACEMENT_3D('',#3597,#2870,#2871);
#2553=AXIS2_PLACEMENT_3D('',#3599,#2872,#2873);
#2554=AXIS2_PLACEMENT_3D('',#3602,#2875,#2876);
#2555=AXIS2_PLACEMENT_3D('',#3603,#2877,#2878);
#2556=AXIS2_PLACEMENT_3D('',#3605,#2879,#2880);
#2557=AXIS2_PLACEMENT_3D('',#3608,#2882,#2883);
#2558=AXIS2_PLACEMENT_3D('',#3609,#2884,#2885);
#2559=AXIS2_PLACEMENT_3D('',#3611,#2886,#2887);
#2560=AXIS2_PLACEMENT_3D('',#3614,#2889,#2890);
#2561=AXIS2_PLACEMENT_3D('',#3615,#2891,#2892);
#2562=AXIS2_PLACEMENT_3D('',#3617,#2893,#2894);
#2563=AXIS2_PLACEMENT_3D('',#3620,#2896,#2897);
#2564=AXIS2_PLACEMENT_3D('',#3621,#2898,#2899);
#2565=AXIS2_PLACEMENT_3D('',#3623,#2900,#2901);
#2566=AXIS2_PLACEMENT_3D('',#3626,#2903,#2904);
#2567=AXIS2_PLACEMENT_3D('',#3627,#2905,#2906);
#2568=AXIS2_PLACEMENT_3D('',#3629,#2907,#2908);
#2569=AXIS2_PLACEMENT_3D('',#3630,#2909,#2910);
#2570=AXIS2_PLACEMENT_3D('',#3632,#2911,#2912);
#2571=AXIS2_PLACEMENT_3D('',#3634,#2913,#2914);
#2572=AXIS2_PLACEMENT_3D('',#3635,#2915,#2916);
#2573=AXIS2_PLACEMENT_3D('',#3637,#2918,#2919);
#2574=AXIS2_PLACEMENT_3D('',#3640,#2921,#2922);
#2575=AXIS2_PLACEMENT_3D('',#3641,#2923,#2924);
#2576=AXIS2_PLACEMENT_3D('',#3644,#2925,#2926);
#2577=AXIS2_PLACEMENT_3D('',#3648,#2928,#2929);
#2578=AXIS2_PLACEMENT_3D('',#3650,#2931,#2932);
#2579=AXIS2_PLACEMENT_3D('',#3659,#2937,#2938);
#2580=AXIS2_PLACEMENT_3D('',#3661,#2939,#2940);
#2581=AXIS2_PLACEMENT_3D('',#3664,#2942,#2943);
#2582=AXIS2_PLACEMENT_3D('',#3665,#2944,#2945);
#2583=AXIS2_PLACEMENT_3D('',#3666,#2946,#2947);
#2584=AXIS2_PLACEMENT_3D('',#3668,#2948,#2949);
#2585=AXIS2_PLACEMENT_3D('',#3671,#2951,#2952);
#2586=AXIS2_PLACEMENT_3D('',#3672,#2953,#2954);
#2587=AXIS2_PLACEMENT_3D('',#3673,#2955,#2956);
#2588=AXIS2_PLACEMENT_3D('',#3675,#2957,#2958);
#2589=AXIS2_PLACEMENT_3D('',#3678,#2960,#2961);
#2590=AXIS2_PLACEMENT_3D('',#3679,#2962,#2963);
#2591=AXIS2_PLACEMENT_3D('',#3680,#2964,#2965);
#2592=AXIS2_PLACEMENT_3D('',#3689,#2970,#2971);
#2593=AXIS2_PLACEMENT_3D('',#3698,#2976,#2977);
#2594=AXIS2_PLACEMENT_3D('',#3709,#2984,#2985);
#2595=AXIS2_PLACEMENT_3D('',#3712,#2988,#2989);
#2596=AXIS2_PLACEMENT_3D('',#3718,#2993,#2994);
#2597=AXIS2_PLACEMENT_3D('',#3726,#2999,#3000);
#2598=AXIS2_PLACEMENT_3D('',#3733,#3006,#3007);
#2599=AXIS2_PLACEMENT_3D('',#3737,#3010,#3011);
#2600=AXIS2_PLACEMENT_3D('',#3741,#3014,#3015);
#2601=AXIS2_PLACEMENT_3D('',#3743,#3017,#3018);
#2602=AXIS2_PLACEMENT_3D('',#3747,#3020,#3021);
#2603=AXIS2_PLACEMENT_3D('',#3751,#3023,#3024);
#2604=AXIS2_PLACEMENT_3D('',#3755,#3026,#3027);
#2605=AXIS2_PLACEMENT_3D('',#3759,#3029,#3030);
#2606=AXIS2_PLACEMENT_3D('',#3765,#3033,#3034);
#2607=AXIS2_PLACEMENT_3D('',#3770,#3036,#3037);
#2608=AXIS2_PLACEMENT_3D('',#3776,#3040,#3041);
#2609=AXIS2_PLACEMENT_3D('',#3779,#3043,#3044);
#2610=AXIS2_PLACEMENT_3D('',#3786,#3047,#3048);
#2611=AXIS2_PLACEMENT_3D('',#3810,#3060,#3061);
#2612=AXIS2_PLACEMENT_3D('',#3812,#3063,#3064);
#2613=AXIS2_PLACEMENT_3D('',#3817,#3068,#3069);
#2614=AXIS2_PLACEMENT_3D('',#3821,#3072,#3073);
#2615=AXIS2_PLACEMENT_3D('',#3824,#3076,#3077);
#2616=AXIS2_PLACEMENT_3D('',#3826,#3079,#3080);
#2617=AXIS2_PLACEMENT_3D('',#3828,#3082,#3083);
#2618=AXIS2_PLACEMENT_3D('',#3830,#3085,#3086);
#2619=AXIS2_PLACEMENT_3D('',#3832,#3088,#3089);
#2620=AXIS2_PLACEMENT_3D('',#3834,#3091,#3092);
#2621=AXIS2_PLACEMENT_3D('',#3836,#3094,#3095);
#2622=AXIS2_PLACEMENT_3D('',#3838,#3097,#3098);
#2623=AXIS2_PLACEMENT_3D('',#3840,#3100,#3101);
#2624=AXIS2_PLACEMENT_3D('',#3842,#3103,#3104);
#2625=AXIS2_PLACEMENT_3D('',#3844,#3106,#3107);
#2626=AXIS2_PLACEMENT_3D('',#3846,#3109,#3110);
#2627=AXIS2_PLACEMENT_3D('',#3848,#3112,#3113);
#2628=AXIS2_PLACEMENT_3D('',#3849,#3114,#3115);
#2629=AXIS2_PLACEMENT_3D('',#3855,#3119,#3120);
#2630=AXIS2_PLACEMENT_3D('',#3857,#3121,#3122);
#2631=AXIS2_PLACEMENT_3D('',#3859,#3124,#3125);
#2632=AXIS2_PLACEMENT_3D('',#3862,#3127,#3128);
#2633=AXIS2_PLACEMENT_3D('',#3863,#3129,#3130);
#2634=AXIS2_PLACEMENT_3D('',#3865,#3132,#3133);
#2635=AXIS2_PLACEMENT_3D('',#3871,#3137,#3138);
#2636=AXIS2_PLACEMENT_3D('',#3874,#3140,#3141);
#2637=AXIS2_PLACEMENT_3D('',#3875,#3142,#3143);
#2638=AXIS2_PLACEMENT_3D('',#3877,#3145,#3146);
#2639=AXIS2_PLACEMENT_3D('',#3883,#3150,#3151);
#2640=AXIS2_PLACEMENT_3D('',#3885,#3152,#3153);
#2641=AXIS2_PLACEMENT_3D('',#3887,#3155,#3156);
#2642=AXIS2_PLACEMENT_3D('',#3889,#3158,#3159);
#2643=AXIS2_PLACEMENT_3D('',#3892,#3162,#3163);
#2644=AXIS2_PLACEMENT_3D('',#3893,#3164,#3165);
#2645=AXIS2_PLACEMENT_3D('',#3897,#3167,#3168);
#2646=AXIS2_PLACEMENT_3D('',#3899,#3170,#3171);
#2647=AXIS2_PLACEMENT_3D('',#3901,#3173,#3174);
#2648=AXIS2_PLACEMENT_3D('',#3905,#3176,#3177);
#2649=AXIS2_PLACEMENT_3D('',#3907,#3179,#3180);
#2650=AXIS2_PLACEMENT_3D('',#3909,#3182,#3183);
#2651=AXIS2_PLACEMENT_3D('',#3912,#3186,#3187);
#2652=AXIS2_PLACEMENT_3D('',#3913,#3188,#3189);
#2653=AXIS2_PLACEMENT_3D('',#3917,#3192,#3193);
#2654=AXIS2_PLACEMENT_3D('',#3923,#3197,#3198);
#2655=AXIS2_PLACEMENT_3D('',#3924,#3199,#3200);
#2656=AXIS2_PLACEMENT_3D('',#3925,#3201,#3202);
#2657=AXIS2_PLACEMENT_3D('',#3926,#3203,#3204);
#2658=AXIS2_PLACEMENT_3D('',#3927,#3205,#3206);
#2659=AXIS2_PLACEMENT_3D('',#3928,#3207,#3208);
#2660=AXIS2_PLACEMENT_3D('',#3932,#3211,#3212);
#2661=AXIS2_PLACEMENT_3D('',#3938,#3216,#3217);
#2662=AXIS2_PLACEMENT_3D('',#3940,#3219,#3220);
#2663=AXIS2_PLACEMENT_3D('',#3941,#3221,#3222);
#2664=AXIS2_PLACEMENT_3D('',#3942,#3223,#3224);
#2665=AXIS2_PLACEMENT_3D('',#3943,#3225,#3226);
#2666=AXIS2_PLACEMENT_3D('',#3944,#3227,#3228);
#2667=AXIS2_PLACEMENT_3D('',#3945,#3229,#3230);
#2668=AXIS2_PLACEMENT_3D('',#3946,#3231,#3232);
#2669=AXIS2_PLACEMENT_3D('',#3947,#3233,#3234);
#2670=AXIS2_PLACEMENT_3D('',#3955,#3239,#3240);
#2671=AXIS2_PLACEMENT_3D('',#3967,#3247,#3248);
#2672=AXIS2_PLACEMENT_3D('',#3976,#3254,#3255);
#2673=AXIS2_PLACEMENT_3D('',#3978,#3256,#3257);
#2674=AXIS2_PLACEMENT_3D('',#3980,#3258,#3259);
#2675=AXIS2_PLACEMENT_3D('',#3982,#3261,#3262);
#2676=AXIS2_PLACEMENT_3D('',#3984,#3264,#3265);
#2677=AXIS2_PLACEMENT_3D('',#3997,#3272,#3273);
#2678=AXIS2_PLACEMENT_3D('',#3998,#3274,#3275);
#2679=AXIS2_PLACEMENT_3D('',#4002,#3278,#3279);
#2680=AXIS2_PLACEMENT_3D('',#4005,#3282,#3283);
#2681=AXIS2_PLACEMENT_3D('',#4012,#3288,#3289);
#2682=AXIS2_PLACEMENT_3D('',#4016,#3292,#3293);
#2683=AXIS2_PLACEMENT_3D('',#4018,#3295,#3296);
#2684=AXIS2_PLACEMENT_3D('',#4020,#3298,#3299);
#2685=AXIS2_PLACEMENT_3D('',#4022,#3300,#3301);
#2686=AXIS2_PLACEMENT_3D('',#4023,#3302,#3303);
#2687=AXIS2_PLACEMENT_3D('',#4025,#3305,#3306);
#2688=AXIS2_PLACEMENT_3D('',#4027,#3308,#3309);
#2689=AXIS2_PLACEMENT_3D('',#4031,#3312,#3313);
#2690=AXIS2_PLACEMENT_3D('',#4036,#3316,#3317);
#2691=AXIS2_PLACEMENT_3D('',#4037,#3318,#3319);
#2692=AXIS2_PLACEMENT_3D('',#4039,#3321,#3322);
#2693=AXIS2_PLACEMENT_3D('',#4041,#3323,#3324);
#2694=AXIS2_PLACEMENT_3D('',#4042,#3325,#3326);
#2695=AXIS2_PLACEMENT_3D('',#4044,#3328,#3329);
#2696=AXIS2_PLACEMENT_3D('',#4050,#3333,#3334);
#2697=AXIS2_PLACEMENT_3D('',#4056,#3338,#3339);
#2698=AXIS2_PLACEMENT_3D('',#4058,#3340,#3341);
#2699=AXIS2_PLACEMENT_3D('',#4059,#3342,#3343);
#2700=AXIS2_PLACEMENT_3D('',#4060,#3344,#3345);
#2701=AXIS2_PLACEMENT_3D('',#4061,#3346,#3347);
#2702=AXIS2_PLACEMENT_3D('',#4065,#3350,#3351);
#2703=AXIS2_PLACEMENT_3D('',#4069,#3354,#3355);
#2704=AXIS2_PLACEMENT_3D('',#4070,#3356,#3357);
#2705=AXIS2_PLACEMENT_3D('',#4072,#3358,#3359);
#2706=AXIS2_PLACEMENT_3D('',#4073,#3360,#3361);
#2707=AXIS2_PLACEMENT_3D('',#4075,#3362,#3363);
#2708=AXIS2_PLACEMENT_3D('',#4076,#3364,#3365);
#2709=AXIS2_PLACEMENT_3D('',#4079,#3367,#3368);
#2710=AXIS2_PLACEMENT_3D('',#4080,#3369,#3370);
#2711=AXIS2_PLACEMENT_3D('',#4083,#3372,#3373);
#2712=AXIS2_PLACEMENT_3D('',#4084,#3374,#3375);
#2713=AXIS2_PLACEMENT_3D('',#4128,#3377,#3378);
#2714=AXIS2_PLACEMENT_3D('',#4172,#3380,#3381);
#2715=AXIS2_PLACEMENT_3D('',#4174,#3382,#3383);
#2716=AXIS2_PLACEMENT_3D('',#4176,#3384,#3385);
#2717=AXIS2_PLACEMENT_3D('',#4178,#3387,#3388);
#2718=AXIS2_PLACEMENT_3D('',#4187,#3394,#3395);
#2719=AXIS2_PLACEMENT_3D('',#4194,#3399,#3400);
#2720=AXIS2_PLACEMENT_3D('',#4195,#3401,#3402);
#2721=AXIS2_PLACEMENT_3D('',#4198,#3405,#3406);
#2722=AXIS2_PLACEMENT_3D('',#4200,#3407,#3408);
#2723=AXIS2_PLACEMENT_3D('',#4203,#3410,#3411);
#2724=AXIS2_PLACEMENT_3D('',#4204,#3412,#3413);
#2725=AXIS2_PLACEMENT_3D('',#4205,#3414,#3415);
#2726=AXIS2_PLACEMENT_3D('',#4209,#3418,#3419);
#2727=AXIS2_PLACEMENT_3D('',#4213,#3422,#3423);
#2728=AXIS2_PLACEMENT_3D('',#4215,#3425,#3426);
#2729=AXIS2_PLACEMENT_3D('',#4216,#3427,#3428);
#2730=AXIS2_PLACEMENT_3D('',#4217,#3429,#3430);
#2731=AXIS2_PLACEMENT_3D('',#4218,#3431,#3432);
#2732=AXIS2_PLACEMENT_3D('',#4219,#3433,#3434);
#2733=DIRECTION('axis',(0.,0.,1.));
#2734=DIRECTION('refdir',(1.,0.,0.));
#2735=DIRECTION('center_axis',(-1.,0.,0.));
#2736=DIRECTION('ref_axis',(0.,-1.,0.));
#2737=DIRECTION('center_axis',(-1.,0.,0.));
#2738=DIRECTION('ref_axis',(0.,-1.,0.));
#2739=DIRECTION('',(-1.,0.,0.));
#2740=DIRECTION('center_axis',(-1.,-6.12323399573677E-17,0.));
#2741=DIRECTION('ref_axis',(6.12323399573677E-17,-1.,0.));
#2742=DIRECTION('center_axis',(-1.,-6.12323399573677E-17,0.));
#2743=DIRECTION('ref_axis',(6.12323399573677E-17,-1.,0.));
#2744=DIRECTION('center_axis',(1.,6.12323399573677E-17,0.));
#2745=DIRECTION('ref_axis',(6.12323399573677E-17,-1.,0.));
#2746=DIRECTION('center_axis',(-1.,0.,0.));
#2747=DIRECTION('ref_axis',(0.,-1.,0.));
#2748=DIRECTION('',(-1.,0.,0.));
#2749=DIRECTION('center_axis',(1.,0.,0.));
#2750=DIRECTION('ref_axis',(0.,-1.,0.));
#2751=DIRECTION('center_axis',(-1.,-6.12323399573677E-17,0.));
#2752=DIRECTION('ref_axis',(6.12323399573677E-17,-1.,0.));
#2753=DIRECTION('center_axis',(-1.,0.,0.));
#2754=DIRECTION('ref_axis',(0.,-1.,0.));
#2755=DIRECTION('center_axis',(-1.,0.,0.));
#2756=DIRECTION('ref_axis',(0.,-1.,0.));
#2757=DIRECTION('',(-1.,0.,0.));
#2758=DIRECTION('center_axis',(-1.,-6.12323399573677E-17,0.));
#2759=DIRECTION('ref_axis',(6.12323399573677E-17,-1.,0.));
#2760=DIRECTION('center_axis',(-1.,-6.12323399573677E-17,0.));
#2761=DIRECTION('ref_axis',(6.12323399573677E-17,-1.,0.));
#2762=DIRECTION('center_axis',(1.,6.12323399573677E-17,0.));
#2763=DIRECTION('ref_axis',(6.12323399573677E-17,-1.,0.));
#2764=DIRECTION('center_axis',(-1.,0.,0.));
#2765=DIRECTION('ref_axis',(0.,-1.,0.));
#2766=DIRECTION('',(-1.,0.,0.));
#2767=DIRECTION('center_axis',(1.,0.,0.));
#2768=DIRECTION('ref_axis',(0.,-1.,0.));
#2769=DIRECTION('center_axis',(-1.,-6.12323399573677E-17,0.));
#2770=DIRECTION('ref_axis',(6.12323399573677E-17,-1.,0.));
#2771=DIRECTION('center_axis',(0.,-1.,0.));
#2772=DIRECTION('ref_axis',(0.,0.,-1.));
#2773=DIRECTION('',(1.,0.,0.));
#2774=DIRECTION('',(0.,0.,1.));
#2775=DIRECTION('',(1.,0.,0.));
#2776=DIRECTION('',(0.,0.,-1.));
#2777=DIRECTION('',(1.,0.,0.));
#2778=DIRECTION('center_axis',(0.,-1.,0.));
#2779=DIRECTION('ref_axis',(0.707106781186547,0.,0.707106781186547));
#2780=DIRECTION('',(-1.,0.,0.));
#2781=DIRECTION('center_axis',(0.,-1.,0.));
#2782=DIRECTION('ref_axis',(-0.707106781186547,0.,0.707106781186547));
#2783=DIRECTION('',(0.,0.,-1.));
#2784=DIRECTION('',(1.,0.,0.));
#2785=DIRECTION('',(0.,0.,1.));
#2786=DIRECTION('center_axis',(0.,-1.,0.));
#2787=DIRECTION('ref_axis',(0.,0.,-1.));
#2788=DIRECTION('center_axis',(0.,-1.,0.));
#2789=DIRECTION('ref_axis',(-0.707106781186547,0.,-0.707106781186547));
#2790=DIRECTION('',(1.,0.,0.));
#2791=DIRECTION('center_axis',(0.,-1.,0.));
#2792=DIRECTION('ref_axis',(0.707106781186547,0.,-0.707106781186547));
#2793=DIRECTION('',(0.,0.,1.));
#2794=DIRECTION('',(-1.,0.,0.));
#2795=DIRECTION('',(0.,0.,-1.));
#2796=DIRECTION('',(-1.,0.,0.));
#2797=DIRECTION('',(0.,0.,1.));
#2798=DIRECTION('',(-1.,0.,0.));
#2799=DIRECTION('',(0.,0.,-1.));
#2800=DIRECTION('center_axis',(0.,-1.,0.));
#2801=DIRECTION('ref_axis',(0.,0.,-1.));
#2802=DIRECTION('',(-1.,0.,0.));
#2803=DIRECTION('',(0.,0.,-1.));
#2804=DIRECTION('',(1.,0.,0.));
#2805=DIRECTION('',(0.,0.,1.));
#2806=DIRECTION('center_axis',(0.,-1.,0.));
#2807=DIRECTION('ref_axis',(0.707106781186547,0.,0.707106781186547));
#2808=DIRECTION('center_axis',(1.,6.12323399573677E-17,0.));
#2809=DIRECTION('ref_axis',(-6.12323399573677E-17,1.,0.));
#2810=DIRECTION('center_axis',(1.,6.12323399573677E-17,0.));
#2811=DIRECTION('ref_axis',(0.,1.,0.));
#2812=DIRECTION('center_axis',(-1.,0.,0.));
#2813=DIRECTION('ref_axis',(0.,-1.,0.));
#2814=DIRECTION('center_axis',(1.,0.,0.));
#2815=DIRECTION('ref_axis',(0.,-1.,0.));
#2816=DIRECTION('center_axis',(1.,0.,0.));
#2817=DIRECTION('ref_axis',(0.,1.,0.));
#2818=DIRECTION('center_axis',(1.,0.,0.));
#2819=DIRECTION('ref_axis',(0.,1.,0.));
#2820=DIRECTION('',(1.,0.,0.));
#2821=DIRECTION('center_axis',(1.,0.,0.));
#2822=DIRECTION('ref_axis',(0.,-1.,0.));
#2823=DIRECTION('center_axis',(1.,0.,0.));
#2824=DIRECTION('ref_axis',(0.,-1.,0.));
#2825=DIRECTION('',(1.,0.,0.));
#2826=DIRECTION('center_axis',(-1.,0.,0.));
#2827=DIRECTION('ref_axis',(0.,-1.,0.));
#2828=DIRECTION('center_axis',(1.,0.,0.));
#2829=DIRECTION('ref_axis',(0.,-1.,0.));
#2830=DIRECTION('center_axis',(-1.,0.,0.));
#2831=DIRECTION('ref_axis',(0.,-1.,0.));
#2832=DIRECTION('center_axis',(1.,0.,0.));
#2833=DIRECTION('ref_axis',(0.,-1.,0.));
#2834=DIRECTION('center_axis',(0.,0.,-1.));
#2835=DIRECTION('ref_axis',(1.,0.,0.));
#2836=DIRECTION('',(0.,-1.,0.));
#2837=DIRECTION('',(1.,0.,0.));
#2838=DIRECTION('',(0.,1.,0.));
#2839=DIRECTION('',(1.,0.,0.));
#2840=DIRECTION('',(0.,-1.,0.));
#2841=DIRECTION('',(1.,9.45353392902892E-17,0.));
#2842=DIRECTION('',(0.,-1.,0.));
#2843=DIRECTION('',(1.,0.,0.));
#2844=DIRECTION('',(-1.17848062226685E-17,1.,0.));
#2845=DIRECTION('',(1.,0.,0.));
#2846=DIRECTION('center_axis',(0.,0.,1.));
#2847=DIRECTION('ref_axis',(-1.,0.,0.));
#2848=DIRECTION('',(1.,0.,0.));
#2849=DIRECTION('',(0.,-1.,0.));
#2850=DIRECTION('',(1.,0.,0.));
#2851=DIRECTION('center_axis',(0.,0.,1.));
#2852=DIRECTION('ref_axis',(-1.,-2.44929359829471E-16,0.));
#2853=DIRECTION('',(-1.,-2.44929359829471E-16,0.));
#2854=DIRECTION('',(-2.33144553606802E-16,1.,0.));
#2855=DIRECTION('',(-1.,-2.44929359829471E-16,0.));
#2856=DIRECTION('',(2.44929359829471E-16,-1.,0.));
#2857=DIRECTION('',(-1.,-1.50394020539182E-16,0.));
#2858=DIRECTION('center_axis',(0.,0.,1.));
#2859=DIRECTION('ref_axis',(-1.,0.,0.));
#2860=DIRECTION('',(1.,0.,0.));
#2861=DIRECTION('center_axis',(0.,0.,1.));
#2862=DIRECTION('ref_axis',(-1.,0.,0.));
#2863=DIRECTION('',(-1.,0.,0.));
#2864=DIRECTION('center_axis',(-1.,0.,0.));
#2865=DIRECTION('ref_axis',(0.,0.,1.));
#2866=DIRECTION('',(0.,-1.,0.));
#2867=DIRECTION('',(0.,0.,-1.));
#2868=DIRECTION('',(0.,1.,0.));
#2869=DIRECTION('',(0.,0.,1.));
#2870=DIRECTION('center_axis',(0.,-1.,0.));
#2871=DIRECTION('ref_axis',(-1.,0.,0.));
#2872=DIRECTION('center_axis',(0.,-1.,0.));
#2873=DIRECTION('ref_axis',(-1.,0.,0.));
#2874=DIRECTION('',(0.,-1.,0.));
#2875=DIRECTION('center_axis',(0.,1.,0.));
#2876=DIRECTION('ref_axis',(-1.,0.,0.));
#2877=DIRECTION('center_axis',(0.,-1.,0.));
#2878=DIRECTION('ref_axis',(-1.,0.,0.));
#2879=DIRECTION('center_axis',(0.,-1.,0.));
#2880=DIRECTION('ref_axis',(-1.,0.,0.));
#2881=DIRECTION('',(0.,-1.,0.));
#2882=DIRECTION('center_axis',(0.,1.,0.));
#2883=DIRECTION('ref_axis',(-1.,0.,0.));
#2884=DIRECTION('center_axis',(0.,-1.,0.));
#2885=DIRECTION('ref_axis',(-1.,0.,0.));
#2886=DIRECTION('center_axis',(0.,-1.,0.));
#2887=DIRECTION('ref_axis',(-1.,0.,0.));
#2888=DIRECTION('',(0.,-1.,0.));
#2889=DIRECTION('center_axis',(0.,1.,0.));
#2890=DIRECTION('ref_axis',(-1.,0.,0.));
#2891=DIRECTION('center_axis',(0.,-1.,0.));
#2892=DIRECTION('ref_axis',(-1.,0.,0.));
#2893=DIRECTION('center_axis',(0.,-1.,0.));
#2894=DIRECTION('ref_axis',(-1.,0.,0.));
#2895=DIRECTION('',(0.,-1.,0.));
#2896=DIRECTION('center_axis',(0.,1.,0.));
#2897=DIRECTION('ref_axis',(-1.,0.,0.));
#2898=DIRECTION('center_axis',(0.,-1.,0.));
#2899=DIRECTION('ref_axis',(-1.,0.,0.));
#2900=DIRECTION('center_axis',(0.,-1.,0.));
#2901=DIRECTION('ref_axis',(-1.,0.,0.));
#2902=DIRECTION('',(0.,-1.,0.));
#2903=DIRECTION('center_axis',(0.,1.,0.));
#2904=DIRECTION('ref_axis',(-1.,0.,0.));
#2905=DIRECTION('center_axis',(0.,1.,0.));
#2906=DIRECTION('ref_axis',(-1.,0.,0.));
#2907=DIRECTION('center_axis',(0.,-1.,0.));
#2908=DIRECTION('ref_axis',(-1.,0.,0.));
#2909=DIRECTION('center_axis',(0.,1.,0.));
#2910=DIRECTION('ref_axis',(-1.,0.,0.));
#2911=DIRECTION('center_axis',(0.,1.,0.));
#2912=DIRECTION('ref_axis',(-1.,0.,0.));
#2913=DIRECTION('center_axis',(0.,1.,0.));
#2914=DIRECTION('ref_axis',(-1.,0.,0.));
#2915=DIRECTION('center_axis',(0.,1.,0.));
#2916=DIRECTION('ref_axis',(-1.,0.,0.));
#2917=DIRECTION('',(0.,-1.,0.));
#2918=DIRECTION('center_axis',(0.,1.,0.));
#2919=DIRECTION('ref_axis',(-1.,0.,0.));
#2920=DIRECTION('',(0.,-1.,0.));
#2921=DIRECTION('center_axis',(0.,-1.,0.));
#2922=DIRECTION('ref_axis',(-1.,0.,0.));
#2923=DIRECTION('center_axis',(0.,-1.,0.));
#2924=DIRECTION('ref_axis',(-0.707106781186547,0.,-0.707106781186547));
#2925=DIRECTION('center_axis',(0.,-1.,0.));
#2926=DIRECTION('ref_axis',(-0.707106781186547,0.,-0.707106781186547));
#2927=DIRECTION('',(0.,-1.,0.));
#2928=DIRECTION('center_axis',(0.,-1.,0.));
#2929=DIRECTION('ref_axis',(-0.707106781186547,0.,-0.707106781186547));
#2930=DIRECTION('',(0.,-1.,0.));
#2931=DIRECTION('center_axis',(0.,1.,0.));
#2932=DIRECTION('ref_axis',(0.,0.,1.));
#2933=DIRECTION('',(1.,0.,0.));
#2934=DIRECTION('',(0.,0.,-1.));
#2935=DIRECTION('',(-1.,0.,0.));
#2936=DIRECTION('',(0.,0.,-1.));
#2937=DIRECTION('center_axis',(0.,0.,-1.));
#2938=DIRECTION('ref_axis',(-1.,0.,0.));
#2939=DIRECTION('center_axis',(0.,0.,-1.));
#2940=DIRECTION('ref_axis',(-1.,0.,0.));
#2941=DIRECTION('',(0.,0.,-1.));
#2942=DIRECTION('center_axis',(0.,0.,-1.));
#2943=DIRECTION('ref_axis',(-1.,0.,0.));
#2944=DIRECTION('center_axis',(0.,0.,1.));
#2945=DIRECTION('ref_axis',(-1.,0.,0.));
#2946=DIRECTION('center_axis',(0.,0.,-1.));
#2947=DIRECTION('ref_axis',(-1.,0.,0.));
#2948=DIRECTION('center_axis',(0.,0.,-1.));
#2949=DIRECTION('ref_axis',(-1.,0.,0.));
#2950=DIRECTION('',(0.,0.,-1.));
#2951=DIRECTION('center_axis',(0.,0.,-1.));
#2952=DIRECTION('ref_axis',(-1.,0.,0.));
#2953=DIRECTION('center_axis',(0.,0.,1.));
#2954=DIRECTION('ref_axis',(-1.,0.,0.));
#2955=DIRECTION('center_axis',(0.,0.,-1.));
#2956=DIRECTION('ref_axis',(-1.,0.,0.));
#2957=DIRECTION('center_axis',(0.,0.,-1.));
#2958=DIRECTION('ref_axis',(-1.,0.,0.));
#2959=DIRECTION('',(0.,0.,-1.));
#2960=DIRECTION('center_axis',(0.,0.,-1.));
#2961=DIRECTION('ref_axis',(-1.,0.,0.));
#2962=DIRECTION('center_axis',(0.,0.,1.));
#2963=DIRECTION('ref_axis',(-1.,0.,0.));
#2964=DIRECTION('center_axis',(-1.,0.,0.));
#2965=DIRECTION('ref_axis',(0.,1.,0.));
#2966=DIRECTION('',(0.,1.,0.));
#2967=DIRECTION('',(0.,0.,1.));
#2968=DIRECTION('',(0.,1.,0.));
#2969=DIRECTION('',(0.,0.,-1.));
#2970=DIRECTION('center_axis',(-1.,1.9628331703415E-15,0.));
#2971=DIRECTION('ref_axis',(1.9628331703415E-15,1.,0.));
#2972=DIRECTION('',(1.9628331703415E-15,1.,0.));
#2973=DIRECTION('',(0.,0.,1.));
#2974=DIRECTION('',(1.9628331703415E-15,1.,0.));
#2975=DIRECTION('',(0.,0.,-1.));
#2976=DIRECTION('center_axis',(0.,0.,-1.));
#2977=DIRECTION('ref_axis',(-1.,0.,0.));
#2978=DIRECTION('',(-1.,0.,0.));
#2979=DIRECTION('',(0.,1.,0.));
#2980=DIRECTION('',(1.,0.,0.));
#2981=DIRECTION('',(-1.,0.,0.));
#2982=DIRECTION('',(0.,-1.,0.));
#2983=DIRECTION('',(1.,0.,0.));
#2984=DIRECTION('center_axis',(1.,0.,0.));
#2985=DIRECTION('ref_axis',(0.,0.,-1.));
#2986=DIRECTION('',(0.,0.,1.));
#2987=DIRECTION('',(0.,0.,1.));
#2988=DIRECTION('center_axis',(0.,-1.,0.));
#2989=DIRECTION('ref_axis',(0.,0.,-1.));
#2990=DIRECTION('',(-1.,0.,0.));
#2991=DIRECTION('',(0.,0.,-1.));
#2992=DIRECTION('',(-1.,0.,0.));
#2993=DIRECTION('center_axis',(0.,-1.,0.));
#2994=DIRECTION('ref_axis',(-1.,0.,0.));
#2995=DIRECTION('',(0.,0.,-1.));
#2996=DIRECTION('',(-1.,0.,0.));
#2997=DIRECTION('',(0.,0.,-1.));
#2998=DIRECTION('',(-1.,0.,0.));
#2999=DIRECTION('center_axis',(0.,0.,-1.));
#3000=DIRECTION('ref_axis',(-1.,0.,0.));
#3001=DIRECTION('',(1.,0.,0.));
#3002=DIRECTION('',(-1.,0.,0.));
#3003=DIRECTION('',(0.,-1.,0.));
#3004=DIRECTION('',(0.,1.,0.));
#3005=DIRECTION('',(1.,0.,0.));
#3006=DIRECTION('center_axis',(1.,0.,0.));
#3007=DIRECTION('ref_axis',(0.,-1.,0.));
#3008=DIRECTION('',(0.,0.,-1.));
#3009=DIRECTION('',(0.,-1.,0.));
#3010=DIRECTION('center_axis',(0.,1.,0.));
#3011=DIRECTION('ref_axis',(1.,0.,0.));
#3012=DIRECTION('',(0.,0.,-1.));
#3013=DIRECTION('',(1.,0.,0.));
#3014=DIRECTION('center_axis',(-1.,0.,0.));
#3015=DIRECTION('ref_axis',(0.,1.,0.));
#3016=DIRECTION('',(0.,1.,0.));
#3017=DIRECTION('center_axis',(0.,0.,-1.));
#3018=DIRECTION('ref_axis',(-1.,0.,0.));
#3019=DIRECTION('',(-1.,0.,0.));
#3020=DIRECTION('center_axis',(0.,0.,1.));
#3021=DIRECTION('ref_axis',(-1.,0.,0.));
#3022=DIRECTION('',(-1.,0.,0.));
#3023=DIRECTION('center_axis',(0.,0.,1.));
#3024=DIRECTION('ref_axis',(-1.,0.,0.));
#3025=DIRECTION('',(1.,0.,0.));
#3026=DIRECTION('center_axis',(0.,0.,1.));
#3027=DIRECTION('ref_axis',(-1.,0.,0.));
#3028=DIRECTION('',(1.,0.,0.));
#3029=DIRECTION('center_axis',(0.,0.,1.));
#3030=DIRECTION('ref_axis',(-1.,0.,0.));
#3031=DIRECTION('',(0.,-1.,0.));
#3032=DIRECTION('',(-1.,0.,0.));
#3033=DIRECTION('center_axis',(0.,0.,-1.));
#3034=DIRECTION('ref_axis',(-1.,0.,0.));
#3035=DIRECTION('',(0.,-1.,0.));
#3036=DIRECTION('center_axis',(0.,0.,-1.));
#3037=DIRECTION('ref_axis',(-1.,0.,0.));
#3038=DIRECTION('',(1.,0.,0.));
#3039=DIRECTION('',(0.,-1.,0.));
#3040=DIRECTION('center_axis',(0.,0.,-1.));
#3041=DIRECTION('ref_axis',(-1.,0.,0.));
#3042=DIRECTION('',(0.,1.,0.));
#3043=DIRECTION('center_axis',(0.,0.,-1.));
#3044=DIRECTION('ref_axis',(-1.,0.,0.));
#3045=DIRECTION('',(0.,1.,0.));
#3046=DIRECTION('',(1.,0.,0.));
#3047=DIRECTION('center_axis',(0.,0.,1.));
#3048=DIRECTION('ref_axis',(-1.,0.,0.));
#3049=DIRECTION('',(1.,0.,0.));
#3050=DIRECTION('',(-1.17848062226685E-17,1.,0.));
#3051=DIRECTION('',(1.,0.,0.));
#3052=DIRECTION('',(0.,-1.,0.));
#3053=DIRECTION('',(1.,9.45353392902892E-17,0.));
#3054=DIRECTION('',(0.,-1.,0.));
#3055=DIRECTION('',(-1.,-1.50394020539182E-16,0.));
#3056=DIRECTION('',(2.44929359829471E-16,-1.,0.));
#3057=DIRECTION('',(-1.,-2.44929359829471E-16,0.));
#3058=DIRECTION('',(-2.33144553606802E-16,1.,0.));
#3059=DIRECTION('',(-1.,-2.44929359829471E-16,0.));
#3060=DIRECTION('center_axis',(0.,0.,1.));
#3061=DIRECTION('ref_axis',(-1.,-2.44929359829471E-16,0.));
#3062=DIRECTION('',(-1.,0.,0.));
#3063=DIRECTION('center_axis',(1.50394020539182E-16,-1.,0.));
#3064=DIRECTION('ref_axis',(-1.,-1.50394020539182E-16,0.));
#3065=DIRECTION('',(0.,0.,-1.));
#3066=DIRECTION('',(-1.,-1.50394020539182E-16,0.));
#3067=DIRECTION('',(0.,0.,-1.));
#3068=DIRECTION('center_axis',(1.,0.,0.));
#3069=DIRECTION('ref_axis',(0.,-1.,0.));
#3070=DIRECTION('',(0.,0.,-1.));
#3071=DIRECTION('',(0.,-1.,0.));
#3072=DIRECTION('center_axis',(-9.45353392902892E-17,1.,0.));
#3073=DIRECTION('ref_axis',(1.,9.45353392902892E-17,0.));
#3074=DIRECTION('',(0.,0.,-1.));
#3075=DIRECTION('',(1.,9.45353392902892E-17,0.));
#3076=DIRECTION('center_axis',(1.,2.44929359829471E-16,0.));
#3077=DIRECTION('ref_axis',(2.44929359829471E-16,-1.,0.));
#3078=DIRECTION('',(0.,0.,-1.));
#3079=DIRECTION('center_axis',(1.,0.,0.));
#3080=DIRECTION('ref_axis',(0.,-1.,0.));
#3081=DIRECTION('',(0.,0.,-1.));
#3082=DIRECTION('center_axis',(2.44929359829471E-16,-1.,0.));
#3083=DIRECTION('ref_axis',(-1.,-2.44929359829471E-16,0.));
#3084=DIRECTION('',(0.,0.,-1.));
#3085=DIRECTION('center_axis',(0.,1.,0.));
#3086=DIRECTION('ref_axis',(1.,0.,0.));
#3087=DIRECTION('',(0.,0.,-1.));
#3088=DIRECTION('center_axis',(-1.,-2.33144553606802E-16,0.));
#3089=DIRECTION('ref_axis',(-2.33144553606802E-16,1.,0.));
#3090=DIRECTION('',(0.,0.,-1.));
#3091=DIRECTION('center_axis',(-1.,-1.17848062226685E-17,0.));
#3092=DIRECTION('ref_axis',(-1.17848062226685E-17,1.,0.));
#3093=DIRECTION('',(0.,0.,-1.));
#3094=DIRECTION('center_axis',(2.44929359829471E-16,-1.,0.));
#3095=DIRECTION('ref_axis',(-1.,-2.44929359829471E-16,0.));
#3096=DIRECTION('',(0.,0.,-1.));
#3097=DIRECTION('center_axis',(0.,1.,0.));
#3098=DIRECTION('ref_axis',(1.,0.,0.));
#3099=DIRECTION('',(0.,0.,-1.));
#3100=DIRECTION('center_axis',(0.,0.,-1.));
#3101=DIRECTION('ref_axis',(-1.,-2.44929359829471E-16,0.));
#3102=DIRECTION('',(0.,0.,-1.));
#3103=DIRECTION('center_axis',(0.,0.,-1.));
#3104=DIRECTION('ref_axis',(-1.,0.,0.));
#3105=DIRECTION('',(0.,0.,-1.));
#3106=DIRECTION('center_axis',(0.,-1.,0.));
#3107=DIRECTION('ref_axis',(0.,0.,-1.));
#3108=DIRECTION('',(0.,0.,1.));
#3109=DIRECTION('center_axis',(0.,1.,0.));
#3110=DIRECTION('ref_axis',(0.,0.,1.));
#3111=DIRECTION('',(0.,0.,-1.));
#3112=DIRECTION('center_axis',(-1.,0.,0.));
#3113=DIRECTION('ref_axis',(0.,0.,-1.));
#3114=DIRECTION('center_axis',(-1.,0.,0.));
#3115=DIRECTION('ref_axis',(0.,1.,0.));
#3116=DIRECTION('',(0.,0.,-1.));
#3117=DIRECTION('',(0.,1.,0.));
#3118=DIRECTION('',(0.,0.,-1.));
#3119=DIRECTION('center_axis',(0.,0.,-1.));
#3120=DIRECTION('ref_axis',(-1.,0.,0.));
#3121=DIRECTION('center_axis',(0.,0.,-1.));
#3122=DIRECTION('ref_axis',(-1.,0.,0.));
#3123=DIRECTION('',(0.,0.,1.));
#3124=DIRECTION('center_axis',(0.,0.,-1.));
#3125=DIRECTION('ref_axis',(-1.,0.,0.));
#3126=DIRECTION('',(0.,0.,-1.));
#3127=DIRECTION('center_axis',(0.,0.,-1.));
#3128=DIRECTION('ref_axis',(-1.,0.,0.));
#3129=DIRECTION('center_axis',(-1.,0.,0.));
#3130=DIRECTION('ref_axis',(0.,-1.,0.));
#3131=DIRECTION('',(0.,-1.,0.));
#3132=DIRECTION('center_axis',(0.,1.,0.));
#3133=DIRECTION('ref_axis',(0.,0.,1.));
#3134=DIRECTION('',(0.,0.,1.));
#3135=DIRECTION('',(1.,0.,0.));
#3136=DIRECTION('',(0.,0.,1.));
#3137=DIRECTION('center_axis',(0.,0.,-1.));
#3138=DIRECTION('ref_axis',(-1.,0.,0.));
#3139=DIRECTION('',(0.,0.,-1.));
#3140=DIRECTION('center_axis',(0.,0.,-1.));
#3141=DIRECTION('ref_axis',(-1.,0.,0.));
#3142=DIRECTION('center_axis',(-1.,0.,0.));
#3143=DIRECTION('ref_axis',(0.,-1.,0.));
#3144=DIRECTION('',(0.,-1.,0.));
#3145=DIRECTION('center_axis',(0.,-1.,0.));
#3146=DIRECTION('ref_axis',(0.,0.,-1.));
#3147=DIRECTION('',(0.,0.,-1.));
#3148=DIRECTION('',(-1.,0.,0.));
#3149=DIRECTION('',(0.,0.,-1.));
#3150=DIRECTION('center_axis',(0.,0.,-1.));
#3151=DIRECTION('ref_axis',(-1.,0.,0.));
#3152=DIRECTION('center_axis',(0.,0.,-1.));
#3153=DIRECTION('ref_axis',(-1.,0.,0.));
#3154=DIRECTION('',(0.,0.,1.));
#3155=DIRECTION('center_axis',(-1.,0.,0.));
#3156=DIRECTION('ref_axis',(0.,-1.,0.));
#3157=DIRECTION('',(0.,-1.,0.));
#3158=DIRECTION('center_axis',(0.,0.,-1.));
#3159=DIRECTION('ref_axis',(-3.16985680890781E-15,1.,0.));
#3160=DIRECTION('',(0.,0.,-1.));
#3161=DIRECTION('',(0.,0.,1.));
#3162=DIRECTION('center_axis',(0.,1.,0.));
#3163=DIRECTION('ref_axis',(0.,0.,1.));
#3164=DIRECTION('center_axis',(0.,0.,-1.));
#3165=DIRECTION('ref_axis',(-6.12323399573677E-17,1.,0.));
#3166=DIRECTION('',(0.,0.,-1.));
#3167=DIRECTION('center_axis',(0.,0.,1.));
#3168=DIRECTION('ref_axis',(-1.,0.,0.));
#3169=DIRECTION('',(0.,0.,1.));
#3170=DIRECTION('center_axis',(0.,1.,0.));
#3171=DIRECTION('ref_axis',(0.,0.,1.));
#3172=DIRECTION('',(1.,0.,0.));
#3173=DIRECTION('center_axis',(0.,0.,-1.));
#3174=DIRECTION('ref_axis',(1.83697019872103E-16,-1.,0.));
#3175=DIRECTION('',(0.,0.,-1.));
#3176=DIRECTION('center_axis',(0.,0.,1.));
#3177=DIRECTION('ref_axis',(-1.,0.,0.));
#3178=DIRECTION('',(0.,0.,1.));
#3179=DIRECTION('center_axis',(0.,-1.,0.));
#3180=DIRECTION('ref_axis',(0.,0.,-1.));
#3181=DIRECTION('',(-1.,0.,0.));
#3182=DIRECTION('center_axis',(0.,0.,-1.));
#3183=DIRECTION('ref_axis',(1.83697019872103E-16,-1.,0.));
#3184=DIRECTION('',(0.,0.,-1.));
#3185=DIRECTION('',(0.,0.,1.));
#3186=DIRECTION('center_axis',(0.,-1.,0.));
#3187=DIRECTION('ref_axis',(0.,0.,-1.));
#3188=DIRECTION('center_axis',(-1.,0.,0.));
#3189=DIRECTION('ref_axis',(0.,-1.,0.));
#3190=DIRECTION('',(0.,0.,1.));
#3191=DIRECTION('',(0.,-1.,0.));
#3192=DIRECTION('center_axis',(1.,0.,-1.25804308739395E-16));
#3193=DIRECTION('ref_axis',(1.25804308739395E-16,0.,1.));
#3194=DIRECTION('',(1.25804308739395E-16,0.,1.));
#3195=DIRECTION('',(0.,-1.,0.));
#3196=DIRECTION('',(1.25804308739395E-16,0.,1.));
#3197=DIRECTION('center_axis',(0.,0.,1.));
#3198=DIRECTION('ref_axis',(-1.,0.,0.));
#3199=DIRECTION('center_axis',(0.,0.,1.));
#3200=DIRECTION('ref_axis',(-1.,0.,0.));
#3201=DIRECTION('center_axis',(0.,0.,1.));
#3202=DIRECTION('ref_axis',(-1.,0.,0.));
#3203=DIRECTION('center_axis',(0.,0.,1.));
#3204=DIRECTION('ref_axis',(-1.,0.,0.));
#3205=DIRECTION('center_axis',(0.,0.,1.));
#3206=DIRECTION('ref_axis',(-1.,0.,0.));
#3207=DIRECTION('center_axis',(0.,0.,1.));
#3208=DIRECTION('ref_axis',(-1.,0.,0.));
#3209=DIRECTION('',(-1.,0.,0.));
#3210=DIRECTION('',(0.,-1.,0.));
#3211=DIRECTION('center_axis',(0.,0.,1.));
#3212=DIRECTION('ref_axis',(-1.,0.,0.));
#3213=DIRECTION('',(-1.,0.,0.));
#3214=DIRECTION('',(0.,-1.,0.));
#3215=DIRECTION('',(-1.,0.,0.));
#3216=DIRECTION('center_axis',(0.,0.,1.));
#3217=DIRECTION('ref_axis',(-1.,0.,0.));
#3218=DIRECTION('',(0.,-1.,0.));
#3219=DIRECTION('center_axis',(0.,-1.,0.));
#3220=DIRECTION('ref_axis',(-1.,0.,0.));
#3221=DIRECTION('center_axis',(0.,-1.,0.));
#3222=DIRECTION('ref_axis',(-1.,0.,0.));
#3223=DIRECTION('center_axis',(0.,1.,0.));
#3224=DIRECTION('ref_axis',(-1.,0.,0.));
#3225=DIRECTION('center_axis',(0.,1.,0.));
#3226=DIRECTION('ref_axis',(-1.,0.,0.));
#3227=DIRECTION('center_axis',(0.,1.,0.));
#3228=DIRECTION('ref_axis',(-1.,0.,0.));
#3229=DIRECTION('center_axis',(0.,-1.,0.));
#3230=DIRECTION('ref_axis',(-1.,0.,0.));
#3231=DIRECTION('center_axis',(0.,-1.,0.));
#3232=DIRECTION('ref_axis',(-1.,0.,0.));
#3233=DIRECTION('center_axis',(0.,1.73472347597681E-18,1.));
#3234=DIRECTION('ref_axis',(1.23259516440783E-32,-1.,1.73472347597681E-18));
#3235=DIRECTION('',(-5.89645985443967E-51,-1.,1.73472347597681E-18));
#3236=DIRECTION('',(-1.,0.,0.));
#3237=DIRECTION('',(-0.707106781186548,0.707106781186548,-1.2266347333467E-18));
#3238=DIRECTION('',(0.,-1.,0.));
#3239=DIRECTION('center_axis',(0.,-1.73472347597681E-18,-1.));
#3240=DIRECTION('ref_axis',(-1.23259516440783E-32,1.,-1.73472347597681E-18));
#3241=DIRECTION('',(-1.,0.,0.));
#3242=DIRECTION('',(0.,1.,-1.73472347597681E-18));
#3243=DIRECTION('',(0.,-1.,0.));
#3244=DIRECTION('',(0.707106781186548,-0.707106781186548,1.2266347333467E-18));
#3245=DIRECTION('',(1.,0.,0.));
#3246=DIRECTION('',(5.89645985443967E-51,1.,-1.73472347597681E-18));
#3247=DIRECTION('center_axis',(-1.,0.,0.));
#3248=DIRECTION('ref_axis',(0.,0.,-1.));
#3249=DIRECTION('',(0.,0.,1.));
#3250=DIRECTION('',(0.,-1.,0.));
#3251=DIRECTION('',(0.,1.,0.));
#3252=DIRECTION('',(0.,0.,1.));
#3253=DIRECTION('',(0.,-1.,0.));
#3254=DIRECTION('center_axis',(0.,-1.,0.));
#3255=DIRECTION('ref_axis',(0.707106781186547,0.,0.707106781186547));
#3256=DIRECTION('center_axis',(-0.707106781186548,-0.707106781186548,0.));
#3257=DIRECTION('ref_axis',(0.707106781186547,-0.707106781186547,0.));
#3258=DIRECTION('center_axis',(0.,-0.707106781186548,-0.707106781186548));
#3259=DIRECTION('ref_axis',(0.,-0.707106781186547,0.707106781186547));
#3260=DIRECTION('',(0.,-1.,0.));
#3261=DIRECTION('center_axis',(0.707106781186548,0.707106781186548,0.));
#3262=DIRECTION('ref_axis',(0.,0.,-1.));
#3263=DIRECTION('',(-0.577350269189626,0.577350269189626,-0.577350269189626));
#3264=DIRECTION('center_axis',(0.,-1.,0.));
#3265=DIRECTION('ref_axis',(0.,0.,-1.));
#3266=DIRECTION('',(3.39907768361723E-33,0.,-1.));
#3267=DIRECTION('',(-1.,0.,0.));
#3268=DIRECTION('',(0.,0.,1.));
#3269=DIRECTION('',(-1.,0.,0.));
#3270=DIRECTION('',(0.,0.,1.));
#3271=DIRECTION('',(1.,0.,0.));
#3272=DIRECTION('center_axis',(0.,1.,0.));
#3273=DIRECTION('ref_axis',(1.,0.,0.));
#3274=DIRECTION('center_axis',(1.,0.,3.39907768361723E-33));
#3275=DIRECTION('ref_axis',(3.39907768361723E-33,-5.55111512312578E-17,
-1.));
#3276=DIRECTION('',(-3.39907768361723E-33,0.,1.));
#3277=DIRECTION('',(0.,1.,0.));
#3278=DIRECTION('center_axis',(0.,0.,-1.));
#3279=DIRECTION('ref_axis',(1.,0.,0.));
#3280=DIRECTION('',(0.,-1.,0.));
#3281=DIRECTION('',(0.,-1.,0.));
#3282=DIRECTION('center_axis',(-1.,0.,0.));
#3283=DIRECTION('ref_axis',(0.,0.,1.));
#3284=DIRECTION('',(0.,-1.,0.));
#3285=DIRECTION('',(0.,0.,-1.));
#3286=DIRECTION('',(0.,0.707106781186547,-0.707106781186547));
#3287=DIRECTION('',(0.,-1.,0.));
#3288=DIRECTION('center_axis',(0.,0.,1.));
#3289=DIRECTION('ref_axis',(1.,0.,0.));
#3290=DIRECTION('',(-1.,0.,0.));
#3291=DIRECTION('',(0.,-1.,0.));
#3292=DIRECTION('center_axis',(1.,0.,3.39907768361723E-33));
#3293=DIRECTION('ref_axis',(3.39907768361723E-33,-5.55111512312578E-17,
-1.));
#3294=DIRECTION('',(0.,-0.707106781186548,0.707106781186548));
#3295=DIRECTION('center_axis',(0.,0.,-1.));
#3296=DIRECTION('ref_axis',(-1.,-6.12323399573676E-17,0.));
#3297=DIRECTION('',(1.,0.,0.));
#3298=DIRECTION('center_axis',(0.,-1.,0.));
#3299=DIRECTION('ref_axis',(1.,0.,0.));
#3300=DIRECTION('center_axis',(0.,1.,0.));
#3301=DIRECTION('ref_axis',(1.,0.,0.));
#3302=DIRECTION('center_axis',(0.,1.,0.));
#3303=DIRECTION('ref_axis',(1.,0.,0.));
#3304=DIRECTION('',(0.,1.,0.));
#3305=DIRECTION('center_axis',(0.,0.,1.));
#3306=DIRECTION('ref_axis',(-1.,0.,0.));
#3307=DIRECTION('',(0.,-1.,0.));
#3308=DIRECTION('center_axis',(0.,0.,1.));
#3309=DIRECTION('ref_axis',(1.,0.,0.));
#3310=DIRECTION('',(1.,0.,0.));
#3311=DIRECTION('',(0.,1.,0.));
#3312=DIRECTION('center_axis',(0.,1.,0.));
#3313=DIRECTION('ref_axis',(0.,0.,1.));
#3314=DIRECTION('',(-1.,0.,0.));
#3315=DIRECTION('',(0.,0.,-1.));
#3316=DIRECTION('center_axis',(0.,1.,0.));
#3317=DIRECTION('ref_axis',(1.,0.,0.));
#3318=DIRECTION('center_axis',(0.,0.,-1.));
#3319=DIRECTION('ref_axis',(-1.,0.,0.));
#3320=DIRECTION('',(0.,-1.,0.));
#3321=DIRECTION('center_axis',(0.,-1.,0.));
#3322=DIRECTION('ref_axis',(1.,0.,0.));
#3323=DIRECTION('center_axis',(0.,1.,0.));
#3324=DIRECTION('ref_axis',(1.,0.,0.));
#3325=DIRECTION('center_axis',(0.,1.,0.));
#3326=DIRECTION('ref_axis',(1.,0.,0.));
#3327=DIRECTION('',(0.,1.,0.));
#3328=DIRECTION('center_axis',(1.,0.,0.));
#3329=DIRECTION('ref_axis',(0.,0.,-1.));
#3330=DIRECTION('',(0.,1.,0.));
#3331=DIRECTION('',(0.,-1.,0.));
#3332=DIRECTION('',(0.,0.,-1.));
#3333=DIRECTION('center_axis',(0.,0.,-1.));
#3334=DIRECTION('ref_axis',(-1.,0.,0.));
#3335=DIRECTION('',(0.,1.,0.));
#3336=DIRECTION('',(0.,-1.,0.));
#3337=DIRECTION('',(-1.,0.,0.));
#3338=DIRECTION('center_axis',(0.,-1.,0.));
#3339=DIRECTION('ref_axis',(0.707106781186547,0.,-0.707106781186547));
#3340=DIRECTION('center_axis',(0.,-0.707106781186548,0.707106781186548));
#3341=DIRECTION('ref_axis',(0.,-0.707106781186547,-0.707106781186547));
#3342=DIRECTION('center_axis',(-0.707106781186548,-0.707106781186548,0.));
#3343=DIRECTION('ref_axis',(0.707106781186547,-0.707106781186547,0.));
#3344=DIRECTION('center_axis',(0.707106781186548,0.707106781186548,0.));
#3345=DIRECTION('ref_axis',(0.,0.,-1.));
#3346=DIRECTION('center_axis',(-0.707106781186548,-0.707106781186548,0.));
#3347=DIRECTION('ref_axis',(0.707106781186547,-0.707106781186547,0.));
#3348=DIRECTION('',(-0.577350269189626,0.577350269189626,0.577350269189626));
#3349=DIRECTION('',(0.,0.,1.));
#3350=DIRECTION('center_axis',(0.,0.,1.));
#3351=DIRECTION('ref_axis',(1.,0.,0.));
#3352=DIRECTION('',(1.,0.,0.));
#3353=DIRECTION('',(0.,1.,0.));
#3354=DIRECTION('center_axis',(0.,-1.,0.));
#3355=DIRECTION('ref_axis',(0.707106781186547,0.,0.707106781186547));
#3356=DIRECTION('center_axis',(1.,6.12323399573677E-17,0.));
#3357=DIRECTION('ref_axis',(-6.12323399573677E-17,1.,0.));
#3358=DIRECTION('center_axis',(-1.,-6.12323399573677E-17,0.));
#3359=DIRECTION('ref_axis',(0.,1.,0.));
#3360=DIRECTION('center_axis',(-1.,0.,0.));
#3361=DIRECTION('ref_axis',(0.,-1.,0.));
#3362=DIRECTION('center_axis',(-1.,0.,0.));
#3363=DIRECTION('ref_axis',(0.,-1.,0.));
#3364=DIRECTION('center_axis',(1.,0.,0.));
#3365=DIRECTION('ref_axis',(0.,1.,0.));
#3366=DIRECTION('',(1.,0.,0.));
#3367=DIRECTION('center_axis',(-1.,0.,0.));
#3368=DIRECTION('ref_axis',(0.,1.,0.));
#3369=DIRECTION('center_axis',(1.,0.,0.));
#3370=DIRECTION('ref_axis',(0.,-1.,0.));
#3371=DIRECTION('',(1.,0.,0.));
#3372=DIRECTION('center_axis',(-1.,0.,0.));
#3373=DIRECTION('ref_axis',(0.,-1.,0.));
#3374=DIRECTION('center_axis',(1.,0.,0.));
#3375=DIRECTION('ref_axis',(0.,-1.,0.));
#3376=DIRECTION('',(1.,0.,0.));
#3377=DIRECTION('center_axis',(1.,0.,0.));
#3378=DIRECTION('ref_axis',(0.,-1.,0.));
#3379=DIRECTION('',(1.,0.,0.));
#3380=DIRECTION('center_axis',(0.,-1.,0.));
#3381=DIRECTION('ref_axis',(-0.707106781186547,0.,0.707106781186547));
#3382=DIRECTION('center_axis',(0.,-0.707106781186548,-0.707106781186548));
#3383=DIRECTION('ref_axis',(0.,-0.707106781186547,0.707106781186547));
#3384=DIRECTION('center_axis',(0.707106781186548,-0.707106781186548,0.));
#3385=DIRECTION('ref_axis',(-0.707106781186547,-0.707106781186547,0.));
#3386=DIRECTION('',(0.,-1.,0.));
#3387=DIRECTION('center_axis',(-1.,0.,0.));
#3388=DIRECTION('ref_axis',(0.,0.,1.));
#3389=DIRECTION('',(0.,0.,1.));
#3390=DIRECTION('',(0.,1.,0.));
#3391=DIRECTION('',(0.,1.,0.));
#3392=DIRECTION('',(0.,0.,1.));
#3393=DIRECTION('',(0.,-1.,0.));
#3394=DIRECTION('center_axis',(-0.707106781186548,0.707106781186548,0.));
#3395=DIRECTION('ref_axis',(0.,0.,1.));
#3396=DIRECTION('',(-0.577350269189626,-0.577350269189626,0.577350269189626));
#3397=DIRECTION('',(0.,0.,-1.));
#3398=DIRECTION('',(-0.577350269189626,-0.577350269189626,-0.577350269189626));
#3399=DIRECTION('center_axis',(0.707106781186548,-0.707106781186548,0.));
#3400=DIRECTION('ref_axis',(-0.707106781186547,-0.707106781186547,0.));
#3401=DIRECTION('center_axis',(0.,-1.,0.));
#3402=DIRECTION('ref_axis',(1.,0.,0.));
#3403=DIRECTION('',(1.,0.,0.));
#3404=DIRECTION('',(-1.,0.,0.));
#3405=DIRECTION('center_axis',(0.,1.,0.));
#3406=DIRECTION('ref_axis',(1.,0.,0.));
#3407=DIRECTION('center_axis',(0.,1.,0.));
#3408=DIRECTION('ref_axis',(1.,0.,0.));
#3409=DIRECTION('',(0.,1.,0.));
#3410=DIRECTION('center_axis',(0.,1.,0.));
#3411=DIRECTION('ref_axis',(1.,0.,0.));
#3412=DIRECTION('center_axis',(0.,-1.,0.));
#3413=DIRECTION('ref_axis',(1.,0.,0.));
#3414=DIRECTION('center_axis',(0.,0.,-1.));
#3415=DIRECTION('ref_axis',(-1.,0.,0.));
#3416=DIRECTION('',(0.,-1.,0.));
#3417=DIRECTION('',(-1.,0.,0.));
#3418=DIRECTION('center_axis',(0.,0.,1.));
#3419=DIRECTION('ref_axis',(1.,0.,0.));
#3420=DIRECTION('',(0.,1.,0.));
#3421=DIRECTION('',(1.,0.,0.));
#3422=DIRECTION('center_axis',(0.,1.,0.));
#3423=DIRECTION('ref_axis',(0.,0.,1.));
#3424=DIRECTION('',(0.,0.,-1.));
#3425=DIRECTION('center_axis',(1.,0.,0.));
#3426=DIRECTION('ref_axis',(0.,0.,1.));
#3427=DIRECTION('center_axis',(0.,0.707106781186548,0.707106781186548));
#3428=DIRECTION('ref_axis',(1.,0.,0.));
#3429=DIRECTION('center_axis',(0.,-1.,0.));
#3430=DIRECTION('ref_axis',(-0.707106781186547,0.,-0.707106781186547));
#3431=DIRECTION('center_axis',(0.,-0.707106781186548,0.707106781186548));
#3432=DIRECTION('ref_axis',(0.,-0.707106781186547,-0.707106781186547));
#3433=DIRECTION('center_axis',(0.,0.707106781186548,-0.707106781186548));
#3434=DIRECTION('ref_axis',(-1.,0.,0.));
#3435=CARTESIAN_POINT('',(0.,0.,0.));
#3436=CARTESIAN_POINT('Origin',(-39.2852835673237,-36.0000005364418,-23.0000003427267));
#3437=CARTESIAN_POINT('',(-40.8867124406638,-34.5000005364418,-23.0000003427267));
#3438=CARTESIAN_POINT('Origin',(-40.8867124406638,-36.0000005364418,-23.0000003427267));
#3439=CARTESIAN_POINT('',(-42.8862835673237,-34.5000005364418,-23.0000003427267));
#3440=CARTESIAN_POINT('',(-39.2852835673237,-34.5000005364418,-23.0000003427267));
#3441=CARTESIAN_POINT('Origin',(-42.8862835673237,-36.0000005364418,-23.0000003427267));
#3442=CARTESIAN_POINT('Origin',(43.4207164326763,-36.0000005364418,-23.0000003427267));
#3443=CARTESIAN_POINT('',(43.4207164326763,-34.5000005364418,-23.0000003427267));
#3444=CARTESIAN_POINT('Origin',(43.4207164326763,-36.0000005364418,-23.0000003427267));
#3445=CARTESIAN_POINT('Origin',(-39.2852835673237,-36.0000005364418,-23.0000003427267));
#3446=CARTESIAN_POINT('',(41.4206819942639,-34.5000005364418,-23.0000003427267));
#3447=CARTESIAN_POINT('',(-39.2852835673237,-34.5000005364418,-23.0000003427267));
#3448=CARTESIAN_POINT('Origin',(41.4206819942639,-36.0000005364418,-23.0000003427267));
#3449=CARTESIAN_POINT('Origin',(-42.8862835673237,-36.0000005364418,-23.0000003427267));
#3450=CARTESIAN_POINT('Origin',(-39.2852835673237,-36.0000005364418,12.0000001788139));
#3451=CARTESIAN_POINT('',(-40.8867124406638,-34.5000005364418,12.0000001788139));
#3452=CARTESIAN_POINT('Origin',(-40.8867124406638,-36.0000005364418,12.0000001788139));
#3453=CARTESIAN_POINT('',(-42.8862835673237,-34.5000005364418,12.0000001788139));
#3454=CARTESIAN_POINT('',(-39.2852835673237,-34.5000005364418,12.0000001788139));
#3455=CARTESIAN_POINT('Origin',(-42.8862835673237,-36.0000005364418,12.0000001788139));
#3456=CARTESIAN_POINT('Origin',(43.4207164326763,-36.0000005364418,12.0000001788139));
#3457=CARTESIAN_POINT('',(43.4207164326763,-34.5000005364418,12.0000001788139));
#3458=CARTESIAN_POINT('Origin',(43.4207164326763,-36.0000005364418,12.0000001788139));
#3459=CARTESIAN_POINT('Origin',(-39.2852835673237,-36.0000005364418,12.0000001788139));
#3460=CARTESIAN_POINT('',(41.4206819942639,-34.5000005364418,12.0000001788139));
#3461=CARTESIAN_POINT('',(-39.2852835673237,-34.5000005364418,12.0000001788139));
#3462=CARTESIAN_POINT('Origin',(41.4206819942639,-36.0000005364418,12.0000001788139));
#3463=CARTESIAN_POINT('Origin',(-42.8862835673237,-36.0000005364418,12.0000001788139));
#3464=CARTESIAN_POINT('Origin',(0.,-38.0019237886467,-5.45));
#3465=CARTESIAN_POINT('',(-40.8867124406638,-38.0019237886467,19.8567564159071));
#3466=CARTESIAN_POINT('',(-9.62749099731446,-38.0019237886467,19.8567564159071));
#3467=CARTESIAN_POINT('',(-40.8867124406638,-38.0019237886467,19.8567564159071));
#3468=CARTESIAN_POINT('',(-9.62749099731446,-38.0019237886467,27.1));
#3469=CARTESIAN_POINT('',(-9.62749099731446,-38.0019237886467,10.825));
#3470=CARTESIAN_POINT('',(40.3725090026855,-38.0019237886467,27.1));
#3471=CARTESIAN_POINT('',(20.1862545013428,-38.0019237886467,27.1));
#3472=CARTESIAN_POINT('',(40.3725090026855,-38.0019237886467,24.1));
#3473=CARTESIAN_POINT('',(40.3725090026855,-38.0019237886467,7.20337820795356));
#3474=CARTESIAN_POINT('',(46.1803398874989,-38.0019237886467,24.1));
#3475=CARTESIAN_POINT('',(22.6862545013428,-38.0019237886467,24.1));
#3476=CARTESIAN_POINT('',(35.,-38.0019237886467,29.1));
#3477=CARTESIAN_POINT('Origin',(35.,-38.0019237886467,14.1));
#3478=CARTESIAN_POINT('',(-35.,-38.0019237886467,29.1));
#3479=CARTESIAN_POINT('',(50.,-38.0019237886467,29.1));
#3480=CARTESIAN_POINT('',(-50.,-38.0019237886467,14.1));
#3481=CARTESIAN_POINT('Origin',(-35.,-38.0019237886467,14.1));
#3482=CARTESIAN_POINT('',(-50.,-38.0019237886467,0.));
#3483=CARTESIAN_POINT('',(-50.,-38.0019237886467,29.1));
#3484=CARTESIAN_POINT('',(-40.8867124406638,-38.0019237886467,0.));
#3485=CARTESIAN_POINT('',(-25.,-38.0019237886467,0.));
#3486=CARTESIAN_POINT('',(-40.8867124406638,-38.0019237886467,-5.45));
#3487=CARTESIAN_POINT('Origin',(0.,-38.0019237886467,-5.45));
#3488=CARTESIAN_POINT('',(-50.,-38.0019237886467,-25.));
#3489=CARTESIAN_POINT('',(-35.,-38.0019237886467,-40.));
#3490=CARTESIAN_POINT('Origin',(-35.,-38.0019237886467,-25.));
#3491=CARTESIAN_POINT('',(35.,-38.0019237886467,-40.));
#3492=CARTESIAN_POINT('',(-50.,-38.0019237886467,-40.));
#3493=CARTESIAN_POINT('',(50.,-38.0019237886467,-25.));
#3494=CARTESIAN_POINT('Origin',(35.,-38.0019237886467,-25.));
#3495=CARTESIAN_POINT('',(50.,-38.0019237886467,-10.7602824700444));
#3496=CARTESIAN_POINT('',(50.,-38.0019237886467,-40.));
#3497=CARTESIAN_POINT('',(41.4206819942639,-38.0019237886467,-10.7602824700444));
#3498=CARTESIAN_POINT('',(25.,-38.0019237886467,-10.7602824700444));
#3499=CARTESIAN_POINT('',(41.4206819942639,-38.0019237886467,-30.9024076039198));
#3500=CARTESIAN_POINT('',(41.4206819942639,-38.0019237886467,19.8567564159071));
#3501=CARTESIAN_POINT('',(-40.8867124406638,-38.0019237886467,-30.9024076039198));
#3502=CARTESIAN_POINT('',(41.4206819942639,-38.0019237886467,-30.9024076039198));
#3503=CARTESIAN_POINT('',(-40.8867124406638,-38.0019237886467,-10.7602824700444));
#3504=CARTESIAN_POINT('',(-40.8867124406638,-38.0019237886467,-5.45));
#3505=CARTESIAN_POINT('',(-50.,-38.0019237886467,-10.7602824700444));
#3506=CARTESIAN_POINT('',(25.,-38.0019237886467,-10.7602824700444));
#3507=CARTESIAN_POINT('',(-50.,-38.0019237886467,29.1));
#3508=CARTESIAN_POINT('Origin',(0.,-38.0019237886467,-5.45));
#3509=CARTESIAN_POINT('',(49.142135623731,-38.0019237886467,19.1));
#3510=CARTESIAN_POINT('',(41.4206819942639,-38.0019237886467,19.1));
#3511=CARTESIAN_POINT('',(22.6862545013428,-38.0019237886467,19.1));
#3512=CARTESIAN_POINT('',(41.4206819942639,-38.0019237886467,0.));
#3513=CARTESIAN_POINT('',(41.4206819942639,-38.0019237886467,19.8567564159071));
#3514=CARTESIAN_POINT('',(50.,-38.0019237886467,0.));
#3515=CARTESIAN_POINT('',(-25.,-38.0019237886467,0.));
#3516=CARTESIAN_POINT('',(50.,-38.0019237886467,14.1));
#3517=CARTESIAN_POINT('',(50.,-38.0019237886467,-40.));
#3518=CARTESIAN_POINT('Origin',(35.,-38.0019237886467,14.1));
#3519=CARTESIAN_POINT('Origin',(43.4205391777976,-30.5,-23.129713917217));
#3520=CARTESIAN_POINT('',(43.4205391777976,-32.,-23.129713917217));
#3521=CARTESIAN_POINT('Origin',(43.4205391777976,-30.5,-23.129713917217));
#3522=CARTESIAN_POINT('Origin',(43.4206862575642,-30.5,12.1));
#3523=CARTESIAN_POINT('',(43.4206862575642,-29.,12.1));
#3524=CARTESIAN_POINT('Origin',(43.4206862575642,-30.5,12.1));
#3525=CARTESIAN_POINT('Origin',(13.1975391777976,-30.5,-23.129713917217));
#3526=CARTESIAN_POINT('',(41.4206819942639,-32.,-23.129713917217));
#3527=CARTESIAN_POINT('Origin',(41.4206819942639,-30.5,-23.129713917217));
#3528=CARTESIAN_POINT('',(13.1975391777976,-32.,-23.129713917217));
#3529=CARTESIAN_POINT('Origin',(-12.1103137424358,-30.5,12.1));
#3530=CARTESIAN_POINT('',(41.4206819942639,-29.,12.1));
#3531=CARTESIAN_POINT('Origin',(41.4206819942639,-30.5,12.1));
#3532=CARTESIAN_POINT('',(-12.1103137424358,-29.,12.1));
#3533=CARTESIAN_POINT('Origin',(-35.,-30.,-35.));
#3534=CARTESIAN_POINT('',(-35.,-28.5,-35.));
#3535=CARTESIAN_POINT('Origin',(-35.,-30.,-35.));
#3536=CARTESIAN_POINT('Origin',(-35.,-30.,25.));
#3537=CARTESIAN_POINT('',(-35.,-28.5,25.));
#3538=CARTESIAN_POINT('Origin',(-35.,-30.,25.));
#3539=CARTESIAN_POINT('Origin',(30.,-3.21508079986924E-16,-20.9));
#3540=CARTESIAN_POINT('',(7.31026675299883,16.9980762113533,-20.9));
#3541=CARTESIAN_POINT('',(7.31026675299883,9.2,-20.9));
#3542=CARTESIAN_POINT('',(7.31026675299883,16.9980762113533,-20.9));
#3543=CARTESIAN_POINT('',(45.1,16.9980762113533,-20.9));
#3544=CARTESIAN_POINT('',(24.7,16.9980762113533,-20.9));
#3545=CARTESIAN_POINT('',(45.1,-16.9980762113533,-20.9));
#3546=CARTESIAN_POINT('',(45.1,-9.97997995989972,-20.9));
#3547=CARTESIAN_POINT('',(7.31026675299883,-16.9980762113533,-20.9));
#3548=CARTESIAN_POINT('',(24.7,-16.9980762113533,-20.9));
#3549=CARTESIAN_POINT('',(7.31026675299883,-9.20000000000001,-20.9));
#3550=CARTESIAN_POINT('',(7.31026675299883,16.9980762113533,-20.9));
#3551=CARTESIAN_POINT('',(13.45,-9.2,-20.9));
#3552=CARTESIAN_POINT('',(0.1,-9.20000000000001,-20.9));
#3553=CARTESIAN_POINT('',(13.45,-10.1,-20.9));
#3554=CARTESIAN_POINT('',(13.45,-10.1,-20.9));
#3555=CARTESIAN_POINT('',(18.45,-10.1,-20.9));
#3556=CARTESIAN_POINT('',(18.45,-10.1,-20.9));
#3557=CARTESIAN_POINT('',(18.45,-6.50000000000001,-20.9));
#3558=CARTESIAN_POINT('',(18.45,-9.2,-20.9));
#3559=CARTESIAN_POINT('',(21.1193661730973,-6.50000000000001,-20.9));
#3560=CARTESIAN_POINT('',(38.3434297626248,-6.50000000000001,-20.9));
#3561=CARTESIAN_POINT('',(24.7,-9.64498093142382,-20.9));
#3562=CARTESIAN_POINT('Origin',(30.,1.53080849893419E-15,-20.9));
#3563=CARTESIAN_POINT('',(40.1,-9.64498093142382,-20.9));
#3564=CARTESIAN_POINT('',(24.7,-9.64498093142382,-20.9));
#3565=CARTESIAN_POINT('',(40.1,9.64498093142383,-20.9));
#3566=CARTESIAN_POINT('',(40.1,16.9980762113533,-20.9));
#3567=CARTESIAN_POINT('',(24.7,9.64498093142383,-20.9));
#3568=CARTESIAN_POINT('',(24.7,9.64498093142383,-20.9));
#3569=CARTESIAN_POINT('',(21.1193661730973,6.50000000000001,-20.9));
#3570=CARTESIAN_POINT('Origin',(30.,1.53080849893419E-15,-20.9));
#3571=CARTESIAN_POINT('',(18.45,6.50000000000001,-20.9));
#3572=CARTESIAN_POINT('',(38.3434297626248,6.50000000000001,-20.9));
#3573=CARTESIAN_POINT('',(18.45,10.1,-20.9));
#3574=CARTESIAN_POINT('',(18.45,9.2,-20.9));
#3575=CARTESIAN_POINT('',(13.45,10.1,-20.9));
#3576=CARTESIAN_POINT('',(18.45,10.1,-20.9));
#3577=CARTESIAN_POINT('',(13.45,9.2,-20.9));
#3578=CARTESIAN_POINT('',(13.45,10.1,-20.9));
#3579=CARTESIAN_POINT('',(0.1,9.2,-20.9));
#3580=CARTESIAN_POINT('',(21.6463159054534,10.9980762113533,-20.9));
#3581=CARTESIAN_POINT('',(21.7536840945466,10.9980762113533,-20.9));
#3582=CARTESIAN_POINT('Origin',(21.7,10.25,-20.9));
#3583=CARTESIAN_POINT('',(24.7,10.9980762113533,-20.9));
#3584=CARTESIAN_POINT('',(21.7536840945467,-10.9980762113533,-20.9));
#3585=CARTESIAN_POINT('',(21.6463159054533,-10.9980762113533,-20.9));
#3586=CARTESIAN_POINT('Origin',(21.7,-10.25,-20.9));
#3587=CARTESIAN_POINT('',(24.7,-10.9980762113533,-20.9));
#3588=CARTESIAN_POINT('Origin',(-9.8,-0.00192378864669607,-18.4));
#3589=CARTESIAN_POINT('',(-9.8,16.9980762113533,9.49862062404558));
#3590=CARTESIAN_POINT('',(-9.8,-17.0019237886467,9.49862062404558));
#3591=CARTESIAN_POINT('',(-9.8,16.9980762113533,9.49862062404558));
#3592=CARTESIAN_POINT('',(-9.8,-17.0019237886467,14.4));
#3593=CARTESIAN_POINT('',(-9.8,-17.0019237886467,-11.925));
#3594=CARTESIAN_POINT('',(-9.8,16.9980762113533,14.4));
#3595=CARTESIAN_POINT('',(-9.8,-0.00192378864669496,14.4));
#3596=CARTESIAN_POINT('',(-9.8,16.9980762113533,-15.9));
#3597=CARTESIAN_POINT('Origin',(8.71391636523591,31.9980762113533,-16.9936769416086));
#3598=CARTESIAN_POINT('',(10.7139163652359,31.9980762113533,-16.9936769416086));
#3599=CARTESIAN_POINT('Origin',(8.71391636523591,31.9980762113533,-16.9936769416086));
#3600=CARTESIAN_POINT('',(10.7139163652359,26.9980762113533,-16.9936769416086));
#3601=CARTESIAN_POINT('',(10.7139163652359,31.9980762113533,-16.9936769416086));
#3602=CARTESIAN_POINT('Origin',(8.71391636523591,26.9980762113533,-16.9936769416086));
#3603=CARTESIAN_POINT('Origin',(14.0994128540757,31.9980762113533,-0.418823058391404));
#3604=CARTESIAN_POINT('',(16.0994128540757,31.9980762113533,-0.418823058391405));
#3605=CARTESIAN_POINT('Origin',(14.0994128540757,31.9980762113533,-0.418823058391404));
#3606=CARTESIAN_POINT('',(16.0994128540757,26.9980762113533,-0.418823058391405));
#3607=CARTESIAN_POINT('',(16.0994128540757,31.9980762113533,-0.418823058391404));
#3608=CARTESIAN_POINT('Origin',(14.0994128540757,26.9980762113533,-0.418823058391404));
#3609=CARTESIAN_POINT('Origin',(-8.71391636523591,31.9980762113533,-16.9936769416086));
#3610=CARTESIAN_POINT('',(-6.71391636523591,31.9980762113533,-16.9936769416086));
#3611=CARTESIAN_POINT('Origin',(-8.71391636523591,31.9980762113533,-16.9936769416086));
#3612=CARTESIAN_POINT('',(-6.71391636523591,26.9980762113533,-16.9936769416086));
#3613=CARTESIAN_POINT('',(-6.71391636523591,31.9980762113533,-16.9936769416086));
#3614=CARTESIAN_POINT('Origin',(-8.71391636523591,26.9980762113533,-16.9936769416086));
#3615=CARTESIAN_POINT('Origin',(0.,31.9980762113533,9.825));
#3616=CARTESIAN_POINT('',(2.,31.9980762113533,9.825));
#3617=CARTESIAN_POINT('Origin',(0.,31.9980762113533,9.825));
#3618=CARTESIAN_POINT('',(2.,26.9980762113533,9.825));
#3619=CARTESIAN_POINT('',(2.,31.9980762113533,9.825));
#3620=CARTESIAN_POINT('Origin',(0.,26.9980762113533,9.825));
#3621=CARTESIAN_POINT('Origin',(-14.0994128540757,31.9980762113533,-0.418823058391409));
#3622=CARTESIAN_POINT('',(-12.0994128540757,31.9980762113533,-0.41882305839141));
#3623=CARTESIAN_POINT('Origin',(-14.0994128540757,31.9980762113533,-0.418823058391409));
#3624=CARTESIAN_POINT('',(-12.0994128540756,26.9980762113533,-0.41882305839141));
#3625=CARTESIAN_POINT('',(-12.0994128540757,31.9980762113533,-0.418823058391409));
#3626=CARTESIAN_POINT('Origin',(-14.0994128540757,26.9980762113533,-0.418823058391409));
#3627=CARTESIAN_POINT('Origin',(0.,31.9980762113533,-5.));
#3628=CARTESIAN_POINT('',(17.5,31.9980762113533,-5.));
#3629=CARTESIAN_POINT('Origin',(0.,31.9980762113533,-5.));
#3630=CARTESIAN_POINT('Origin',(0.,26.9980762113533,-5.));
#3631=CARTESIAN_POINT('',(17.5,26.9980762113533,-5.));
#3632=CARTESIAN_POINT('Origin',(0.,26.9980762113533,-5.));
#3633=CARTESIAN_POINT('',(12.5,26.9980762113533,-5.));
#3634=CARTESIAN_POINT('Origin',(0.,26.9980762113533,-5.));
#3635=CARTESIAN_POINT('Origin',(0.,26.9980762113533,-5.));
#3636=CARTESIAN_POINT('',(17.5,26.9980762113533,-5.));
#3637=CARTESIAN_POINT('Origin',(0.,16.9980762113533,-5.));
#3638=CARTESIAN_POINT('',(12.5,16.9980762113533,-5.));
#3639=CARTESIAN_POINT('',(12.5,16.9980762113533,-5.));
#3640=CARTESIAN_POINT('Origin',(0.,16.9980762113533,-5.));
#3641=CARTESIAN_POINT('Origin',(-7.3,-0.000961894323348194,-18.4));
#3642=CARTESIAN_POINT('',(-9.8,-17.0019237886467,-18.4));
#3643=CARTESIAN_POINT('',(-7.3,-17.0019237886467,-20.9));
#3644=CARTESIAN_POINT('Origin',(-7.3,-17.0019237886467,-18.4));
#3645=CARTESIAN_POINT('',(-9.8,16.9980762113533,-18.4));
#3646=CARTESIAN_POINT('',(-9.8,-0.000961894323348034,-18.4));
#3647=CARTESIAN_POINT('',(-7.3,16.9980762113533,-20.9));
#3648=CARTESIAN_POINT('Origin',(-7.3,16.9980762113533,-18.4));
#3649=CARTESIAN_POINT('',(-7.3,-0.000961894323348034,-20.9));
#3650=CARTESIAN_POINT('Origin',(17.5,-17.0019237886467,-5.45));
#3651=CARTESIAN_POINT('',(-9.62749099731446,-17.0019237886467,10.1));
#3652=CARTESIAN_POINT('',(-4.8,-17.0019237886467,10.1));
#3653=CARTESIAN_POINT('',(10.1862545013428,-17.0019237886467,10.1));
#3654=CARTESIAN_POINT('',(-4.8,-17.0019237886467,14.4));
#3655=CARTESIAN_POINT('',(-4.8,-17.0019237886467,-15.9));
#3656=CARTESIAN_POINT('',(-9.62749099731446,-17.0019237886467,14.4));
#3657=CARTESIAN_POINT('',(6.425,-17.0019237886467,14.4));
#3658=CARTESIAN_POINT('',(-9.62749099731446,-17.0019237886467,2.325));
#3659=CARTESIAN_POINT('Origin',(-7.50000037252903,0.,19.1));
#3660=CARTESIAN_POINT('',(-6.00000037252903,-1.83697019872103E-16,14.4));
#3661=CARTESIAN_POINT('Origin',(-7.50000037252903,0.,14.4));
#3662=CARTESIAN_POINT('',(-6.00000037252903,1.83697019872103E-16,9.1));
#3663=CARTESIAN_POINT('',(-6.00000037252903,-1.83697019872103E-16,19.1));
#3664=CARTESIAN_POINT('Origin',(-7.50000037252903,0.,9.1));
#3665=CARTESIAN_POINT('Origin',(-7.50000037252903,0.,9.1));
#3666=CARTESIAN_POINT('Origin',(7.49999985098839,-15.0000002235174,19.1));
#3667=CARTESIAN_POINT('',(8.99999985098839,-15.0000002235174,14.4));
#3668=CARTESIAN_POINT('Origin',(7.49999985098839,-15.0000002235174,14.4));
#3669=CARTESIAN_POINT('',(8.99999985098839,-15.0000002235174,9.1));
#3670=CARTESIAN_POINT('',(8.99999985098839,-15.0000002235174,19.1));
#3671=CARTESIAN_POINT('Origin',(7.49999985098839,-15.0000002235174,9.1));
#3672=CARTESIAN_POINT('Origin',(7.49999985098839,-15.0000002235174,9.1));
#3673=CARTESIAN_POINT('Origin',(7.49999985098839,15.0000002235174,19.1));
#3674=CARTESIAN_POINT('',(8.99999985098839,15.0000002235174,14.4));
#3675=CARTESIAN_POINT('Origin',(7.49999985098839,15.0000002235174,14.4));
#3676=CARTESIAN_POINT('',(8.99999985098839,15.0000002235174,9.1));
#3677=CARTESIAN_POINT('',(8.99999985098839,15.0000002235174,19.1));
#3678=CARTESIAN_POINT('Origin',(7.49999985098839,15.0000002235174,9.1));
#3679=CARTESIAN_POINT('Origin',(7.49999985098839,15.0000002235174,9.1));
#3680=CARTESIAN_POINT('Origin',(24.7,-16.9980762113533,19.1));
#3681=CARTESIAN_POINT('',(24.7,-16.9980762113533,14.4));
#3682=CARTESIAN_POINT('',(24.7,-12.4,14.4));
#3683=CARTESIAN_POINT('',(24.7,-8.5,14.4));
#3684=CARTESIAN_POINT('',(24.7,-16.9980762113533,14.1));
#3685=CARTESIAN_POINT('',(24.7,-16.9980762113533,0.35));
#3686=CARTESIAN_POINT('',(24.7,-12.4,14.1));
#3687=CARTESIAN_POINT('',(24.7,-9.64498093142382,14.1));
#3688=CARTESIAN_POINT('',(24.7,-12.4,16.75));
#3689=CARTESIAN_POINT('Origin',(24.7,9.64498093142385,19.1));
#3690=CARTESIAN_POINT('',(24.7,12.4,14.4));
#3691=CARTESIAN_POINT('',(24.7,16.9980762113533,14.4));
#3692=CARTESIAN_POINT('',(24.7,4.82152857138857,14.4));
#3693=CARTESIAN_POINT('',(24.7,12.4,14.1));
#3694=CARTESIAN_POINT('',(24.7,12.4,16.75));
#3695=CARTESIAN_POINT('',(24.7,16.9980762113533,14.1));
#3696=CARTESIAN_POINT('',(24.7,16.9980762113533,14.1));
#3697=CARTESIAN_POINT('',(24.7,16.9980762113533,0.35));
#3698=CARTESIAN_POINT('Origin',(34.9,2.22044604925031E-15,14.1));
#3699=CARTESIAN_POINT('',(40.1803787727815,12.4,14.1));
#3700=CARTESIAN_POINT('',(14.8401893863907,12.4,14.1));
#3701=CARTESIAN_POINT('',(40.1803787727815,-12.4,14.1));
#3702=CARTESIAN_POINT('',(40.1803787727815,6.2,14.1));
#3703=CARTESIAN_POINT('',(37.5401893863907,-12.4,14.1));
#3704=CARTESIAN_POINT('',(45.1,-16.9980762113533,14.1));
#3705=CARTESIAN_POINT('',(22.425,-16.9980762113533,14.1));
#3706=CARTESIAN_POINT('',(45.1,16.9980762113533,14.1));
#3707=CARTESIAN_POINT('',(45.1,-4.82249046571191,14.1));
#3708=CARTESIAN_POINT('',(22.425,16.9980762113533,14.1));
#3709=CARTESIAN_POINT('Origin',(45.1,-9.64498093142382,-15.9));
#3710=CARTESIAN_POINT('',(45.1,-16.9980762113533,-15.9));
#3711=CARTESIAN_POINT('',(45.1,16.9980762113533,-15.9));
#3712=CARTESIAN_POINT('Origin',(9.95,-16.9980762113533,-18.4));
#3713=CARTESIAN_POINT('',(-4.8,-16.9980762113533,14.4));
#3714=CARTESIAN_POINT('',(13.8,-16.9980762113533,14.4));
#3715=CARTESIAN_POINT('',(-4.8,-16.9980762113533,-20.9));
#3716=CARTESIAN_POINT('',(-4.8,-16.9980762113533,-20.9));
#3717=CARTESIAN_POINT('',(8.63013337649941,-16.9980762113533,-20.9));
#3718=CARTESIAN_POINT('Origin',(40.1803787727815,-12.4,14.4));
#3719=CARTESIAN_POINT('',(40.1803787727815,-12.4,-10.6));
#3720=CARTESIAN_POINT('',(40.1803787727815,-12.4,14.4));
#3721=CARTESIAN_POINT('',(-5.21962122721852,-12.4,-10.6));
#3722=CARTESIAN_POINT('',(40.1803787727815,-12.4,-10.6));
#3723=CARTESIAN_POINT('',(-5.21962122721852,-12.4,14.4));
#3724=CARTESIAN_POINT('',(-5.21962122721852,-12.4,14.4));
#3725=CARTESIAN_POINT('',(40.1803787727815,-12.4,14.4));
#3726=CARTESIAN_POINT('Origin',(17.65,-0.00192378864669385,14.4));
#3727=CARTESIAN_POINT('',(13.8,16.9980762113533,14.4));
#3728=CARTESIAN_POINT('',(8.825,-17.0019237886467,14.4));
#3729=CARTESIAN_POINT('',(-4.8,-0.00192378864669496,14.4));
#3730=CARTESIAN_POINT('',(-5.21962122721852,12.4,14.4));
#3731=CARTESIAN_POINT('',(-5.21962122721852,-12.4,14.4));
#3732=CARTESIAN_POINT('',(-5.21962122721852,12.4,14.4));
#3733=CARTESIAN_POINT('Origin',(40.1803787727815,12.4,14.4));
#3734=CARTESIAN_POINT('',(40.1803787727815,12.4,-10.6));
#3735=CARTESIAN_POINT('',(40.1803787727815,12.4,14.4));
#3736=CARTESIAN_POINT('',(40.1803787727815,12.4,-10.6));
#3737=CARTESIAN_POINT('Origin',(-5.21962122721852,12.4,14.4));
#3738=CARTESIAN_POINT('',(-5.21962122721852,12.4,-10.6));
#3739=CARTESIAN_POINT('',(-5.21962122721852,12.4,14.4));
#3740=CARTESIAN_POINT('',(-5.21962122721852,12.4,-10.6));
#3741=CARTESIAN_POINT('Origin',(-5.21962122721852,-12.4,14.4));
#3742=CARTESIAN_POINT('',(-5.21962122721852,-12.4,-10.6));
#3743=CARTESIAN_POINT('Origin',(17.4803787727815,0.,-10.6));
#3744=CARTESIAN_POINT('',(21.7536840945466,10.9980762113533,-10.6));
#3745=CARTESIAN_POINT('',(21.6463159054534,10.9980762113533,-10.6));
#3746=CARTESIAN_POINT('',(13.7151893863907,10.9980762113533,-10.6));
#3747=CARTESIAN_POINT('Origin',(21.7,10.25,-10.6));
#3748=CARTESIAN_POINT('',(-2.74631590545339,10.9980762113533,-10.6));
#3749=CARTESIAN_POINT('',(-2.85368409454661,10.9980762113533,-10.6));
#3750=CARTESIAN_POINT('',(13.7151893863907,10.9980762113533,-10.6));
#3751=CARTESIAN_POINT('Origin',(-2.8,10.25,-10.6));
#3752=CARTESIAN_POINT('',(-2.8536840945467,-10.9980762113533,-10.6));
#3753=CARTESIAN_POINT('',(-2.7463159054533,-10.9980762113533,-10.6));
#3754=CARTESIAN_POINT('',(13.7151893863907,-10.9980762113533,-10.6));
#3755=CARTESIAN_POINT('Origin',(-2.8,-10.25,-10.6));
#3756=CARTESIAN_POINT('',(21.6463159054533,-10.9980762113533,-10.6));
#3757=CARTESIAN_POINT('',(21.7536840945467,-10.9980762113533,-10.6));
#3758=CARTESIAN_POINT('',(13.7151893863907,-10.9980762113533,-10.6));
#3759=CARTESIAN_POINT('Origin',(21.7,-10.25,-10.6));
#3760=CARTESIAN_POINT('',(-4.8,10.9980762113533,-10.6));
#3761=CARTESIAN_POINT('',(-4.8,10.8903124237433,-10.6));
#3762=CARTESIAN_POINT('',(-4.8,-0.000961894323348034,-10.6));
#3763=CARTESIAN_POINT('',(-4.7622390226492,10.9980762113533,-10.6));
#3764=CARTESIAN_POINT('',(13.7151893863907,10.9980762113533,-10.6));
#3765=CARTESIAN_POINT('Origin',(-2.8,10.25,-10.6));
#3766=CARTESIAN_POINT('',(-4.8,-10.8903124237433,-10.6));
#3767=CARTESIAN_POINT('',(-4.8,-10.9980762113533,-10.6));
#3768=CARTESIAN_POINT('',(-4.8,-0.000961894323348034,-10.6));
#3769=CARTESIAN_POINT('',(-4.76223902264921,-10.9980762113533,-10.6));
#3770=CARTESIAN_POINT('Origin',(-2.8,-10.25,-10.6));
#3771=CARTESIAN_POINT('',(13.7151893863907,-10.9980762113533,-10.6));
#3772=CARTESIAN_POINT('',(-4.8,9.60968757625671,-10.6));
#3773=CARTESIAN_POINT('',(-4.8,-9.60968757625671,-10.6));
#3774=CARTESIAN_POINT('',(-4.8,-0.000961894323348034,-10.6));
#3775=CARTESIAN_POINT('',(-4.7980762113533,9.6037094665524,-10.6));
#3776=CARTESIAN_POINT('Origin',(-2.8,10.25,-10.6));
#3777=CARTESIAN_POINT('',(-4.7980762114435,-9.60370946684141,-10.6));
#3778=CARTESIAN_POINT('',(-4.7980762113533,-4.80185473342071,-10.6));
#3779=CARTESIAN_POINT('Origin',(-2.8,-10.25,-10.6));
#3780=CARTESIAN_POINT('',(40.1,-9.64498093142382,-10.6));
#3781=CARTESIAN_POINT('',(40.1,9.64498093142383,-10.6));
#3782=CARTESIAN_POINT('',(40.1,8.49903810567665,-10.6));
#3783=CARTESIAN_POINT('',(24.7,-9.64498093142382,-10.6));
#3784=CARTESIAN_POINT('',(21.0901893863907,-9.64498093142382,-10.6));
#3785=CARTESIAN_POINT('',(21.1193661730973,-6.50000000000001,-10.6));
#3786=CARTESIAN_POINT('Origin',(30.,1.53080849893419E-15,-10.6));
#3787=CARTESIAN_POINT('',(18.45,-6.50000000000001,-10.6));
#3788=CARTESIAN_POINT('',(17.9651893863907,-6.50000000000001,-10.6));
#3789=CARTESIAN_POINT('',(18.45,-10.1,-10.6));
#3790=CARTESIAN_POINT('',(18.45,-5.05,-10.6));
#3791=CARTESIAN_POINT('',(13.45,-10.1,-10.6));
#3792=CARTESIAN_POINT('',(15.4651893863907,-10.1,-10.6));
#3793=CARTESIAN_POINT('',(13.45,-9.2,-10.6));
#3794=CARTESIAN_POINT('',(13.45,-4.6,-10.6));
#3795=CARTESIAN_POINT('',(0.1,-9.20000000000001,-10.6));
#3796=CARTESIAN_POINT('',(8.79018938639074,-9.20000000000001,-10.6));
#3797=CARTESIAN_POINT('',(0.1,9.2,-10.6));
#3798=CARTESIAN_POINT('',(0.1,4.6,-10.6));
#3799=CARTESIAN_POINT('',(13.45,9.2,-10.6));
#3800=CARTESIAN_POINT('',(15.4651893863907,9.2,-10.6));
#3801=CARTESIAN_POINT('',(13.45,10.1,-10.6));
#3802=CARTESIAN_POINT('',(13.45,5.05,-10.6));
#3803=CARTESIAN_POINT('',(18.45,10.1,-10.6));
#3804=CARTESIAN_POINT('',(17.9651893863907,10.1,-10.6));
#3805=CARTESIAN_POINT('',(18.45,6.50000000000001,-10.6));
#3806=CARTESIAN_POINT('',(18.45,3.25000000000001,-10.6));
#3807=CARTESIAN_POINT('',(21.1193661730973,6.50000000000001,-10.6));
#3808=CARTESIAN_POINT('',(19.2998724729394,6.50000000000001,-10.6));
#3809=CARTESIAN_POINT('',(24.7,9.64498093142383,-10.6));
#3810=CARTESIAN_POINT('Origin',(30.,1.53080849893419E-15,-10.6));
#3811=CARTESIAN_POINT('',(21.0901893863907,9.64498093142383,-10.6));
#3812=CARTESIAN_POINT('Origin',(13.45,9.2,-15.9));
#3813=CARTESIAN_POINT('',(0.100000000000002,9.2,-20.9));
#3814=CARTESIAN_POINT('',(0.1,9.2,-15.9));
#3815=CARTESIAN_POINT('',(10.3801333764994,9.2,-20.9));
#3816=CARTESIAN_POINT('',(13.45,9.2,-15.9));
#3817=CARTESIAN_POINT('Origin',(0.1,9.2,-15.9));
#3818=CARTESIAN_POINT('',(0.100000000000002,-9.20000000000001,-20.9));
#3819=CARTESIAN_POINT('',(0.1,-9.20000000000001,-15.9));
#3820=CARTESIAN_POINT('',(0.1,13.0990381056767,-20.9));
#3821=CARTESIAN_POINT('Origin',(0.1,-9.20000000000001,-15.9));
#3822=CARTESIAN_POINT('',(13.45,-9.2,-15.9));
#3823=CARTESIAN_POINT('',(3.70513337649941,-9.20000000000001,-20.9));
#3824=CARTESIAN_POINT('Origin',(13.45,10.1,-15.9));
#3825=CARTESIAN_POINT('',(13.45,10.1,-15.9));
#3826=CARTESIAN_POINT('Origin',(13.45,-9.2,-15.9));
#3827=CARTESIAN_POINT('',(13.45,-10.1,-15.9));
#3828=CARTESIAN_POINT('Origin',(18.45,10.1,-15.9));
#3829=CARTESIAN_POINT('',(18.45,10.1,-15.9));
#3830=CARTESIAN_POINT('Origin',(13.45,-10.1,-15.9));
#3831=CARTESIAN_POINT('',(18.45,-10.1,-15.9));
#3832=CARTESIAN_POINT('Origin',(18.45,6.50000000000001,-15.9));
#3833=CARTESIAN_POINT('',(18.45,6.50000000000001,-15.9));
#3834=CARTESIAN_POINT('Origin',(18.45,-10.1,-15.9));
#3835=CARTESIAN_POINT('',(18.45,-6.50000000000001,-15.9));
#3836=CARTESIAN_POINT('Origin',(21.1193661730973,6.50000000000001,-15.9));
#3837=CARTESIAN_POINT('',(21.1193661730973,6.50000000000001,-15.9));
#3838=CARTESIAN_POINT('Origin',(18.45,-6.50000000000001,-15.9));
#3839=CARTESIAN_POINT('',(21.1193661730973,-6.50000000000001,-15.9));
#3840=CARTESIAN_POINT('Origin',(30.,1.53080849893419E-15,-15.9));
#3841=CARTESIAN_POINT('',(24.7,9.64498093142383,-15.9));
#3842=CARTESIAN_POINT('Origin',(30.,1.53080849893419E-15,-15.9));
#3843=CARTESIAN_POINT('',(24.7,-9.64498093142382,-15.9));
#3844=CARTESIAN_POINT('Origin',(24.7,9.64498093142383,-15.9));
#3845=CARTESIAN_POINT('',(40.1,9.64498093142383,-15.9));
#3846=CARTESIAN_POINT('Origin',(24.7,-9.64498093142382,-20.9));
#3847=CARTESIAN_POINT('',(40.1,-9.64498093142382,-18.4));
#3848=CARTESIAN_POINT('Origin',(40.1,16.9980762113533,-15.9));
#3849=CARTESIAN_POINT('Origin',(-4.7980762113533,-9.60370946684141,-15.9));
#3850=CARTESIAN_POINT('',(-4.7980762113533,9.6037094665524,-20.9));
#3851=CARTESIAN_POINT('',(-4.7980762113533,9.6037094665524,-15.9));
#3852=CARTESIAN_POINT('',(-4.7980762114435,-9.60370946684141,-20.8999999996638));
#3853=CARTESIAN_POINT('',(-4.7980762113533,3.69718337225595,-20.9));
#3854=CARTESIAN_POINT('',(-4.7980762114435,-9.60370946684141,-15.8999999996638));
#3855=CARTESIAN_POINT('Origin',(-2.8,-10.25,-15.9));
#3856=CARTESIAN_POINT('',(-4.8,-9.60968757625671,-20.9));
#3857=CARTESIAN_POINT('Origin',(-2.8,-10.25,-20.9));
#3858=CARTESIAN_POINT('',(-4.8,-9.60968757625671,-15.9));
#3859=CARTESIAN_POINT('Origin',(-2.8,10.25,-15.9));
#3860=CARTESIAN_POINT('',(-4.8,9.60968757625671,-20.9));
#3861=CARTESIAN_POINT('',(-4.8,9.60968757625671,-15.9));
#3862=CARTESIAN_POINT('Origin',(-2.8,10.25,-20.9));
#3863=CARTESIAN_POINT('Origin',(-4.8,-0.00192378864669607,-18.4));
#3864=CARTESIAN_POINT('',(-4.8,8.4980762113533,-20.9));
#3865=CARTESIAN_POINT('Origin',(9.95,-10.9980762113533,-18.4));
#3866=CARTESIAN_POINT('',(-4.76223902264921,-10.9980762113533,-20.9));
#3867=CARTESIAN_POINT('',(-4.76223902264921,-10.9980762113533,-15.9));
#3868=CARTESIAN_POINT('',(-4.8,-10.9980762113533,-20.9));
#3869=CARTESIAN_POINT('',(8.63013337649941,-10.9980762113533,-20.9));
#3870=CARTESIAN_POINT('',(-4.8,-10.9980762113533,-20.9));
#3871=CARTESIAN_POINT('Origin',(-2.8,-10.25,-15.9));
#3872=CARTESIAN_POINT('',(-4.8,-10.8903124237433,-20.9));
#3873=CARTESIAN_POINT('',(-4.8,-10.8903124237433,-15.9));
#3874=CARTESIAN_POINT('Origin',(-2.8,-10.25,-20.9));
#3875=CARTESIAN_POINT('Origin',(-4.8,-0.00192378864669607,-18.4));
#3876=CARTESIAN_POINT('',(-4.8,8.4980762113533,-20.9));
#3877=CARTESIAN_POINT('Origin',(9.95,10.9980762113533,-18.4));
#3878=CARTESIAN_POINT('',(-4.8,10.9980762113533,-20.9));
#3879=CARTESIAN_POINT('',(-4.8,10.9980762113533,-20.9));
#3880=CARTESIAN_POINT('',(-4.7622390226492,10.9980762113533,-20.9));
#3881=CARTESIAN_POINT('',(8.63013337649941,10.9980762113533,-20.9));
#3882=CARTESIAN_POINT('',(-4.7622390226492,10.9980762113533,-15.9));
#3883=CARTESIAN_POINT('Origin',(-2.8,10.25,-15.9));
#3884=CARTESIAN_POINT('',(-4.8,10.8903124237433,-20.9));
#3885=CARTESIAN_POINT('Origin',(-2.8,10.25,-20.9));
#3886=CARTESIAN_POINT('',(-4.8,10.8903124237433,-15.9));
#3887=CARTESIAN_POINT('Origin',(-4.8,-0.00192378864669607,-18.4));
#3888=CARTESIAN_POINT('',(-4.8,8.4980762113533,-20.9));
#3889=CARTESIAN_POINT('Origin',(21.7,-10.25,-15.9));
#3890=CARTESIAN_POINT('',(21.6463159054533,-10.9980762113533,-15.9));
#3891=CARTESIAN_POINT('',(21.7536840945467,-10.9980762113533,-15.9));
#3892=CARTESIAN_POINT('Origin',(9.95,-10.9980762113533,-18.4));
#3893=CARTESIAN_POINT('Origin',(-2.8,-10.25,-15.9));
#3894=CARTESIAN_POINT('',(-2.8536840945467,-10.9980762113533,-20.9));
#3895=CARTESIAN_POINT('',(-2.8536840945467,-10.9980762113533,-15.9));
#3896=CARTESIAN_POINT('',(-2.7463159054533,-10.9980762113533,-20.9));
#3897=CARTESIAN_POINT('Origin',(-2.8,-10.25,-20.9));
#3898=CARTESIAN_POINT('',(-2.7463159054533,-10.9980762113533,-15.9));
#3899=CARTESIAN_POINT('Origin',(9.95,-10.9980762113533,-18.4));
#3900=CARTESIAN_POINT('',(8.63013337649941,-10.9980762113533,-20.9));
#3901=CARTESIAN_POINT('Origin',(-2.8,10.25,-15.9));
#3902=CARTESIAN_POINT('',(-2.74631590545339,10.9980762113533,-20.9));
#3903=CARTESIAN_POINT('',(-2.74631590545339,10.9980762113533,-15.9));
#3904=CARTESIAN_POINT('',(-2.85368409454661,10.9980762113533,-20.9));
#3905=CARTESIAN_POINT('Origin',(-2.8,10.25,-20.9));
#3906=CARTESIAN_POINT('',(-2.85368409454661,10.9980762113533,-15.9));
#3907=CARTESIAN_POINT('Origin',(9.95,10.9980762113533,-18.4));
#3908=CARTESIAN_POINT('',(8.63013337649941,10.9980762113533,-20.9));
#3909=CARTESIAN_POINT('Origin',(21.7,10.25,-15.9));
#3910=CARTESIAN_POINT('',(21.7536840945466,10.9980762113533,-15.9));
#3911=CARTESIAN_POINT('',(21.6463159054534,10.9980762113533,-15.9));
#3912=CARTESIAN_POINT('Origin',(9.95,10.9980762113533,-18.4));
#3913=CARTESIAN_POINT('Origin',(-4.8,-0.00192378864669607,-18.4));
#3914=CARTESIAN_POINT('',(-4.8,-17.0019237886467,-20.9));
#3915=CARTESIAN_POINT('',(-4.8,-17.0019237886467,-11.925));
#3916=CARTESIAN_POINT('',(-4.8,8.4980762113533,-20.9));
#3917=CARTESIAN_POINT('Origin',(-9.8,16.9980762113533,-19.4986206240456));
#3918=CARTESIAN_POINT('',(-9.8,-17.0019237886467,-19.4986206240456));
#3919=CARTESIAN_POINT('',(-9.8,-17.0019237886467,-12.4743103120228));
#3920=CARTESIAN_POINT('',(-9.8,16.9980762113533,-19.4986206240456));
#3921=CARTESIAN_POINT('',(-9.8,16.9980762113533,-19.4986206240456));
#3922=CARTESIAN_POINT('',(-9.8,16.9980762113533,-20.9));
#3923=CARTESIAN_POINT('Origin',(7.31026675299883,16.9980762113533,-20.9));
#3924=CARTESIAN_POINT('Origin',(7.31026675299883,16.9980762113533,-20.9));
#3925=CARTESIAN_POINT('Origin',(7.31026675299883,16.9980762113533,-20.9));
#3926=CARTESIAN_POINT('Origin',(7.31026675299883,16.9980762113533,-20.9));
#3927=CARTESIAN_POINT('Origin',(7.31026675299883,16.9980762113533,-20.9));
#3928=CARTESIAN_POINT('Origin',(7.31026675299883,16.9980762113533,-20.9));
#3929=CARTESIAN_POINT('',(7.31026675299883,-17.0019237886467,-20.9));
#3930=CARTESIAN_POINT('',(3.65513337649941,-17.0019237886467,-20.9));
#3931=CARTESIAN_POINT('',(7.31026675299883,16.9980762113533,-20.9));
#3932=CARTESIAN_POINT('Origin',(7.31026675299883,16.9980762113533,-20.9));
#3933=CARTESIAN_POINT('',(-7.31026675299882,16.9980762113533,-20.9));
#3934=CARTESIAN_POINT('',(45.1,16.9980762113533,-20.9));
#3935=CARTESIAN_POINT('',(-7.31026675299882,-17.0019237886467,-20.9));
#3936=CARTESIAN_POINT('',(-7.31026675299882,16.9980762113533,-20.9));
#3937=CARTESIAN_POINT('',(3.65513337649941,-17.0019237886467,-20.9));
#3938=CARTESIAN_POINT('Origin',(7.31026675299883,16.9980762113533,-20.9));
#3939=CARTESIAN_POINT('',(7.31026675299883,16.9980762113533,-20.9));
#3940=CARTESIAN_POINT('Origin',(0.,16.9980762113533,-5.));
#3941=CARTESIAN_POINT('Origin',(0.,-17.0019237886467,-5.));
#3942=CARTESIAN_POINT('Origin',(0.,16.9980762113533,-5.));
#3943=CARTESIAN_POINT('Origin',(5.55111512312578E-15,16.9980762113533,-21.7));
#3944=CARTESIAN_POINT('Origin',(0.,16.9980762113533,-5.));
#3945=CARTESIAN_POINT('Origin',(0.,16.9980762113533,-5.));
#3946=CARTESIAN_POINT('Origin',(0.,-17.0019237886467,-5.));
#3947=CARTESIAN_POINT('Origin',(45.3725090026855,-15.0021954895074,24.1));
#3948=CARTESIAN_POINT('',(40.3725090026855,-17.0019237886467,24.1));
#3949=CARTESIAN_POINT('',(40.3725090026855,-24.0010977447537,24.1));
#3950=CARTESIAN_POINT('',(45.,-17.0019237886467,24.1));
#3951=CARTESIAN_POINT('',(20.,-17.0019237886467,24.1));
#3952=CARTESIAN_POINT('',(46.1803398874989,-18.1822636761456,24.1));
#3953=CARTESIAN_POINT('',(45.8431951758865,-17.8451189645333,24.1));
#3954=CARTESIAN_POINT('',(46.1803398874989,-37.0019237886467,24.1));
#3955=CARTESIAN_POINT('Origin',(45.3725090026855,-45.3021954895074,19.1));
#3956=CARTESIAN_POINT('',(41.4206819942639,-27.0019237886467,19.1));
#3957=CARTESIAN_POINT('',(40.3725090026855,-27.0019237886467,19.1));
#3958=CARTESIAN_POINT('',(22.6862545013428,-27.0019237886467,19.1));
#3959=CARTESIAN_POINT('',(41.4206819942639,-36.152059639077,19.1));
#3960=CARTESIAN_POINT('',(49.142135623731,-21.1440594123776,19.1));
#3961=CARTESIAN_POINT('',(49.142135623731,-37.0019237886467,19.1));
#3962=CARTESIAN_POINT('',(45.,-17.0019237886467,19.1));
#3963=CARTESIAN_POINT('',(53.4181951758866,-25.4201189645333,19.1));
#3964=CARTESIAN_POINT('',(40.3725090026855,-17.0019237886467,19.1));
#3965=CARTESIAN_POINT('',(22.6862545013428,-17.0019237886467,19.1));
#3966=CARTESIAN_POINT('',(40.3725090026855,-39.1510977447537,19.1));
#3967=CARTESIAN_POINT('Origin',(41.4206819942639,-27.0019237886467,19.8567564159071));
#3968=CARTESIAN_POINT('',(41.4206819942639,-27.0019237886467,-30.9024076039198));
#3969=CARTESIAN_POINT('',(41.4206819942639,-27.0019237886467,7.20337820795356));
#3970=CARTESIAN_POINT('',(41.4206819942639,-27.0019237886467,-30.9024076039198));
#3971=CARTESIAN_POINT('',(41.4206819942639,-34.5019237886467,-10.7602824700444));
#3972=CARTESIAN_POINT('',(41.4206819942639,-32.0019237886467,-10.7602824700444));
#3973=CARTESIAN_POINT('',(41.4206819942639,-34.5019237886467,0.));
#3974=CARTESIAN_POINT('',(41.4206819942639,-34.5019237886467,7.23830759044246));
#3975=CARTESIAN_POINT('',(41.4206819942639,-32.0019237886467,0.));
#3976=CARTESIAN_POINT('Origin',(35.,-17.0019237886467,14.1));
#3977=CARTESIAN_POINT('',(45.6066017177982,-17.6085255064449,24.7066017177982));
#3978=CARTESIAN_POINT('Origin',(35.,-7.0019237886467,14.1));
#3979=CARTESIAN_POINT('',(35.,-22.0019237886467,29.1));
#3980=CARTESIAN_POINT('Origin',(35.,-7.0019237886467,14.1));
#3981=CARTESIAN_POINT('',(35.,-17.0019237886467,29.1));
#3982=CARTESIAN_POINT('Origin',(47.5,-19.5019237886467,-17.725));
#3983=CARTESIAN_POINT('',(50.,-22.0019237886467,29.1));
#3984=CARTESIAN_POINT('Origin',(0.,-27.0019237886467,-5.45));
#3985=CARTESIAN_POINT('',(40.3725090026855,-27.0019237886467,10.1));
#3986=CARTESIAN_POINT('',(40.3725090026855,-27.0019237886467,6.825));
#3987=CARTESIAN_POINT('',(-9.62749099731446,-27.0019237886467,10.1));
#3988=CARTESIAN_POINT('',(10.1862545013428,-27.0019237886467,10.1));
#3989=CARTESIAN_POINT('',(-9.62749099731446,-27.0019237886467,19.8567564159071));
#3990=CARTESIAN_POINT('',(-9.62749099731446,-27.0019237886467,2.325));
#3991=CARTESIAN_POINT('',(-40.8867124406638,-27.0019237886467,19.8567564159071));
#3992=CARTESIAN_POINT('',(-20.4433562203319,-27.0019237886467,19.8567564159071));
#3993=CARTESIAN_POINT('',(-40.8867124406638,-27.0019237886467,-30.9024076039198));
#3994=CARTESIAN_POINT('',(-40.8867124406638,-27.0019237886467,-18.1762038019599));
#3995=CARTESIAN_POINT('',(20.7103409971319,-27.0019237886467,-30.9024076039198));
#3996=CARTESIAN_POINT('',(-2.50000000000001,-27.0019237886467,-5.45));
#3997=CARTESIAN_POINT('Origin',(-8.88178419700125E-15,-27.0019237886467,
-5.45));
#3998=CARTESIAN_POINT('Origin',(40.3725090026855,-33.,19.1));
#3999=CARTESIAN_POINT('',(40.3725090026855,-17.0019237886467,10.1));
#4000=CARTESIAN_POINT('',(40.3725090026855,-17.0019237886467,6.825));
#4001=CARTESIAN_POINT('',(40.3725090026855,-33.,10.1));
#4002=CARTESIAN_POINT('Origin',(-40.8867124406638,-27.0019237886467,19.8567564159071));
#4003=CARTESIAN_POINT('',(-9.62749099731446,-27.0019237886467,19.8567564159071));
#4004=CARTESIAN_POINT('',(-40.8867124406638,-37.0019237886467,19.8567564159071));
#4005=CARTESIAN_POINT('Origin',(-9.62749099731446,-33.,10.1));
#4006=CARTESIAN_POINT('',(-9.62749099731446,-33.,10.1));
#4007=CARTESIAN_POINT('',(-9.62749099731446,-17.0019237886467,24.1));
#4008=CARTESIAN_POINT('',(-9.62749099731446,-17.0019237886467,2.325));
#4009=CARTESIAN_POINT('',(-9.62749099731446,-20.0019237886467,27.1));
#4010=CARTESIAN_POINT('',(-9.62749099731446,-18.751442841485,25.8495190528383));
#4011=CARTESIAN_POINT('',(-9.62749099731446,-37.0019237886467,27.1));
#4012=CARTESIAN_POINT('Origin',(20.3725090026855,-33.,27.1));
#4013=CARTESIAN_POINT('',(40.3725090026855,-20.0019237886467,27.1));
#4014=CARTESIAN_POINT('',(20.1862545013428,-20.0019237886467,27.1));
#4015=CARTESIAN_POINT('',(40.3725090026855,-37.0019237886467,27.1));
#4016=CARTESIAN_POINT('Origin',(40.3725090026855,-33.,19.1));
#4017=CARTESIAN_POINT('',(40.3725090026855,-19.5019237886467,26.6));
#4018=CARTESIAN_POINT('Origin',(40.3725090026855,-33.,10.1));
#4019=CARTESIAN_POINT('',(10.1862545013428,-17.0019237886467,10.1));
#4020=CARTESIAN_POINT('Origin',(-8.88178419700125E-15,-24.5019237886467,
-5.45));
#4021=CARTESIAN_POINT('',(-2.50000000000001,-24.5019237886467,-5.45));
#4022=CARTESIAN_POINT('Origin',(-8.88178419700125E-15,-24.5019237886467,
-5.45));
#4023=CARTESIAN_POINT('Origin',(-8.88178419700125E-15,-27.0019237886467,
-5.45));
#4024=CARTESIAN_POINT('',(-2.50000000000001,-27.0019237886467,-5.45));
#4025=CARTESIAN_POINT('Origin',(41.4206819942639,-27.0019237886467,-30.9024076039198));
#4026=CARTESIAN_POINT('',(-40.8867124406638,-27.0019237886467,-30.9024076039198));
#4027=CARTESIAN_POINT('Origin',(-50.,-37.0019237886467,0.));
#4028=CARTESIAN_POINT('',(50.,-34.5019237886467,0.));
#4029=CARTESIAN_POINT('',(50.,-34.5019237886467,0.));
#4030=CARTESIAN_POINT('',(50.,-27.0019237886467,0.));
#4031=CARTESIAN_POINT('Origin',(0.,-34.5019237886467,-5.3801412350222));
#4032=CARTESIAN_POINT('',(50.,-34.5019237886467,-10.7602824700444));
#4033=CARTESIAN_POINT('',(-50.,-34.5019237886467,-10.7602824700444));
#4034=CARTESIAN_POINT('',(50.,-34.5019237886467,-17.6900706175111));
#4035=CARTESIAN_POINT('',(44.,-34.5019237886467,-5.));
#4036=CARTESIAN_POINT('Origin',(46.,-34.5019237886467,-5.));
#4037=CARTESIAN_POINT('Origin',(50.,-37.0019237886467,-10.7602824700444));
#4038=CARTESIAN_POINT('',(50.,-27.0019237886467,-10.7602824700444));
#4039=CARTESIAN_POINT('Origin',(46.,-29.0019237886467,-5.));
#4040=CARTESIAN_POINT('',(44.,-29.0019237886467,-5.));
#4041=CARTESIAN_POINT('Origin',(46.,-29.0019237886467,-5.));
#4042=CARTESIAN_POINT('Origin',(46.,-37.0019237886467,-5.));
#4043=CARTESIAN_POINT('',(44.,-37.0019237886467,-5.));
#4044=CARTESIAN_POINT('Origin',(50.,-17.0019237886467,-30.));
#4045=CARTESIAN_POINT('',(50.,-22.0019237886467,14.1));
#4046=CARTESIAN_POINT('',(50.,-17.0019237886467,14.1));
#4047=CARTESIAN_POINT('',(50.,-22.0019237886467,-25.));
#4048=CARTESIAN_POINT('',(50.,-17.0019237886467,-25.));
#4049=CARTESIAN_POINT('',(50.,-22.0019237886467,-17.725));
#4050=CARTESIAN_POINT('Origin',(-40.,-17.0019237886467,-40.));
#4051=CARTESIAN_POINT('',(35.,-22.0019237886467,-40.));
#4052=CARTESIAN_POINT('',(35.,-17.0019237886467,-40.));
#4053=CARTESIAN_POINT('',(-35.,-22.0019237886467,-40.));
#4054=CARTESIAN_POINT('',(-35.,-17.0019237886467,-40.));
#4055=CARTESIAN_POINT('',(-20.,-22.0019237886467,-40.));
#4056=CARTESIAN_POINT('Origin',(35.,-17.0019237886467,-25.));
#4057=CARTESIAN_POINT('',(45.6066017177982,-17.6085255064449,-35.6066017177982));
#4058=CARTESIAN_POINT('Origin',(35.,-7.0019237886467,-25.));
#4059=CARTESIAN_POINT('Origin',(35.,-7.0019237886467,-25.));
#4060=CARTESIAN_POINT('Origin',(47.5,-19.5019237886467,-17.725));
#4061=CARTESIAN_POINT('Origin',(35.,-7.0019237886467,14.1));
#4062=CARTESIAN_POINT('',(45.,-17.0019237886467,-35.));
#4063=CARTESIAN_POINT('',(50.,-22.0019237886467,-40.));
#4064=CARTESIAN_POINT('',(45.,-17.0019237886467,-17.725));
#4065=CARTESIAN_POINT('Origin',(40.,-17.0019237886467,29.1));
#4066=CARTESIAN_POINT('',(-35.,-22.0019237886467,29.1));
#4067=CARTESIAN_POINT('',(20.,-22.0019237886467,29.1));
#4068=CARTESIAN_POINT('',(-35.,-17.0019237886467,29.1));
#4069=CARTESIAN_POINT('Origin',(35.,-17.0019237886467,14.1));
#4070=CARTESIAN_POINT('Origin',(-42.8864608222024,-30.5,-23.129713917217));
#4071=CARTESIAN_POINT('',(-42.8864608222024,-32.,-23.129713917217));
#4072=CARTESIAN_POINT('Origin',(-42.8864608222024,-30.5,-23.129713917217));
#4073=CARTESIAN_POINT('Origin',(-42.8863137424358,-30.5,12.1));
#4074=CARTESIAN_POINT('',(-42.8863137424358,-29.,12.1));
#4075=CARTESIAN_POINT('Origin',(-42.8863137424358,-30.5,12.1));
#4076=CARTESIAN_POINT('Origin',(13.1975391777976,-30.5,-23.129713917217));
#4077=CARTESIAN_POINT('',(-40.8867124406638,-32.,-23.129713917217));
#4078=CARTESIAN_POINT('',(13.1975391777976,-32.,-23.129713917217));
#4079=CARTESIAN_POINT('Origin',(-40.8867124406638,-30.5,-23.129713917217));
#4080=CARTESIAN_POINT('Origin',(-12.1103137424358,-30.5,12.1));
#4081=CARTESIAN_POINT('',(-40.8867124406638,-29.,12.1));
#4082=CARTESIAN_POINT('',(-12.1103137424358,-29.,12.1));
#4083=CARTESIAN_POINT('Origin',(-40.8867124406638,-30.5,12.1));
#4084=CARTESIAN_POINT('Origin',(-50.,-30.,-35.));
#4085=CARTESIAN_POINT('',(-47.3592070943083,-30.,-33.5));
#4086=CARTESIAN_POINT('',(-46.1803398874989,-28.5,-35.));
#4087=CARTESIAN_POINT('Ctrl Pts',(-47.3592070943083,-30.,-33.5));
#4088=CARTESIAN_POINT('Ctrl Pts',(-47.3592070943083,-30.185028037279,-33.5));
#4089=CARTESIAN_POINT('Ctrl Pts',(-47.3343013013794,-30.3794553622064,-33.5365277923065));
#4090=CARTESIAN_POINT('Ctrl Pts',(-47.2362862294781,-30.7307006265865,-33.6764390753917));
#4091=CARTESIAN_POINT('Ctrl Pts',(-47.1630449468008,-30.8876116321864,-33.7794962126176));
#4092=CARTESIAN_POINT('Ctrl Pts',(-46.9715154907114,-31.1732789245235,-34.0397377054078));
#4093=CARTESIAN_POINT('Ctrl Pts',(-46.8307723987437,-31.3012683498339,-34.2247010812051));
#4094=CARTESIAN_POINT('Ctrl Pts',(-46.5173464953322,-31.4644962348589,-34.6131688649458));
#4095=CARTESIAN_POINT('Ctrl Pts',(-46.3445175473211,-31.5,-34.8164437961254));
#4096=CARTESIAN_POINT('Ctrl Pts',(-45.9992641987996,-31.5,-35.2024487745022));
#4097=CARTESIAN_POINT('Ctrl Pts',(-45.7979448107219,-31.4572690949533,-35.4154473316043));
#4098=CARTESIAN_POINT('Ctrl Pts',(-45.4049299111192,-31.2818879614979,-35.8080797911411));
#4099=CARTESIAN_POINT('Ctrl Pts',(-45.2132395054671,-31.1498533299872,-35.9879934881915));
#4100=CARTESIAN_POINT('Ctrl Pts',(-44.9421867767943,-30.868201299599,-36.2327852778553));
#4101=CARTESIAN_POINT('Ctrl Pts',(-44.8325577971421,-30.7202094043819,-36.328344555989));
#4102=CARTESIAN_POINT('Ctrl Pts',(-44.7153299717454,-30.4659809872056,-36.4286923697489));
#4103=CARTESIAN_POINT('Ctrl Pts',(-44.683937166715,-30.3758712108348,-36.4552213111229));
#4104=CARTESIAN_POINT('Ctrl Pts',(-44.6416097051841,-30.1902815596054,-36.4908728970569));
#4105=CARTESIAN_POINT('Ctrl Pts',(-44.6306801421291,-30.0948013795965,-36.5));
#4106=CARTESIAN_POINT('Ctrl Pts',(-44.6306801421291,-29.9051986204035,-36.5));
#4107=CARTESIAN_POINT('Ctrl Pts',(-44.6416097051841,-29.8097184403946,-36.4908728970569));
#4108=CARTESIAN_POINT('Ctrl Pts',(-44.683937166715,-29.6241287891652,-36.4552213111229));
#4109=CARTESIAN_POINT('Ctrl Pts',(-44.7153299717454,-29.5340190127944,-36.4286923697489));
#4110=CARTESIAN_POINT('Ctrl Pts',(-44.8325577971421,-29.2797905956181,-36.328344555989));
#4111=CARTESIAN_POINT('Ctrl Pts',(-44.9421867767943,-29.131798700401,-36.2327852778553));
#4112=CARTESIAN_POINT('Ctrl Pts',(-45.2132395054671,-28.8501466700128,-35.9879934881915));
#4113=CARTESIAN_POINT('Ctrl Pts',(-45.4049299111192,-28.7181120385021,-35.8080797911411));
#4114=CARTESIAN_POINT('Ctrl Pts',(-45.7979448107219,-28.5427309050467,-35.4154473316043));
#4115=CARTESIAN_POINT('Ctrl Pts',(-45.9992641987996,-28.5,-35.2024487745022));
#4116=CARTESIAN_POINT('Ctrl Pts',(-46.1803398874989,-28.5,-35.));
#4117=CARTESIAN_POINT('Ctrl Pts',(-46.1803398874989,-28.5,-35.));
#4118=CARTESIAN_POINT('Ctrl Pts',(-46.3445175473211,-28.5,-34.8164437961254));
#4119=CARTESIAN_POINT('Ctrl Pts',(-46.5173464953322,-28.5355037651411,-34.6131688649458));
#4120=CARTESIAN_POINT('Ctrl Pts',(-46.8307723987437,-28.6987316501661,-34.2247010812051));
#4121=CARTESIAN_POINT('Ctrl Pts',(-46.9715154907114,-28.8267210754765,-34.0397377054078));
#4122=CARTESIAN_POINT('Ctrl Pts',(-47.1630449468008,-29.1123883678136,-33.7794962126176));
#4123=CARTESIAN_POINT('Ctrl Pts',(-47.2362862294781,-29.2692993734135,-33.6764390753917));
#4124=CARTESIAN_POINT('Ctrl Pts',(-47.3343013013794,-29.6205446377936,-33.5365277923065));
#4125=CARTESIAN_POINT('Ctrl Pts',(-47.3592070943083,-29.814971962721,-33.5));
#4126=CARTESIAN_POINT('Ctrl Pts',(-47.3592070943083,-30.,-33.5));
#4127=CARTESIAN_POINT('',(-50.,-28.5,-35.));
#4128=CARTESIAN_POINT('Origin',(-50.,-30.,25.));
#4129=CARTESIAN_POINT('',(-43.4403791384037,-30.,26.5));
#4130=CARTESIAN_POINT('',(-45.3048532255438,-28.5,25.));
#4131=CARTESIAN_POINT('Ctrl Pts',(-43.4403791384037,-30.,26.5));
#4132=CARTESIAN_POINT('Ctrl Pts',(-43.4403791384037,-30.095799674434,26.5));
#4133=CARTESIAN_POINT('Ctrl Pts',(-43.4540612916552,-30.19085843388,26.49071589879));
#4134=CARTESIAN_POINT('Ctrl Pts',(-43.5052283606743,-30.3738923897021,26.4556473787012));
#4135=CARTESIAN_POINT('Ctrl Pts',(-43.5427082304395,-30.4618670274602,26.4298526827312));
#4136=CARTESIAN_POINT('Ctrl Pts',(-43.6803375983904,-30.7087672947946,26.3337346714498));
#4137=CARTESIAN_POINT('Ctrl Pts',(-43.8062546413038,-30.8507143017454,26.2438967640785));
#4138=CARTESIAN_POINT('Ctrl Pts',(-44.1289935393698,-31.1369347008527,26.0046979223465));
#4139=CARTESIAN_POINT('Ctrl Pts',(-44.3636615017443,-31.2733311524175,25.8225739637106));
#4140=CARTESIAN_POINT('Ctrl Pts',(-44.8419289678104,-31.4554074265964,25.4240156910681));
#4141=CARTESIAN_POINT('Ctrl Pts',(-45.0856515156199,-31.5,25.2072331603261));
#4142=CARTESIAN_POINT('Ctrl Pts',(-45.497773463969,-31.5,24.8176133264946));
#4143=CARTESIAN_POINT('Ctrl Pts',(-45.701920579347,-31.4650869421508,24.6139093548564));
#4144=CARTESIAN_POINT('Ctrl Pts',(-46.0745975886897,-31.2992660346385,24.2206067886632));
#4145=CARTESIAN_POINT('Ctrl Pts',(-46.2432834407244,-31.1681837994836,24.0312295623101));
#4146=CARTESIAN_POINT('Ctrl Pts',(-46.4661575768568,-30.8760803686154,23.771961715319));
#4147=CARTESIAN_POINT('Ctrl Pts',(-46.548879747927,-30.7225374601892,23.6724147945144));
#4148=CARTESIAN_POINT('Ctrl Pts',(-46.6604270517861,-30.376672634932,23.5362168731466));
#4149=CARTESIAN_POINT('Ctrl Pts',(-46.689311356962,-30.1841990028027,23.5));
#4150=CARTESIAN_POINT('Ctrl Pts',(-46.689311356962,-29.8158009971973,23.5));
#4151=CARTESIAN_POINT('Ctrl Pts',(-46.6604270517861,-29.623327365068,23.5362168731466));
#4152=CARTESIAN_POINT('Ctrl Pts',(-46.548879747927,-29.2774625398108,23.6724147945144));
#4153=CARTESIAN_POINT('Ctrl Pts',(-46.4661575768568,-29.1239196313846,23.771961715319));
#4154=CARTESIAN_POINT('Ctrl Pts',(-46.2432834407244,-28.8318162005164,24.0312295623101));
#4155=CARTESIAN_POINT('Ctrl Pts',(-46.0745975886897,-28.7007339653615,24.2206067886632));
#4156=CARTESIAN_POINT('Ctrl Pts',(-45.701920579347,-28.5349130578492,24.6139093548564));
#4157=CARTESIAN_POINT('Ctrl Pts',(-45.497773463969,-28.5,24.8176133264946));
#4158=CARTESIAN_POINT('Ctrl Pts',(-45.3048532255438,-28.5,25.));
#4159=CARTESIAN_POINT('Ctrl Pts',(-45.3048532255438,-28.5,25.));
#4160=CARTESIAN_POINT('Ctrl Pts',(-45.0856515156199,-28.5,25.2072331603261));
#4161=CARTESIAN_POINT('Ctrl Pts',(-44.8419289678104,-28.5445925734036,25.4240156910681));
#4162=CARTESIAN_POINT('Ctrl Pts',(-44.3636615017443,-28.7266688475825,25.8225739637106));
#4163=CARTESIAN_POINT('Ctrl Pts',(-44.1289935393698,-28.8630652991473,26.0046979223465));
#4164=CARTESIAN_POINT('Ctrl Pts',(-43.8062546413037,-29.1492856982546,26.2438967640785));
#4165=CARTESIAN_POINT('Ctrl Pts',(-43.6803375983904,-29.2912327052054,26.3337346714498));
#4166=CARTESIAN_POINT('Ctrl Pts',(-43.5427082304395,-29.5381329725398,26.4298526827312));
#4167=CARTESIAN_POINT('Ctrl Pts',(-43.5052283606743,-29.6261076102979,26.4556473787012));
#4168=CARTESIAN_POINT('Ctrl Pts',(-43.4540612916552,-29.80914156612,26.49071589879));
#4169=CARTESIAN_POINT('Ctrl Pts',(-43.4403791384037,-29.904200325566,26.5));
#4170=CARTESIAN_POINT('Ctrl Pts',(-43.4403791384037,-30.,26.5));
#4171=CARTESIAN_POINT('',(-50.,-28.5,25.));
#4172=CARTESIAN_POINT('Origin',(-35.,-17.0019237886467,14.1));
#4173=CARTESIAN_POINT('',(-45.6066017177982,-17.6085255064449,24.7066017177982));
#4174=CARTESIAN_POINT('Origin',(-35.,-7.0019237886467,14.1));
#4175=CARTESIAN_POINT('',(-50.,-22.0019237886467,14.1));
#4176=CARTESIAN_POINT('Origin',(-35.,-7.0019237886467,14.1));
#4177=CARTESIAN_POINT('',(-50.,-17.0019237886467,14.1));
#4178=CARTESIAN_POINT('Origin',(-50.,-17.0019237886467,19.1));
#4179=CARTESIAN_POINT('',(-50.,-22.0019237886467,-25.));
#4180=CARTESIAN_POINT('',(-50.,-22.0019237886467,6.825));
#4181=CARTESIAN_POINT('',(-50.,-17.0019237886467,-25.));
#4182=CARTESIAN_POINT('',(-50.,-34.5019237886467,-10.7602824700444));
#4183=CARTESIAN_POINT('',(-50.,-27.0019237886467,-10.7602824700444));
#4184=CARTESIAN_POINT('',(-50.,-34.5019237886467,0.));
#4185=CARTESIAN_POINT('',(-50.,-34.5019237886467,6.8599293824889));
#4186=CARTESIAN_POINT('',(-50.,-27.0019237886467,0.));
#4187=CARTESIAN_POINT('Origin',(-47.5,-19.5019237886467,6.825));
#4188=CARTESIAN_POINT('',(-45.,-17.0019237886467,24.1));
#4189=CARTESIAN_POINT('',(-45.,-17.0019237886467,24.1));
#4190=CARTESIAN_POINT('',(-45.,-17.0019237886467,-35.));
#4191=CARTESIAN_POINT('',(-45.,-17.0019237886467,6.825));
#4192=CARTESIAN_POINT('',(-45.6066017177982,-17.6085255064449,-35.6066017177982));
#4193=CARTESIAN_POINT('',(-45.,-17.0019237886467,-35.));
#4194=CARTESIAN_POINT('Origin',(-35.,-7.0019237886467,-25.));
#4195=CARTESIAN_POINT('Origin',(0.,-17.0019237886467,-5.45));
#4196=CARTESIAN_POINT('',(-20.,-17.0019237886467,-35.));
#4197=CARTESIAN_POINT('',(20.,-17.0019237886467,24.1));
#4198=CARTESIAN_POINT('Origin',(-45.,-37.0019237886467,-5.));
#4199=CARTESIAN_POINT('',(-47.,-34.5019237886467,-5.));
#4200=CARTESIAN_POINT('Origin',(-45.,-34.5019237886467,-5.));
#4201=CARTESIAN_POINT('',(-47.,-29.0019237886467,-5.));
#4202=CARTESIAN_POINT('',(-47.,-37.0019237886467,-5.));
#4203=CARTESIAN_POINT('Origin',(-45.,-29.0019237886467,-5.));
#4204=CARTESIAN_POINT('Origin',(-45.,-29.0019237886467,-5.));
#4205=CARTESIAN_POINT('Origin',(50.,-37.0019237886467,-10.7602824700444));
#4206=CARTESIAN_POINT('',(-40.8867124406638,-34.5019237886467,-10.7602824700444));
#4207=CARTESIAN_POINT('',(-40.8867124406638,-32.0019237886467,-10.7602824700444));
#4208=CARTESIAN_POINT('',(-50.,-34.5019237886467,-10.7602824700444));
#4209=CARTESIAN_POINT('Origin',(-50.,-37.0019237886467,0.));
#4210=CARTESIAN_POINT('',(-40.8867124406638,-34.5019237886467,0.));
#4211=CARTESIAN_POINT('',(-40.8867124406638,-32.0019237886467,0.));
#4212=CARTESIAN_POINT('',(50.,-34.5019237886467,0.));
#4213=CARTESIAN_POINT('Origin',(0.,-34.5019237886467,-5.3801412350222));
#4214=CARTESIAN_POINT('',(-40.8867124406638,-34.5019237886467,-18.141274419471));
#4215=CARTESIAN_POINT('Origin',(-40.8867124406638,-27.0019237886467,-30.9024076039198));
#4216=CARTESIAN_POINT('Origin',(20.,-19.5019237886467,26.6));
#4217=CARTESIAN_POINT('Origin',(-35.,-17.0019237886467,-25.));
#4218=CARTESIAN_POINT('Origin',(-35.,-7.0019237886467,-25.));
#4219=CARTESIAN_POINT('Origin',(-20.,-19.5019237886467,-37.5));
#4220=UNCERTAINTY_MEASURE_WITH_UNIT(LENGTH_MEASURE(0.01),#4224,
'DISTANCE_ACCURACY_VALUE',
'Maximum model space distance between geometric entities at asserted c
onnectivities');
#4221=UNCERTAINTY_MEASURE_WITH_UNIT(LENGTH_MEASURE(0.01),#4224,
'DISTANCE_ACCURACY_VALUE',
'Maximum model space distance between geometric entities at asserted c
onnectivities');
#4222=(
GEOMETRIC_REPRESENTATION_CONTEXT(3)
GLOBAL_UNCERTAINTY_ASSIGNED_CONTEXT((#4220))
GLOBAL_UNIT_ASSIGNED_CONTEXT((#4224,#4226,#4227))
REPRESENTATION_CONTEXT('','3D')
);
#4223=(
GEOMETRIC_REPRESENTATION_CONTEXT(3)
GLOBAL_UNCERTAINTY_ASSIGNED_CONTEXT((#4221))
GLOBAL_UNIT_ASSIGNED_CONTEXT((#4224,#4226,#4227))
REPRESENTATION_CONTEXT('','3D')
);
#4224=(
LENGTH_UNIT()
NAMED_UNIT(*)
SI_UNIT(.MILLI.,.METRE.)
);
#4225=(
LENGTH_UNIT()
NAMED_UNIT(*)
SI_UNIT($,.METRE.)
);
#4226=(
NAMED_UNIT(*)
PLANE_ANGLE_UNIT()
SI_UNIT($,.RADIAN.)
);
#4227=(
NAMED_UNIT(*)
SI_UNIT($,.STERADIAN.)
SOLID_ANGLE_UNIT()
);
#4228=SHAPE_DEFINITION_REPRESENTATION(#4229,#4230);
#4229=PRODUCT_DEFINITION_SHAPE('',$,#4232);
#4230=SHAPE_REPRESENTATION('',(#2509),#4222);
#4231=PRODUCT_DEFINITION_CONTEXT('part definition',#4236,'design');
#4232=PRODUCT_DEFINITION('Main Body ','Main Body ',#4233,#4231);
#4233=PRODUCT_DEFINITION_FORMATION('',$,#4238);
#4234=PRODUCT_RELATED_PRODUCT_CATEGORY('Main Body ','Main Body ',(#4238));
#4235=APPLICATION_PROTOCOL_DEFINITION('international standard',
'automotive_design',2009,#4236);
#4236=APPLICATION_CONTEXT(
'Core Data for Automotive Mechanical Design Process');
#4237=PRODUCT_CONTEXT('part definition',#4236,'mechanical');
#4238=PRODUCT('Main Body ','Main Body ',$,(#4237));
#4239=PRESENTATION_STYLE_ASSIGNMENT((#4240));
#4240=SURFACE_STYLE_USAGE(.BOTH.,#4241);
#4241=SURFACE_SIDE_STYLE('',(#4242));
#4242=SURFACE_STYLE_FILL_AREA(#4243);
#4243=FILL_AREA_STYLE('Steel - Satin',(#4244));
#4244=FILL_AREA_STYLE_COLOUR('Steel - Satin',#4245);
#4245=COLOUR_RGB('Steel - Satin',0.627450980392157,0.627450980392157,0.627450980392157);
ENDSEC;
END-ISO-10303-21;
