ISO-10303-21;
HEADER;
/* Generated by software containing ST-Developer
 * from STEP Tools, Inc. (www.steptools.com) 
 */

FILE_DESCRIPTION(
/* description */ (''),
/* implementation_level */ '2;1');

FILE_NAME(
/* name */ 'Linkage3.step',
/* time_stamp */ '2026-08-05T16:39:54-05:00',
/* author */ (''),
/* organization */ (''),
/* preprocessor_version */ 'ST-DEVELOPER v20.1',
/* originating_system */ 'Autodesk Translation Framework v15.8.0.0',
/* authorisation */ '');

FILE_SCHEMA (('AUTOMOTIVE_DESIGN { 1 0 10303 214 3 1 1 }'));
ENDSEC;

DATA;
#10=MECHANICAL_DESIGN_GEOMETRIC_PRESENTATION_REPRESENTATION('',(#13,#14),
#2671);
#11=SHAPE_REPRESENTATION_RELATIONSHIP('SRR','None',#2678,#12);
#12=ADVANCED_BREP_SHAPE_REPRESENTATION('',(#15,#16),#2670);
#13=STYLED_ITEM('',(#2687),#15);
#14=STYLED_ITEM('',(#2687),#16);
#15=MANIFOLD_SOLID_BREP('Body1',#1341);
#16=MANIFOLD_SOLID_BREP('Body2',#1342);
#17=B_SPLINE_SURFACE_WITH_KNOTS('',3,1,((#2149,#2150),(#2151,#2152),(#2153,
#2154),(#2155,#2156),(#2157,#2158),(#2159,#2160),(#2161,#2162),(#2163,#2164),
(#2165,#2166),(#2167,#2168),(#2169,#2170),(#2171,#2172),(#2173,#2174),(#2175,
#2176)),.UNSPECIFIED.,.F.,.F.,.F.,(4,2,2,2,2,2,4),(2,2),(0.,0.0590386873266632,
0.11603342985477,0.17098340798687,0.223887839039613,0.255505160536067,0.286347380332236),
(-0.489900845357248,1.30000084535725),.UNSPECIFIED.);
#18=B_SPLINE_SURFACE_WITH_KNOTS('',3,1,((#2180,#2181),(#2182,#2183),(#2184,
#2185),(#2186,#2187),(#2188,#2189),(#2190,#2191),(#2192,#2193),(#2194,#2195),
(#2196,#2197),(#2198,#2199),(#2200,#2201),(#2202,#2203),(#2204,#2205),(#2206,
#2207)),.UNSPECIFIED.,.F.,.F.,.F.,(4,2,2,2,2,2,4),(2,2),(0.,0.0501110231620931,
0.102261479702394,0.156450478837902,0.212677099577453,0.248520475110842,
0.285142803995152),(-0.489900846242593,1.30000084624259),.UNSPECIFIED.);
#19=B_SPLINE_SURFACE_WITH_KNOTS('',3,1,((#2211,#2212),(#2213,#2214),(#2215,
#2216),(#2217,#2218),(#2219,#2220),(#2221,#2222),(#2223,#2224),(#2225,#2226),
(#2227,#2228),(#2229,#2230),(#2231,#2232),(#2233,#2234),(#2235,#2236),(#2237,
#2238)),.UNSPECIFIED.,.F.,.F.,.F.,(4,2,2,2,2,2,4),(2,2),(0.,0.0590386873266628,
0.11603342985477,0.170983407986873,0.223887839039617,0.255505160536073,
0.286347380332248),(-0.489900845357249,1.30000084535725),.UNSPECIFIED.);
#20=B_SPLINE_SURFACE_WITH_KNOTS('',3,1,((#2242,#2243),(#2244,#2245),(#2246,
#2247),(#2248,#2249),(#2250,#2251),(#2252,#2253),(#2254,#2255),(#2256,#2257),
(#2258,#2259),(#2260,#2261),(#2262,#2263),(#2264,#2265),(#2266,#2267),(#2268,
#2269)),.UNSPECIFIED.,.F.,.F.,.F.,(4,2,2,2,2,2,4),(2,2),(0.,0.0501110231620932,
0.102261479702394,0.156450478837902,0.212677099577453,0.248520475110844,
0.285142803995157),(-0.489900846242593,1.30000084624259),.UNSPECIFIED.);
#21=B_SPLINE_SURFACE_WITH_KNOTS('',3,1,((#2273,#2274),(#2275,#2276),(#2277,
#2278),(#2279,#2280),(#2281,#2282),(#2283,#2284),(#2285,#2286),(#2287,#2288),
(#2289,#2290),(#2291,#2292),(#2293,#2294),(#2295,#2296),(#2297,#2298),(#2299,
#2300)),.UNSPECIFIED.,.F.,.F.,.F.,(4,2,2,2,2,2,4),(2,2),(0.,0.0590386873266634,
0.116033429854772,0.170983407986878,0.223887839039627,0.255505160536087,
0.286347380332263),(-0.489900845357249,1.30000084535725),.UNSPECIFIED.);
#22=B_SPLINE_SURFACE_WITH_KNOTS('',3,1,((#2304,#2305),(#2306,#2307),(#2308,
#2309),(#2310,#2311),(#2312,#2313),(#2314,#2315),(#2316,#2317),(#2318,#2319),
(#2320,#2321),(#2322,#2323),(#2324,#2325),(#2326,#2327),(#2328,#2329),(#2330,
#2331)),.UNSPECIFIED.,.F.,.F.,.F.,(4,2,2,2,2,2,4),(2,2),(0.,0.0501110231620927,
0.102261479702393,0.156450478837903,0.212677099577457,0.248520475110848,
0.285142803995159),(-0.489900846242593,1.30000084624259),.UNSPECIFIED.);
#23=B_SPLINE_SURFACE_WITH_KNOTS('',3,1,((#2335,#2336),(#2337,#2338),(#2339,
#2340),(#2341,#2342),(#2343,#2344),(#2345,#2346),(#2347,#2348),(#2349,#2350),
(#2351,#2352),(#2353,#2354),(#2355,#2356),(#2357,#2358),(#2359,#2360),(#2361,
#2362)),.UNSPECIFIED.,.F.,.F.,.F.,(4,2,2,2,2,2,4),(2,2),(0.,0.0590386873266644,
0.116033429854773,0.170983407986877,0.223887839039621,0.255505160536077,
0.28634738033225),(-0.489900845357249,1.30000084535725),.UNSPECIFIED.);
#24=B_SPLINE_SURFACE_WITH_KNOTS('',3,1,((#2366,#2367),(#2368,#2369),(#2370,
#2371),(#2372,#2373),(#2374,#2375),(#2376,#2377),(#2378,#2379),(#2380,#2381),
(#2382,#2383),(#2384,#2385),(#2386,#2387),(#2388,#2389),(#2390,#2391),(#2392,
#2393)),.UNSPECIFIED.,.F.,.F.,.F.,(4,2,2,2,2,2,4),(2,2),(0.,0.050111023162093,
0.102261479702394,0.156450478837903,0.212677099577453,0.248520475110845,
0.285142803995159),(-0.489900846242593,1.30000084624259),.UNSPECIFIED.);
#25=LINE('',#2005,#130);
#26=LINE('',#2147,#131);
#27=LINE('',#2148,#132);
#28=LINE('',#2177,#133);
#29=LINE('',#2179,#134);
#30=LINE('',#2209,#135);
#31=LINE('',#2210,#136);
#32=LINE('',#2239,#137);
#33=LINE('',#2241,#138);
#34=LINE('',#2271,#139);
#35=LINE('',#2272,#140);
#36=LINE('',#2301,#141);
#37=LINE('',#2303,#142);
#38=LINE('',#2333,#143);
#39=LINE('',#2334,#144);
#40=LINE('',#2363,#145);
#41=LINE('',#2365,#146);
#42=LINE('',#2395,#147);
#43=LINE('',#2399,#148);
#44=LINE('',#2406,#149);
#45=LINE('',#2410,#150);
#46=LINE('',#2413,#151);
#47=LINE('',#2416,#152);
#48=LINE('',#2419,#153);
#49=LINE('',#2422,#154);
#50=LINE('',#2423,#155);
#51=LINE('',#2428,#156);
#52=LINE('',#2431,#157);
#53=LINE('',#2434,#158);
#54=LINE('',#2436,#159);
#55=LINE('',#2437,#160);
#56=LINE('',#2444,#161);
#57=LINE('',#2447,#162);
#58=LINE('',#2450,#163);
#59=LINE('',#2453,#164);
#60=LINE('',#2456,#165);
#61=LINE('',#2457,#166);
#62=LINE('',#2462,#167);
#63=LINE('',#2465,#168);
#64=LINE('',#2467,#169);
#65=LINE('',#2468,#170);
#66=LINE('',#2471,#171);
#67=LINE('',#2473,#172);
#68=LINE('',#2475,#173);
#69=LINE('',#2477,#174);
#70=LINE('',#2478,#175);
#71=LINE('',#2481,#176);
#72=LINE('',#2482,#177);
#73=LINE('',#2485,#178);
#74=LINE('',#2486,#179);
#75=LINE('',#2489,#180);
#76=LINE('',#2491,#181);
#77=LINE('',#2493,#182);
#78=LINE('',#2495,#183);
#79=LINE('',#2497,#184);
#80=LINE('',#2499,#185);
#81=LINE('',#2500,#186);
#82=LINE('',#2502,#187);
#83=LINE('',#2504,#188);
#84=LINE('',#2515,#189);
#85=LINE('',#2517,#190);
#86=LINE('',#2529,#191);
#87=LINE('',#2533,#192);
#88=LINE('',#2538,#193);
#89=LINE('',#2542,#194);
#90=LINE('',#2545,#195);
#91=LINE('',#2547,#196);
#92=LINE('',#2551,#197);
#93=LINE('',#2553,#198);
#94=LINE('',#2554,#199);
#95=LINE('',#2557,#200);
#96=LINE('',#2563,#201);
#97=LINE('',#2570,#202);
#98=LINE('',#2577,#203);
#99=LINE('',#2584,#204);
#100=LINE('',#2590,#205);
#101=LINE('',#2592,#206);
#102=LINE('',#2594,#207);
#103=LINE('',#2596,#208);
#104=LINE('',#2598,#209);
#105=LINE('',#2599,#210);
#106=LINE('',#2602,#211);
#107=LINE('',#2604,#212);
#108=LINE('',#2605,#213);
#109=LINE('',#2607,#214);
#110=LINE('',#2609,#215);
#111=LINE('',#2610,#216);
#112=LINE('',#2621,#217);
#113=LINE('',#2623,#218);
#114=LINE('',#2625,#219);
#115=LINE('',#2627,#220);
#116=LINE('',#2628,#221);
#117=LINE('',#2630,#222);
#118=LINE('',#2632,#223);
#119=LINE('',#2633,#224);
#120=LINE('',#2635,#225);
#121=LINE('',#2636,#226);
#122=LINE('',#2638,#227);
#123=LINE('',#2640,#228);
#124=LINE('',#2644,#229);
#125=LINE('',#2649,#230);
#126=LINE('',#2654,#231);
#127=LINE('',#2659,#232);
#128=LINE('',#2664,#233);
#129=LINE('',#2666,#234);
#130=VECTOR('',#1516,9.49999999999999);
#131=VECTOR('',#1541,10.);
#132=VECTOR('',#1542,10.);
#133=VECTOR('',#1543,10.);
#134=VECTOR('',#1546,10.);
#135=VECTOR('',#1549,10.);
#136=VECTOR('',#1550,10.);
#137=VECTOR('',#1551,10.);
#138=VECTOR('',#1554,10.);
#139=VECTOR('',#1557,10.);
#140=VECTOR('',#1558,10.);
#141=VECTOR('',#1559,10.);
#142=VECTOR('',#1562,10.);
#143=VECTOR('',#1565,10.);
#144=VECTOR('',#1566,10.);
#145=VECTOR('',#1567,10.);
#146=VECTOR('',#1570,10.);
#147=VECTOR('',#1573,1.55);
#148=VECTOR('',#1578,10.);
#149=VECTOR('',#1585,10.);
#150=VECTOR('',#1588,10.);
#151=VECTOR('',#1591,10.);
#152=VECTOR('',#1594,10.);
#153=VECTOR('',#1597,10.);
#154=VECTOR('',#1600,10.);
#155=VECTOR('',#1601,10.);
#156=VECTOR('',#1606,10.);
#157=VECTOR('',#1609,10.);
#158=VECTOR('',#1612,10.);
#159=VECTOR('',#1613,10.);
#160=VECTOR('',#1614,10.);
#161=VECTOR('',#1621,10.);
#162=VECTOR('',#1624,10.);
#163=VECTOR('',#1627,10.);
#164=VECTOR('',#1630,10.);
#165=VECTOR('',#1633,10.);
#166=VECTOR('',#1634,10.);
#167=VECTOR('',#1639,10.);
#168=VECTOR('',#1642,10.);
#169=VECTOR('',#1645,10.);
#170=VECTOR('',#1646,10.);
#171=VECTOR('',#1649,10.);
#172=VECTOR('',#1650,10.);
#173=VECTOR('',#1651,10.);
#174=VECTOR('',#1652,10.);
#175=VECTOR('',#1653,10.);
#176=VECTOR('',#1656,10.);
#177=VECTOR('',#1657,10.);
#178=VECTOR('',#1660,10.);
#179=VECTOR('',#1661,10.);
#180=VECTOR('',#1664,10.);
#181=VECTOR('',#1665,10.);
#182=VECTOR('',#1666,10.);
#183=VECTOR('',#1667,10.);
#184=VECTOR('',#1668,10.);
#185=VECTOR('',#1669,10.);
#186=VECTOR('',#1670,10.);
#187=VECTOR('',#1673,10.);
#188=VECTOR('',#1676,10.);
#189=VECTOR('',#1689,10.);
#190=VECTOR('',#1690,10.);
#191=VECTOR('',#1703,10.);
#192=VECTOR('',#1708,1.50000000000002);
#193=VECTOR('',#1715,1.50000000000002);
#194=VECTOR('',#1722,1.50000000000002);
#195=VECTOR('',#1725,10.);
#196=VECTOR('',#1726,10.);
#197=VECTOR('',#1731,10.);
#198=VECTOR('',#1732,10.);
#199=VECTOR('',#1733,10.);
#200=VECTOR('',#1736,10.);
#201=VECTOR('',#1743,2.);
#202=VECTOR('',#1752,2.);
#203=VECTOR('',#1761,2.);
#204=VECTOR('',#1770,2.);
#205=VECTOR('',#1777,10.);
#206=VECTOR('',#1778,10.);
#207=VECTOR('',#1779,10.);
#208=VECTOR('',#1780,10.);
#209=VECTOR('',#1781,10.);
#210=VECTOR('',#1782,10.);
#211=VECTOR('',#1785,10.);
#212=VECTOR('',#1786,10.);
#213=VECTOR('',#1787,10.);
#214=VECTOR('',#1788,10.);
#215=VECTOR('',#1789,10.);
#216=VECTOR('',#1790,10.);
#217=VECTOR('',#1801,10.);
#218=VECTOR('',#1802,10.);
#219=VECTOR('',#1803,10.);
#220=VECTOR('',#1804,10.);
#221=VECTOR('',#1805,10.);
#222=VECTOR('',#1806,10.);
#223=VECTOR('',#1807,10.);
#224=VECTOR('',#1808,10.);
#225=VECTOR('',#1811,10.);
#226=VECTOR('',#1812,10.);
#227=VECTOR('',#1815,10.);
#228=VECTOR('',#1818,10.);
#229=VECTOR('',#1823,2.00000000000001);
#230=VECTOR('',#1830,2.00000000000001);
#231=VECTOR('',#1837,2.00000000000001);
#232=VECTOR('',#1844,2.00000000000001);
#233=VECTOR('',#1853,10.);
#234=VECTOR('',#1856,10.);
#235=CYLINDRICAL_SURFACE('',#1367,9.49999999999999);
#236=CYLINDRICAL_SURFACE('',#1380,1.2645);
#237=CYLINDRICAL_SURFACE('',#1381,1.543);
#238=CYLINDRICAL_SURFACE('',#1382,1.2645);
#239=CYLINDRICAL_SURFACE('',#1383,1.543);
#240=CYLINDRICAL_SURFACE('',#1384,1.2645);
#241=CYLINDRICAL_SURFACE('',#1385,1.543);
#242=CYLINDRICAL_SURFACE('',#1386,1.2645);
#243=CYLINDRICAL_SURFACE('',#1387,1.543);
#244=CYLINDRICAL_SURFACE('',#1388,1.55);
#245=CYLINDRICAL_SURFACE('',#1389,10.);
#246=CYLINDRICAL_SURFACE('',#1392,2.5);
#247=CYLINDRICAL_SURFACE('',#1399,2.5);
#248=CYLINDRICAL_SURFACE('',#1403,2.5);
#249=CYLINDRICAL_SURFACE('',#1410,2.5);
#250=CYLINDRICAL_SURFACE('',#1431,10.);
#251=CYLINDRICAL_SURFACE('',#1433,1.50000000000002);
#252=CYLINDRICAL_SURFACE('',#1436,1.50000000000002);
#253=CYLINDRICAL_SURFACE('',#1439,1.50000000000002);
#254=CYLINDRICAL_SURFACE('',#1440,20.);
#255=CYLINDRICAL_SURFACE('',#1443,20.);
#256=CYLINDRICAL_SURFACE('',#1445,2.);
#257=CYLINDRICAL_SURFACE('',#1449,2.);
#258=CYLINDRICAL_SURFACE('',#1453,2.);
#259=CYLINDRICAL_SURFACE('',#1457,2.);
#260=CYLINDRICAL_SURFACE('',#1472,2.00000000000001);
#261=CYLINDRICAL_SURFACE('',#1475,2.00000000000001);
#262=CYLINDRICAL_SURFACE('',#1478,2.00000000000001);
#263=CYLINDRICAL_SURFACE('',#1481,2.00000000000001);
#264=B_SPLINE_CURVE_WITH_KNOTS('',3,(#1867,#1868,#1869,#1870,#1871,#1872,
#1873,#1874,#1875,#1876,#1877,#1878,#1879,#1880),.UNSPECIFIED.,.F.,.F.,
(4,2,2,2,2,2,4),(-0.285142803995159,-0.248520475110845,-0.212677099577453,
-0.156450478837903,-0.102261479702394,-0.050111023162093,0.),
 .UNSPECIFIED.);
#265=B_SPLINE_CURVE_WITH_KNOTS('',3,(#1884,#1885,#1886,#1887,#1888,#1889,
#1890,#1891,#1892,#1893,#1894,#1895,#1896,#1897),.UNSPECIFIED.,.F.,.F.,
(4,2,2,2,2,2,4),(-0.28634738033225,-0.255505160536077,-0.223887839039621,
-0.170983407986877,-0.116033429854773,-0.0590386873266644,0.),
 .UNSPECIFIED.);
#266=B_SPLINE_CURVE_WITH_KNOTS('',3,(#1901,#1902,#1903,#1904,#1905,#1906,
#1907,#1908,#1909,#1910,#1911,#1912,#1913,#1914),.UNSPECIFIED.,.F.,.F.,
(4,2,2,2,2,2,4),(-0.285142803995159,-0.248520475110848,-0.212677099577457,
-0.156450478837903,-0.102261479702393,-0.0501110231620927,0.),
 .UNSPECIFIED.);
#267=B_SPLINE_CURVE_WITH_KNOTS('',3,(#1918,#1919,#1920,#1921,#1922,#1923,
#1924,#1925,#1926,#1927,#1928,#1929,#1930,#1931),.UNSPECIFIED.,.F.,.F.,
(4,2,2,2,2,2,4),(-0.286347380332263,-0.255505160536087,-0.223887839039627,
-0.170983407986878,-0.116033429854772,-0.0590386873266634,0.),
 .UNSPECIFIED.);
#268=B_SPLINE_CURVE_WITH_KNOTS('',3,(#1935,#1936,#1937,#1938,#1939,#1940,
#1941,#1942,#1943,#1944,#1945,#1946,#1947,#1948),.UNSPECIFIED.,.F.,.F.,
(4,2,2,2,2,2,4),(-0.285142803995157,-0.248520475110844,-0.212677099577453,
-0.156450478837902,-0.102261479702394,-0.0501110231620932,0.),
 .UNSPECIFIED.);
#269=B_SPLINE_CURVE_WITH_KNOTS('',3,(#1952,#1953,#1954,#1955,#1956,#1957,
#1958,#1959,#1960,#1961,#1962,#1963,#1964,#1965),.UNSPECIFIED.,.F.,.F.,
(4,2,2,2,2,2,4),(-0.286347380332248,-0.255505160536073,-0.223887839039617,
-0.170983407986873,-0.11603342985477,-0.0590386873266628,0.),
 .UNSPECIFIED.);
#270=B_SPLINE_CURVE_WITH_KNOTS('',3,(#1969,#1970,#1971,#1972,#1973,#1974,
#1975,#1976,#1977,#1978,#1979,#1980,#1981,#1982),.UNSPECIFIED.,.F.,.F.,
(4,2,2,2,2,2,4),(-0.285142803995152,-0.248520475110842,-0.212677099577453,
-0.156450478837902,-0.102261479702394,-0.0501110231620931,0.),
 .UNSPECIFIED.);
#271=B_SPLINE_CURVE_WITH_KNOTS('',3,(#1986,#1987,#1988,#1989,#1990,#1991,
#1992,#1993,#1994,#1995,#1996,#1997,#1998,#1999),.UNSPECIFIED.,.F.,.F.,
(4,2,2,2,2,2,4),(-0.286347380332236,-0.255505160536067,-0.223887839039613,
-0.17098340798687,-0.11603342985477,-0.0590386873266632,0.),
 .UNSPECIFIED.);
#272=B_SPLINE_CURVE_WITH_KNOTS('',3,(#2012,#2013,#2014,#2015,#2016,#2017,
#2018,#2019,#2020,#2021,#2022,#2023,#2024,#2025),.UNSPECIFIED.,.F.,.F.,
(4,2,2,2,2,2,4),(0.,0.0590386873266644,0.116033429854773,0.170983407986877,
0.223887839039621,0.255505160536077,0.28634738033225),.UNSPECIFIED.);
#273=B_SPLINE_CURVE_WITH_KNOTS('',3,(#2028,#2029,#2030,#2031,#2032,#2033,
#2034,#2035,#2036,#2037,#2038,#2039,#2040,#2041),.UNSPECIFIED.,.F.,.F.,
(4,2,2,2,2,2,4),(0.,0.050111023162093,0.102261479702394,0.156450478837903,
0.212677099577453,0.248520475110845,0.285142803995159),.UNSPECIFIED.);
#274=B_SPLINE_CURVE_WITH_KNOTS('',3,(#2046,#2047,#2048,#2049,#2050,#2051,
#2052,#2053,#2054,#2055,#2056,#2057,#2058,#2059),.UNSPECIFIED.,.F.,.F.,
(4,2,2,2,2,2,4),(0.,0.0590386873266632,0.11603342985477,0.17098340798687,
0.223887839039613,0.255505160536067,0.286347380332236),.UNSPECIFIED.);
#275=B_SPLINE_CURVE_WITH_KNOTS('',3,(#2062,#2063,#2064,#2065,#2066,#2067,
#2068,#2069,#2070,#2071,#2072,#2073,#2074,#2075),.UNSPECIFIED.,.F.,.F.,
(4,2,2,2,2,2,4),(0.,0.0501110231620931,0.102261479702394,0.156450478837902,
0.212677099577453,0.248520475110842,0.285142803995152),.UNSPECIFIED.);
#276=B_SPLINE_CURVE_WITH_KNOTS('',3,(#2082,#2083,#2084,#2085,#2086,#2087,
#2088,#2089,#2090,#2091,#2092,#2093,#2094,#2095),.UNSPECIFIED.,.F.,.F.,
(4,2,2,2,2,2,4),(0.,0.0590386873266634,0.116033429854772,0.170983407986878,
0.223887839039627,0.255505160536087,0.286347380332263),.UNSPECIFIED.);
#277=B_SPLINE_CURVE_WITH_KNOTS('',3,(#2098,#2099,#2100,#2101,#2102,#2103,
#2104,#2105,#2106,#2107,#2108,#2109,#2110,#2111),.UNSPECIFIED.,.F.,.F.,
(4,2,2,2,2,2,4),(0.,0.0501110231620927,0.102261479702393,0.156450478837903,
0.212677099577457,0.248520475110848,0.285142803995159),.UNSPECIFIED.);
#278=B_SPLINE_CURVE_WITH_KNOTS('',3,(#2116,#2117,#2118,#2119,#2120,#2121,
#2122,#2123,#2124,#2125,#2126,#2127,#2128,#2129),.UNSPECIFIED.,.F.,.F.,
(4,2,2,2,2,2,4),(0.,0.0590386873266628,0.11603342985477,0.170983407986873,
0.223887839039617,0.255505160536073,0.286347380332248),.UNSPECIFIED.);
#279=B_SPLINE_CURVE_WITH_KNOTS('',3,(#2132,#2133,#2134,#2135,#2136,#2137,
#2138,#2139,#2140,#2141,#2142,#2143,#2144,#2145),.UNSPECIFIED.,.F.,.F.,
(4,2,2,2,2,2,4),(0.,0.0501110231620932,0.102261479702394,0.156450478837902,
0.212677099577453,0.248520475110844,0.285142803995157),.UNSPECIFIED.);
#280=FACE_BOUND('',#383,.T.);
#281=FACE_BOUND('',#384,.T.);
#282=FACE_BOUND('',#385,.T.);
#283=FACE_BOUND('',#386,.T.);
#284=FACE_BOUND('',#387,.T.);
#285=FACE_BOUND('',#390,.T.);
#286=FACE_BOUND('',#391,.T.);
#287=FACE_BOUND('',#392,.T.);
#288=FACE_BOUND('',#393,.T.);
#289=FACE_BOUND('',#394,.T.);
#290=FACE_BOUND('',#414,.T.);
#291=FACE_BOUND('',#433,.T.);
#292=FACE_BOUND('',#434,.T.);
#293=FACE_BOUND('',#435,.T.);
#294=FACE_BOUND('',#436,.T.);
#295=FACE_BOUND('',#455,.T.);
#296=FACE_BOUND('',#457,.T.);
#297=FACE_BOUND('',#458,.T.);
#298=FACE_BOUND('',#459,.T.);
#299=FACE_BOUND('',#460,.T.);
#300=FACE_BOUND('',#461,.T.);
#301=FACE_BOUND('',#463,.T.);
#302=FACE_BOUND('',#464,.T.);
#303=FACE_BOUND('',#465,.T.);
#304=FACE_BOUND('',#466,.T.);
#305=FACE_BOUND('',#481,.T.);
#306=FACE_OUTER_BOUND('',#382,.T.);
#307=FACE_OUTER_BOUND('',#388,.T.);
#308=FACE_OUTER_BOUND('',#389,.T.);
#309=FACE_OUTER_BOUND('',#395,.T.);
#310=FACE_OUTER_BOUND('',#396,.T.);
#311=FACE_OUTER_BOUND('',#397,.T.);
#312=FACE_OUTER_BOUND('',#398,.T.);
#313=FACE_OUTER_BOUND('',#399,.T.);
#314=FACE_OUTER_BOUND('',#400,.T.);
#315=FACE_OUTER_BOUND('',#401,.T.);
#316=FACE_OUTER_BOUND('',#402,.T.);
#317=FACE_OUTER_BOUND('',#403,.T.);
#318=FACE_OUTER_BOUND('',#404,.T.);
#319=FACE_OUTER_BOUND('',#405,.T.);
#320=FACE_OUTER_BOUND('',#406,.T.);
#321=FACE_OUTER_BOUND('',#407,.T.);
#322=FACE_OUTER_BOUND('',#408,.T.);
#323=FACE_OUTER_BOUND('',#409,.T.);
#324=FACE_OUTER_BOUND('',#410,.T.);
#325=FACE_OUTER_BOUND('',#411,.T.);
#326=FACE_OUTER_BOUND('',#412,.T.);
#327=FACE_OUTER_BOUND('',#413,.T.);
#328=FACE_OUTER_BOUND('',#415,.T.);
#329=FACE_OUTER_BOUND('',#416,.T.);
#330=FACE_OUTER_BOUND('',#417,.T.);
#331=FACE_OUTER_BOUND('',#418,.T.);
#332=FACE_OUTER_BOUND('',#419,.T.);
#333=FACE_OUTER_BOUND('',#420,.T.);
#334=FACE_OUTER_BOUND('',#421,.T.);
#335=FACE_OUTER_BOUND('',#422,.T.);
#336=FACE_OUTER_BOUND('',#423,.T.);
#337=FACE_OUTER_BOUND('',#424,.T.);
#338=FACE_OUTER_BOUND('',#425,.T.);
#339=FACE_OUTER_BOUND('',#426,.T.);
#340=FACE_OUTER_BOUND('',#427,.T.);
#341=FACE_OUTER_BOUND('',#428,.T.);
#342=FACE_OUTER_BOUND('',#429,.T.);
#343=FACE_OUTER_BOUND('',#430,.T.);
#344=FACE_OUTER_BOUND('',#431,.T.);
#345=FACE_OUTER_BOUND('',#432,.T.);
#346=FACE_OUTER_BOUND('',#437,.T.);
#347=FACE_OUTER_BOUND('',#438,.T.);
#348=FACE_OUTER_BOUND('',#439,.T.);
#349=FACE_OUTER_BOUND('',#440,.T.);
#350=FACE_OUTER_BOUND('',#441,.T.);
#351=FACE_OUTER_BOUND('',#442,.T.);
#352=FACE_OUTER_BOUND('',#443,.T.);
#353=FACE_OUTER_BOUND('',#444,.T.);
#354=FACE_OUTER_BOUND('',#445,.T.);
#355=FACE_OUTER_BOUND('',#446,.T.);
#356=FACE_OUTER_BOUND('',#447,.T.);
#357=FACE_OUTER_BOUND('',#448,.T.);
#358=FACE_OUTER_BOUND('',#449,.T.);
#359=FACE_OUTER_BOUND('',#450,.T.);
#360=FACE_OUTER_BOUND('',#451,.T.);
#361=FACE_OUTER_BOUND('',#452,.T.);
#362=FACE_OUTER_BOUND('',#453,.T.);
#363=FACE_OUTER_BOUND('',#454,.T.);
#364=FACE_OUTER_BOUND('',#456,.T.);
#365=FACE_OUTER_BOUND('',#462,.T.);
#366=FACE_OUTER_BOUND('',#467,.T.);
#367=FACE_OUTER_BOUND('',#468,.T.);
#368=FACE_OUTER_BOUND('',#469,.T.);
#369=FACE_OUTER_BOUND('',#470,.T.);
#370=FACE_OUTER_BOUND('',#471,.T.);
#371=FACE_OUTER_BOUND('',#472,.T.);
#372=FACE_OUTER_BOUND('',#473,.T.);
#373=FACE_OUTER_BOUND('',#474,.T.);
#374=FACE_OUTER_BOUND('',#475,.T.);
#375=FACE_OUTER_BOUND('',#476,.T.);
#376=FACE_OUTER_BOUND('',#477,.T.);
#377=FACE_OUTER_BOUND('',#478,.T.);
#378=FACE_OUTER_BOUND('',#479,.T.);
#379=FACE_OUTER_BOUND('',#480,.T.);
#380=FACE_OUTER_BOUND('',#482,.T.);
#381=FACE_OUTER_BOUND('',#483,.T.);
#382=EDGE_LOOP('',(#856));
#383=EDGE_LOOP('',(#857));
#384=EDGE_LOOP('',(#858,#859,#860,#861));
#385=EDGE_LOOP('',(#862,#863,#864,#865));
#386=EDGE_LOOP('',(#866,#867,#868,#869));
#387=EDGE_LOOP('',(#870,#871,#872,#873));
#388=EDGE_LOOP('',(#874,#875,#876,#877));
#389=EDGE_LOOP('',(#878));
#390=EDGE_LOOP('',(#879,#880,#881,#882));
#391=EDGE_LOOP('',(#883,#884,#885,#886));
#392=EDGE_LOOP('',(#887));
#393=EDGE_LOOP('',(#888,#889,#890,#891));
#394=EDGE_LOOP('',(#892,#893,#894,#895));
#395=EDGE_LOOP('',(#896,#897,#898,#899));
#396=EDGE_LOOP('',(#900,#901,#902,#903));
#397=EDGE_LOOP('',(#904,#905,#906,#907));
#398=EDGE_LOOP('',(#908,#909,#910,#911));
#399=EDGE_LOOP('',(#912,#913,#914,#915));
#400=EDGE_LOOP('',(#916,#917,#918,#919));
#401=EDGE_LOOP('',(#920,#921,#922,#923));
#402=EDGE_LOOP('',(#924,#925,#926,#927));
#403=EDGE_LOOP('',(#928,#929,#930,#931));
#404=EDGE_LOOP('',(#932,#933,#934,#935));
#405=EDGE_LOOP('',(#936,#937,#938,#939));
#406=EDGE_LOOP('',(#940,#941,#942,#943));
#407=EDGE_LOOP('',(#944,#945,#946,#947));
#408=EDGE_LOOP('',(#948,#949,#950,#951));
#409=EDGE_LOOP('',(#952,#953,#954,#955));
#410=EDGE_LOOP('',(#956,#957,#958,#959));
#411=EDGE_LOOP('',(#960,#961,#962,#963));
#412=EDGE_LOOP('',(#964,#965,#966,#967));
#413=EDGE_LOOP('',(#968));
#414=EDGE_LOOP('',(#969));
#415=EDGE_LOOP('',(#970,#971,#972,#973,#974,#975));
#416=EDGE_LOOP('',(#976,#977,#978,#979));
#417=EDGE_LOOP('',(#980,#981,#982,#983));
#418=EDGE_LOOP('',(#984,#985,#986,#987,#988,#989));
#419=EDGE_LOOP('',(#990,#991,#992,#993));
#420=EDGE_LOOP('',(#994,#995,#996,#997,#998,#999));
#421=EDGE_LOOP('',(#1000,#1001,#1002,#1003));
#422=EDGE_LOOP('',(#1004,#1005,#1006,#1007));
#423=EDGE_LOOP('',(#1008,#1009,#1010,#1011,#1012,#1013));
#424=EDGE_LOOP('',(#1014,#1015,#1016,#1017));
#425=EDGE_LOOP('',(#1018,#1019,#1020,#1021,#1022,#1023,#1024,#1025));
#426=EDGE_LOOP('',(#1026,#1027,#1028,#1029,#1030,#1031));
#427=EDGE_LOOP('',(#1032,#1033,#1034,#1035,#1036,#1037));
#428=EDGE_LOOP('',(#1038,#1039,#1040,#1041,#1042,#1043,#1044,#1045));
#429=EDGE_LOOP('',(#1046,#1047,#1048,#1049,#1050,#1051,#1052,#1053,#1054,
#1055));
#430=EDGE_LOOP('',(#1056,#1057,#1058,#1059));
#431=EDGE_LOOP('',(#1060,#1061,#1062));
#432=EDGE_LOOP('',(#1063,#1064,#1065,#1066));
#433=EDGE_LOOP('',(#1067));
#434=EDGE_LOOP('',(#1068));
#435=EDGE_LOOP('',(#1069));
#436=EDGE_LOOP('',(#1070));
#437=EDGE_LOOP('',(#1071,#1072,#1073,#1074));
#438=EDGE_LOOP('',(#1075,#1076,#1077,#1078));
#439=EDGE_LOOP('',(#1079));
#440=EDGE_LOOP('',(#1080,#1081,#1082,#1083));
#441=EDGE_LOOP('',(#1084));
#442=EDGE_LOOP('',(#1085,#1086,#1087,#1088,#1089,#1090,#1091,#1092));
#443=EDGE_LOOP('',(#1093,#1094,#1095,#1096));
#444=EDGE_LOOP('',(#1097,#1098,#1099,#1100));
#445=EDGE_LOOP('',(#1101,#1102,#1103,#1104));
#446=EDGE_LOOP('',(#1105,#1106,#1107,#1108));
#447=EDGE_LOOP('',(#1109));
#448=EDGE_LOOP('',(#1110,#1111,#1112,#1113));
#449=EDGE_LOOP('',(#1114));
#450=EDGE_LOOP('',(#1115,#1116,#1117,#1118));
#451=EDGE_LOOP('',(#1119));
#452=EDGE_LOOP('',(#1120,#1121,#1122,#1123));
#453=EDGE_LOOP('',(#1124));
#454=EDGE_LOOP('',(#1125,#1126,#1127,#1128,#1129,#1130));
#455=EDGE_LOOP('',(#1131,#1132,#1133,#1134));
#456=EDGE_LOOP('',(#1135,#1136,#1137,#1138,#1139,#1140,#1141,#1142,#1143,
#1144));
#457=EDGE_LOOP('',(#1145,#1146,#1147,#1148,#1149,#1150,#1151,#1152));
#458=EDGE_LOOP('',(#1153));
#459=EDGE_LOOP('',(#1154));
#460=EDGE_LOOP('',(#1155));
#461=EDGE_LOOP('',(#1156));
#462=EDGE_LOOP('',(#1157,#1158,#1159,#1160,#1161,#1162,#1163,#1164,#1165,
#1166));
#463=EDGE_LOOP('',(#1167));
#464=EDGE_LOOP('',(#1168));
#465=EDGE_LOOP('',(#1169));
#466=EDGE_LOOP('',(#1170));
#467=EDGE_LOOP('',(#1171,#1172,#1173,#1174));
#468=EDGE_LOOP('',(#1175,#1176,#1177,#1178));
#469=EDGE_LOOP('',(#1179,#1180,#1181,#1182));
#470=EDGE_LOOP('',(#1183,#1184,#1185,#1186));
#471=EDGE_LOOP('',(#1187,#1188,#1189,#1190));
#472=EDGE_LOOP('',(#1191));
#473=EDGE_LOOP('',(#1192,#1193,#1194,#1195));
#474=EDGE_LOOP('',(#1196));
#475=EDGE_LOOP('',(#1197,#1198,#1199,#1200));
#476=EDGE_LOOP('',(#1201));
#477=EDGE_LOOP('',(#1202,#1203,#1204,#1205));
#478=EDGE_LOOP('',(#1206));
#479=EDGE_LOOP('',(#1207,#1208,#1209,#1210));
#480=EDGE_LOOP('',(#1211,#1212,#1213,#1214,#1215));
#481=EDGE_LOOP('',(#1216));
#482=EDGE_LOOP('',(#1217,#1218,#1219,#1220,#1221));
#483=EDGE_LOOP('',(#1222,#1223,#1224,#1225));
#484=CIRCLE('',#1357,10.);
#485=CIRCLE('',#1358,1.55);
#486=CIRCLE('',#1359,1.2645);
#487=CIRCLE('',#1360,1.543);
#488=CIRCLE('',#1361,1.2645);
#489=CIRCLE('',#1362,1.543);
#490=CIRCLE('',#1363,1.2645);
#491=CIRCLE('',#1364,1.543);
#492=CIRCLE('',#1365,1.2645);
#493=CIRCLE('',#1366,1.543);
#494=CIRCLE('',#1368,9.49999999999999);
#495=CIRCLE('',#1369,9.49999999999999);
#496=CIRCLE('',#1371,1.54300000000078);
#497=CIRCLE('',#1372,1.26449999999948);
#498=CIRCLE('',#1373,1.54300000000078);
#499=CIRCLE('',#1374,1.26449999999951);
#500=CIRCLE('',#1375,1.55000000000001);
#501=CIRCLE('',#1376,1.54299999999982);
#502=CIRCLE('',#1377,1.26450000000013);
#503=CIRCLE('',#1378,1.54299999999982);
#504=CIRCLE('',#1379,1.26450000000013);
#505=CIRCLE('',#1390,10.);
#506=CIRCLE('',#1393,2.5);
#507=CIRCLE('',#1394,2.5);
#508=CIRCLE('',#1395,2.5);
#509=CIRCLE('',#1397,2.5);
#510=CIRCLE('',#1400,2.5);
#511=CIRCLE('',#1401,2.5);
#512=CIRCLE('',#1404,2.5);
#513=CIRCLE('',#1405,2.5);
#514=CIRCLE('',#1406,2.5);
#515=CIRCLE('',#1408,2.5);
#516=CIRCLE('',#1411,2.5);
#517=CIRCLE('',#1412,2.5);
#518=CIRCLE('',#1419,1.50000000000002);
#519=CIRCLE('',#1422,1.50000000000002);
#520=CIRCLE('',#1423,1.50000000000002);
#521=CIRCLE('',#1425,20.);
#522=CIRCLE('',#1426,20.);
#523=CIRCLE('',#1427,10.);
#524=CIRCLE('',#1428,1.50000000000002);
#525=CIRCLE('',#1429,1.50000000000002);
#526=CIRCLE('',#1430,1.50000000000002);
#527=CIRCLE('',#1432,10.);
#528=CIRCLE('',#1434,1.50000000000002);
#529=CIRCLE('',#1437,1.50000000000002);
#530=CIRCLE('',#1441,20.);
#531=CIRCLE('',#1444,20.);
#532=CIRCLE('',#1446,2.);
#533=CIRCLE('',#1447,2.);
#534=CIRCLE('',#1450,2.);
#535=CIRCLE('',#1451,2.);
#536=CIRCLE('',#1454,2.);
#537=CIRCLE('',#1455,2.);
#538=CIRCLE('',#1458,2.);
#539=CIRCLE('',#1459,2.);
#540=CIRCLE('',#1463,2.00000000000001);
#541=CIRCLE('',#1464,2.00000000000001);
#542=CIRCLE('',#1465,2.00000000000001);
#543=CIRCLE('',#1466,2.00000000000001);
#544=CIRCLE('',#1473,2.00000000000001);
#545=CIRCLE('',#1476,2.00000000000001);
#546=CIRCLE('',#1479,2.00000000000001);
#547=CIRCLE('',#1482,2.00000000000001);
#548=VERTEX_POINT('',#1861);
#549=VERTEX_POINT('',#1863);
#550=VERTEX_POINT('',#1865);
#551=VERTEX_POINT('',#1866);
#552=VERTEX_POINT('',#1881);
#553=VERTEX_POINT('',#1883);
#554=VERTEX_POINT('',#1899);
#555=VERTEX_POINT('',#1900);
#556=VERTEX_POINT('',#1915);
#557=VERTEX_POINT('',#1917);
#558=VERTEX_POINT('',#1933);
#559=VERTEX_POINT('',#1934);
#560=VERTEX_POINT('',#1949);
#561=VERTEX_POINT('',#1951);
#562=VERTEX_POINT('',#1967);
#563=VERTEX_POINT('',#1968);
#564=VERTEX_POINT('',#1983);
#565=VERTEX_POINT('',#1985);
#566=VERTEX_POINT('',#2002);
#567=VERTEX_POINT('',#2004);
#568=VERTEX_POINT('',#2008);
#569=VERTEX_POINT('',#2009);
#570=VERTEX_POINT('',#2011);
#571=VERTEX_POINT('',#2026);
#572=VERTEX_POINT('',#2042);
#573=VERTEX_POINT('',#2043);
#574=VERTEX_POINT('',#2045);
#575=VERTEX_POINT('',#2060);
#576=VERTEX_POINT('',#2076);
#577=VERTEX_POINT('',#2078);
#578=VERTEX_POINT('',#2079);
#579=VERTEX_POINT('',#2081);
#580=VERTEX_POINT('',#2096);
#581=VERTEX_POINT('',#2112);
#582=VERTEX_POINT('',#2113);
#583=VERTEX_POINT('',#2115);
#584=VERTEX_POINT('',#2130);
#585=VERTEX_POINT('',#2397);
#586=VERTEX_POINT('',#2402);
#587=VERTEX_POINT('',#2403);
#588=VERTEX_POINT('',#2405);
#589=VERTEX_POINT('',#2407);
#590=VERTEX_POINT('',#2409);
#591=VERTEX_POINT('',#2411);
#592=VERTEX_POINT('',#2415);
#593=VERTEX_POINT('',#2417);
#594=VERTEX_POINT('',#2421);
#595=VERTEX_POINT('',#2425);
#596=VERTEX_POINT('',#2427);
#597=VERTEX_POINT('',#2429);
#598=VERTEX_POINT('',#2433);
#599=VERTEX_POINT('',#2435);
#600=VERTEX_POINT('',#2439);
#601=VERTEX_POINT('',#2441);
#602=VERTEX_POINT('',#2443);
#603=VERTEX_POINT('',#2445);
#604=VERTEX_POINT('',#2449);
#605=VERTEX_POINT('',#2451);
#606=VERTEX_POINT('',#2455);
#607=VERTEX_POINT('',#2459);
#608=VERTEX_POINT('',#2461);
#609=VERTEX_POINT('',#2463);
#610=VERTEX_POINT('',#2470);
#611=VERTEX_POINT('',#2472);
#612=VERTEX_POINT('',#2474);
#613=VERTEX_POINT('',#2476);
#614=VERTEX_POINT('',#2480);
#615=VERTEX_POINT('',#2484);
#616=VERTEX_POINT('',#2488);
#617=VERTEX_POINT('',#2490);
#618=VERTEX_POINT('',#2492);
#619=VERTEX_POINT('',#2494);
#620=VERTEX_POINT('',#2496);
#621=VERTEX_POINT('',#2498);
#622=VERTEX_POINT('',#2507);
#623=VERTEX_POINT('',#2511);
#624=VERTEX_POINT('',#2512);
#625=VERTEX_POINT('',#2514);
#626=VERTEX_POINT('',#2516);
#627=VERTEX_POINT('',#2519);
#628=VERTEX_POINT('',#2521);
#629=VERTEX_POINT('',#2523);
#630=VERTEX_POINT('',#2525);
#631=VERTEX_POINT('',#2528);
#632=VERTEX_POINT('',#2532);
#633=VERTEX_POINT('',#2537);
#634=VERTEX_POINT('',#2544);
#635=VERTEX_POINT('',#2546);
#636=VERTEX_POINT('',#2550);
#637=VERTEX_POINT('',#2552);
#638=VERTEX_POINT('',#2556);
#639=VERTEX_POINT('',#2560);
#640=VERTEX_POINT('',#2562);
#641=VERTEX_POINT('',#2567);
#642=VERTEX_POINT('',#2569);
#643=VERTEX_POINT('',#2574);
#644=VERTEX_POINT('',#2576);
#645=VERTEX_POINT('',#2581);
#646=VERTEX_POINT('',#2583);
#647=VERTEX_POINT('',#2588);
#648=VERTEX_POINT('',#2589);
#649=VERTEX_POINT('',#2591);
#650=VERTEX_POINT('',#2593);
#651=VERTEX_POINT('',#2595);
#652=VERTEX_POINT('',#2597);
#653=VERTEX_POINT('',#2601);
#654=VERTEX_POINT('',#2603);
#655=VERTEX_POINT('',#2606);
#656=VERTEX_POINT('',#2608);
#657=VERTEX_POINT('',#2611);
#658=VERTEX_POINT('',#2613);
#659=VERTEX_POINT('',#2615);
#660=VERTEX_POINT('',#2617);
#661=VERTEX_POINT('',#2620);
#662=VERTEX_POINT('',#2622);
#663=VERTEX_POINT('',#2624);
#664=VERTEX_POINT('',#2626);
#665=VERTEX_POINT('',#2629);
#666=VERTEX_POINT('',#2631);
#667=VERTEX_POINT('',#2643);
#668=VERTEX_POINT('',#2648);
#669=VERTEX_POINT('',#2653);
#670=VERTEX_POINT('',#2658);
#671=EDGE_CURVE('',#548,#548,#484,.T.);
#672=EDGE_CURVE('',#549,#549,#485,.T.);
#673=EDGE_CURVE('',#550,#551,#264,.T.);
#674=EDGE_CURVE('',#551,#552,#486,.T.);
#675=EDGE_CURVE('',#552,#553,#265,.T.);
#676=EDGE_CURVE('',#553,#550,#487,.T.);
#677=EDGE_CURVE('',#554,#555,#266,.T.);
#678=EDGE_CURVE('',#555,#556,#488,.T.);
#679=EDGE_CURVE('',#556,#557,#267,.T.);
#680=EDGE_CURVE('',#557,#554,#489,.T.);
#681=EDGE_CURVE('',#558,#559,#268,.T.);
#682=EDGE_CURVE('',#559,#560,#490,.T.);
#683=EDGE_CURVE('',#560,#561,#269,.T.);
#684=EDGE_CURVE('',#561,#558,#491,.T.);
#685=EDGE_CURVE('',#562,#563,#270,.T.);
#686=EDGE_CURVE('',#563,#564,#492,.T.);
#687=EDGE_CURVE('',#564,#565,#271,.T.);
#688=EDGE_CURVE('',#565,#562,#493,.T.);
#689=EDGE_CURVE('',#566,#566,#494,.T.);
#690=EDGE_CURVE('',#566,#567,#25,.T.);
#691=EDGE_CURVE('',#567,#567,#495,.T.);
#692=EDGE_CURVE('',#568,#569,#496,.T.);
#693=EDGE_CURVE('',#569,#570,#272,.T.);
#694=EDGE_CURVE('',#570,#571,#497,.T.);
#695=EDGE_CURVE('',#571,#568,#273,.T.);
#696=EDGE_CURVE('',#572,#573,#498,.T.);
#697=EDGE_CURVE('',#573,#574,#274,.T.);
#698=EDGE_CURVE('',#574,#575,#499,.T.);
#699=EDGE_CURVE('',#575,#572,#275,.T.);
#700=EDGE_CURVE('',#576,#576,#500,.T.);
#701=EDGE_CURVE('',#577,#578,#501,.T.);
#702=EDGE_CURVE('',#578,#579,#276,.T.);
#703=EDGE_CURVE('',#579,#580,#502,.T.);
#704=EDGE_CURVE('',#580,#577,#277,.T.);
#705=EDGE_CURVE('',#581,#582,#503,.T.);
#706=EDGE_CURVE('',#582,#583,#278,.T.);
#707=EDGE_CURVE('',#583,#584,#504,.T.);
#708=EDGE_CURVE('',#584,#581,#279,.T.);
#709=EDGE_CURVE('',#575,#563,#26,.T.);
#710=EDGE_CURVE('',#564,#574,#27,.T.);
#711=EDGE_CURVE('',#565,#573,#28,.T.);
#712=EDGE_CURVE('',#562,#572,#29,.T.);
#713=EDGE_CURVE('',#584,#559,#30,.T.);
#714=EDGE_CURVE('',#560,#583,#31,.T.);
#715=EDGE_CURVE('',#561,#582,#32,.T.);
#716=EDGE_CURVE('',#558,#581,#33,.T.);
#717=EDGE_CURVE('',#580,#555,#34,.T.);
#718=EDGE_CURVE('',#556,#579,#35,.T.);
#719=EDGE_CURVE('',#557,#578,#36,.T.);
#720=EDGE_CURVE('',#554,#577,#37,.T.);
#721=EDGE_CURVE('',#571,#551,#38,.T.);
#722=EDGE_CURVE('',#552,#570,#39,.T.);
#723=EDGE_CURVE('',#553,#569,#40,.T.);
#724=EDGE_CURVE('',#550,#568,#41,.T.);
#725=EDGE_CURVE('',#576,#549,#42,.T.);
#726=EDGE_CURVE('',#585,#585,#505,.T.);
#727=EDGE_CURVE('',#585,#548,#43,.T.);
#728=EDGE_CURVE('',#586,#587,#506,.T.);
#729=EDGE_CURVE('',#587,#588,#44,.T.);
#730=EDGE_CURVE('',#588,#589,#507,.T.);
#731=EDGE_CURVE('',#589,#590,#45,.T.);
#732=EDGE_CURVE('',#591,#590,#508,.T.);
#733=EDGE_CURVE('',#586,#591,#46,.F.);
#734=EDGE_CURVE('',#592,#590,#47,.T.);
#735=EDGE_CURVE('',#592,#593,#509,.T.);
#736=EDGE_CURVE('',#591,#593,#48,.T.);
#737=EDGE_CURVE('',#594,#589,#49,.T.);
#738=EDGE_CURVE('',#592,#594,#50,.T.);
#739=EDGE_CURVE('',#594,#595,#510,.T.);
#740=EDGE_CURVE('',#595,#596,#51,.T.);
#741=EDGE_CURVE('',#597,#596,#511,.F.);
#742=EDGE_CURVE('',#597,#593,#52,.T.);
#743=EDGE_CURVE('',#598,#595,#53,.T.);
#744=EDGE_CURVE('',#599,#598,#54,.T.);
#745=EDGE_CURVE('',#596,#599,#55,.T.);
#746=EDGE_CURVE('',#600,#599,#512,.T.);
#747=EDGE_CURVE('',#598,#601,#513,.T.);
#748=EDGE_CURVE('',#601,#602,#56,.T.);
#749=EDGE_CURVE('',#603,#602,#514,.T.);
#750=EDGE_CURVE('',#600,#603,#57,.F.);
#751=EDGE_CURVE('',#604,#602,#58,.T.);
#752=EDGE_CURVE('',#604,#605,#515,.T.);
#753=EDGE_CURVE('',#603,#605,#59,.T.);
#754=EDGE_CURVE('',#606,#601,#60,.T.);
#755=EDGE_CURVE('',#604,#606,#61,.T.);
#756=EDGE_CURVE('',#606,#607,#516,.T.);
#757=EDGE_CURVE('',#607,#608,#62,.T.);
#758=EDGE_CURVE('',#609,#608,#517,.F.);
#759=EDGE_CURVE('',#609,#605,#63,.T.);
#760=EDGE_CURVE('',#608,#587,#64,.T.);
#761=EDGE_CURVE('',#588,#607,#65,.T.);
#762=EDGE_CURVE('',#610,#609,#66,.T.);
#763=EDGE_CURVE('',#611,#610,#67,.T.);
#764=EDGE_CURVE('',#611,#612,#68,.T.);
#765=EDGE_CURVE('',#612,#613,#69,.T.);
#766=EDGE_CURVE('',#600,#613,#70,.T.);
#767=EDGE_CURVE('',#614,#586,#71,.T.);
#768=EDGE_CURVE('',#610,#614,#72,.T.);
#769=EDGE_CURVE('',#613,#615,#73,.T.);
#770=EDGE_CURVE('',#597,#615,#74,.T.);
#771=EDGE_CURVE('',#616,#611,#75,.T.);
#772=EDGE_CURVE('',#616,#617,#76,.T.);
#773=EDGE_CURVE('',#618,#617,#77,.T.);
#774=EDGE_CURVE('',#619,#618,#78,.T.);
#775=EDGE_CURVE('',#620,#619,#79,.T.);
#776=EDGE_CURVE('',#620,#621,#80,.T.);
#777=EDGE_CURVE('',#621,#612,#81,.T.);
#778=EDGE_CURVE('',#615,#621,#82,.T.);
#779=EDGE_CURVE('',#617,#620,#518,.T.);
#780=EDGE_CURVE('',#614,#616,#83,.T.);
#781=EDGE_CURVE('',#622,#618,#519,.T.);
#782=EDGE_CURVE('',#619,#622,#520,.T.);
#783=EDGE_CURVE('',#623,#624,#521,.T.);
#784=EDGE_CURVE('',#625,#623,#84,.T.);
#785=EDGE_CURVE('',#626,#625,#85,.T.);
#786=EDGE_CURVE('',#624,#626,#522,.T.);
#787=EDGE_CURVE('',#627,#627,#523,.T.);
#788=EDGE_CURVE('',#628,#628,#524,.T.);
#789=EDGE_CURVE('',#629,#629,#525,.T.);
#790=EDGE_CURVE('',#630,#630,#526,.T.);
#791=EDGE_CURVE('',#627,#631,#86,.T.);
#792=EDGE_CURVE('',#631,#631,#527,.T.);
#793=EDGE_CURVE('',#630,#632,#87,.T.);
#794=EDGE_CURVE('',#632,#632,#528,.T.);
#795=EDGE_CURVE('',#629,#633,#88,.T.);
#796=EDGE_CURVE('',#633,#633,#529,.T.);
#797=EDGE_CURVE('',#628,#622,#89,.T.);
#798=EDGE_CURVE('',#624,#634,#90,.T.);
#799=EDGE_CURVE('',#635,#626,#91,.T.);
#800=EDGE_CURVE('',#634,#635,#530,.T.);
#801=EDGE_CURVE('',#636,#623,#92,.T.);
#802=EDGE_CURVE('',#636,#637,#93,.T.);
#803=EDGE_CURVE('',#637,#625,#94,.T.);
#804=EDGE_CURVE('',#638,#624,#95,.T.);
#805=EDGE_CURVE('',#636,#638,#531,.T.);
#806=EDGE_CURVE('',#639,#639,#532,.T.);
#807=EDGE_CURVE('',#639,#640,#96,.T.);
#808=EDGE_CURVE('',#640,#640,#533,.T.);
#809=EDGE_CURVE('',#641,#641,#534,.T.);
#810=EDGE_CURVE('',#641,#642,#97,.T.);
#811=EDGE_CURVE('',#642,#642,#535,.T.);
#812=EDGE_CURVE('',#643,#643,#536,.T.);
#813=EDGE_CURVE('',#643,#644,#98,.T.);
#814=EDGE_CURVE('',#644,#644,#537,.T.);
#815=EDGE_CURVE('',#645,#645,#538,.T.);
#816=EDGE_CURVE('',#645,#646,#99,.T.);
#817=EDGE_CURVE('',#646,#646,#539,.T.);
#818=EDGE_CURVE('',#647,#648,#100,.T.);
#819=EDGE_CURVE('',#649,#647,#101,.T.);
#820=EDGE_CURVE('',#650,#649,#102,.T.);
#821=EDGE_CURVE('',#651,#650,#103,.T.);
#822=EDGE_CURVE('',#652,#651,#104,.T.);
#823=EDGE_CURVE('',#648,#652,#105,.T.);
#824=EDGE_CURVE('',#653,#637,#106,.T.);
#825=EDGE_CURVE('',#653,#654,#107,.T.);
#826=EDGE_CURVE('',#647,#654,#108,.T.);
#827=EDGE_CURVE('',#648,#655,#109,.T.);
#828=EDGE_CURVE('',#655,#656,#110,.T.);
#829=EDGE_CURVE('',#635,#656,#111,.T.);
#830=EDGE_CURVE('',#657,#657,#540,.T.);
#831=EDGE_CURVE('',#658,#658,#541,.T.);
#832=EDGE_CURVE('',#659,#659,#542,.T.);
#833=EDGE_CURVE('',#660,#660,#543,.T.);
#834=EDGE_CURVE('',#661,#655,#112,.T.);
#835=EDGE_CURVE('',#662,#661,#113,.T.);
#836=EDGE_CURVE('',#663,#662,#114,.T.);
#837=EDGE_CURVE('',#664,#663,#115,.T.);
#838=EDGE_CURVE('',#654,#664,#116,.T.);
#839=EDGE_CURVE('',#665,#653,#117,.T.);
#840=EDGE_CURVE('',#666,#665,#118,.T.);
#841=EDGE_CURVE('',#656,#666,#119,.T.);
#842=EDGE_CURVE('',#663,#650,#120,.T.);
#843=EDGE_CURVE('',#664,#649,#121,.T.);
#844=EDGE_CURVE('',#662,#651,#122,.T.);
#845=EDGE_CURVE('',#661,#652,#123,.T.);
#846=EDGE_CURVE('',#657,#667,#124,.T.);
#847=EDGE_CURVE('',#667,#667,#544,.T.);
#848=EDGE_CURVE('',#658,#668,#125,.T.);
#849=EDGE_CURVE('',#668,#668,#545,.T.);
#850=EDGE_CURVE('',#659,#669,#126,.T.);
#851=EDGE_CURVE('',#669,#669,#546,.T.);
#852=EDGE_CURVE('',#660,#670,#127,.T.);
#853=EDGE_CURVE('',#670,#670,#547,.T.);
#854=EDGE_CURVE('',#665,#638,#128,.T.);
#855=EDGE_CURVE('',#666,#634,#129,.T.);
#856=ORIENTED_EDGE('',*,*,#671,.T.);
#857=ORIENTED_EDGE('',*,*,#672,.T.);
#858=ORIENTED_EDGE('',*,*,#673,.T.);
#859=ORIENTED_EDGE('',*,*,#674,.T.);
#860=ORIENTED_EDGE('',*,*,#675,.T.);
#861=ORIENTED_EDGE('',*,*,#676,.T.);
#862=ORIENTED_EDGE('',*,*,#677,.T.);
#863=ORIENTED_EDGE('',*,*,#678,.T.);
#864=ORIENTED_EDGE('',*,*,#679,.T.);
#865=ORIENTED_EDGE('',*,*,#680,.T.);
#866=ORIENTED_EDGE('',*,*,#681,.T.);
#867=ORIENTED_EDGE('',*,*,#682,.T.);
#868=ORIENTED_EDGE('',*,*,#683,.T.);
#869=ORIENTED_EDGE('',*,*,#684,.T.);
#870=ORIENTED_EDGE('',*,*,#685,.T.);
#871=ORIENTED_EDGE('',*,*,#686,.T.);
#872=ORIENTED_EDGE('',*,*,#687,.T.);
#873=ORIENTED_EDGE('',*,*,#688,.T.);
#874=ORIENTED_EDGE('',*,*,#689,.F.);
#875=ORIENTED_EDGE('',*,*,#690,.T.);
#876=ORIENTED_EDGE('',*,*,#691,.F.);
#877=ORIENTED_EDGE('',*,*,#690,.F.);
#878=ORIENTED_EDGE('',*,*,#689,.T.);
#879=ORIENTED_EDGE('',*,*,#692,.T.);
#880=ORIENTED_EDGE('',*,*,#693,.T.);
#881=ORIENTED_EDGE('',*,*,#694,.T.);
#882=ORIENTED_EDGE('',*,*,#695,.T.);
#883=ORIENTED_EDGE('',*,*,#696,.T.);
#884=ORIENTED_EDGE('',*,*,#697,.T.);
#885=ORIENTED_EDGE('',*,*,#698,.T.);
#886=ORIENTED_EDGE('',*,*,#699,.T.);
#887=ORIENTED_EDGE('',*,*,#700,.T.);
#888=ORIENTED_EDGE('',*,*,#701,.T.);
#889=ORIENTED_EDGE('',*,*,#702,.T.);
#890=ORIENTED_EDGE('',*,*,#703,.T.);
#891=ORIENTED_EDGE('',*,*,#704,.T.);
#892=ORIENTED_EDGE('',*,*,#705,.T.);
#893=ORIENTED_EDGE('',*,*,#706,.T.);
#894=ORIENTED_EDGE('',*,*,#707,.T.);
#895=ORIENTED_EDGE('',*,*,#708,.T.);
#896=ORIENTED_EDGE('',*,*,#709,.F.);
#897=ORIENTED_EDGE('',*,*,#698,.F.);
#898=ORIENTED_EDGE('',*,*,#710,.F.);
#899=ORIENTED_EDGE('',*,*,#686,.F.);
#900=ORIENTED_EDGE('',*,*,#710,.T.);
#901=ORIENTED_EDGE('',*,*,#697,.F.);
#902=ORIENTED_EDGE('',*,*,#711,.F.);
#903=ORIENTED_EDGE('',*,*,#687,.F.);
#904=ORIENTED_EDGE('',*,*,#711,.T.);
#905=ORIENTED_EDGE('',*,*,#696,.F.);
#906=ORIENTED_EDGE('',*,*,#712,.F.);
#907=ORIENTED_EDGE('',*,*,#688,.F.);
#908=ORIENTED_EDGE('',*,*,#712,.T.);
#909=ORIENTED_EDGE('',*,*,#699,.F.);
#910=ORIENTED_EDGE('',*,*,#709,.T.);
#911=ORIENTED_EDGE('',*,*,#685,.F.);
#912=ORIENTED_EDGE('',*,*,#713,.F.);
#913=ORIENTED_EDGE('',*,*,#707,.F.);
#914=ORIENTED_EDGE('',*,*,#714,.F.);
#915=ORIENTED_EDGE('',*,*,#682,.F.);
#916=ORIENTED_EDGE('',*,*,#714,.T.);
#917=ORIENTED_EDGE('',*,*,#706,.F.);
#918=ORIENTED_EDGE('',*,*,#715,.F.);
#919=ORIENTED_EDGE('',*,*,#683,.F.);
#920=ORIENTED_EDGE('',*,*,#715,.T.);
#921=ORIENTED_EDGE('',*,*,#705,.F.);
#922=ORIENTED_EDGE('',*,*,#716,.F.);
#923=ORIENTED_EDGE('',*,*,#684,.F.);
#924=ORIENTED_EDGE('',*,*,#716,.T.);
#925=ORIENTED_EDGE('',*,*,#708,.F.);
#926=ORIENTED_EDGE('',*,*,#713,.T.);
#927=ORIENTED_EDGE('',*,*,#681,.F.);
#928=ORIENTED_EDGE('',*,*,#717,.F.);
#929=ORIENTED_EDGE('',*,*,#703,.F.);
#930=ORIENTED_EDGE('',*,*,#718,.F.);
#931=ORIENTED_EDGE('',*,*,#678,.F.);
#932=ORIENTED_EDGE('',*,*,#718,.T.);
#933=ORIENTED_EDGE('',*,*,#702,.F.);
#934=ORIENTED_EDGE('',*,*,#719,.F.);
#935=ORIENTED_EDGE('',*,*,#679,.F.);
#936=ORIENTED_EDGE('',*,*,#719,.T.);
#937=ORIENTED_EDGE('',*,*,#701,.F.);
#938=ORIENTED_EDGE('',*,*,#720,.F.);
#939=ORIENTED_EDGE('',*,*,#680,.F.);
#940=ORIENTED_EDGE('',*,*,#720,.T.);
#941=ORIENTED_EDGE('',*,*,#704,.F.);
#942=ORIENTED_EDGE('',*,*,#717,.T.);
#943=ORIENTED_EDGE('',*,*,#677,.F.);
#944=ORIENTED_EDGE('',*,*,#721,.F.);
#945=ORIENTED_EDGE('',*,*,#694,.F.);
#946=ORIENTED_EDGE('',*,*,#722,.F.);
#947=ORIENTED_EDGE('',*,*,#674,.F.);
#948=ORIENTED_EDGE('',*,*,#722,.T.);
#949=ORIENTED_EDGE('',*,*,#693,.F.);
#950=ORIENTED_EDGE('',*,*,#723,.F.);
#951=ORIENTED_EDGE('',*,*,#675,.F.);
#952=ORIENTED_EDGE('',*,*,#723,.T.);
#953=ORIENTED_EDGE('',*,*,#692,.F.);
#954=ORIENTED_EDGE('',*,*,#724,.F.);
#955=ORIENTED_EDGE('',*,*,#676,.F.);
#956=ORIENTED_EDGE('',*,*,#724,.T.);
#957=ORIENTED_EDGE('',*,*,#695,.F.);
#958=ORIENTED_EDGE('',*,*,#721,.T.);
#959=ORIENTED_EDGE('',*,*,#673,.F.);
#960=ORIENTED_EDGE('',*,*,#700,.F.);
#961=ORIENTED_EDGE('',*,*,#725,.T.);
#962=ORIENTED_EDGE('',*,*,#672,.F.);
#963=ORIENTED_EDGE('',*,*,#725,.F.);
#964=ORIENTED_EDGE('',*,*,#726,.F.);
#965=ORIENTED_EDGE('',*,*,#727,.T.);
#966=ORIENTED_EDGE('',*,*,#671,.F.);
#967=ORIENTED_EDGE('',*,*,#727,.F.);
#968=ORIENTED_EDGE('',*,*,#726,.T.);
#969=ORIENTED_EDGE('',*,*,#691,.T.);
#970=ORIENTED_EDGE('',*,*,#728,.T.);
#971=ORIENTED_EDGE('',*,*,#729,.T.);
#972=ORIENTED_EDGE('',*,*,#730,.T.);
#973=ORIENTED_EDGE('',*,*,#731,.T.);
#974=ORIENTED_EDGE('',*,*,#732,.F.);
#975=ORIENTED_EDGE('',*,*,#733,.F.);
#976=ORIENTED_EDGE('',*,*,#732,.T.);
#977=ORIENTED_EDGE('',*,*,#734,.F.);
#978=ORIENTED_EDGE('',*,*,#735,.T.);
#979=ORIENTED_EDGE('',*,*,#736,.F.);
#980=ORIENTED_EDGE('',*,*,#731,.F.);
#981=ORIENTED_EDGE('',*,*,#737,.F.);
#982=ORIENTED_EDGE('',*,*,#738,.F.);
#983=ORIENTED_EDGE('',*,*,#734,.T.);
#984=ORIENTED_EDGE('',*,*,#735,.F.);
#985=ORIENTED_EDGE('',*,*,#738,.T.);
#986=ORIENTED_EDGE('',*,*,#739,.T.);
#987=ORIENTED_EDGE('',*,*,#740,.T.);
#988=ORIENTED_EDGE('',*,*,#741,.F.);
#989=ORIENTED_EDGE('',*,*,#742,.T.);
#990=ORIENTED_EDGE('',*,*,#740,.F.);
#991=ORIENTED_EDGE('',*,*,#743,.F.);
#992=ORIENTED_EDGE('',*,*,#744,.F.);
#993=ORIENTED_EDGE('',*,*,#745,.F.);
#994=ORIENTED_EDGE('',*,*,#746,.T.);
#995=ORIENTED_EDGE('',*,*,#744,.T.);
#996=ORIENTED_EDGE('',*,*,#747,.T.);
#997=ORIENTED_EDGE('',*,*,#748,.T.);
#998=ORIENTED_EDGE('',*,*,#749,.F.);
#999=ORIENTED_EDGE('',*,*,#750,.F.);
#1000=ORIENTED_EDGE('',*,*,#749,.T.);
#1001=ORIENTED_EDGE('',*,*,#751,.F.);
#1002=ORIENTED_EDGE('',*,*,#752,.T.);
#1003=ORIENTED_EDGE('',*,*,#753,.F.);
#1004=ORIENTED_EDGE('',*,*,#748,.F.);
#1005=ORIENTED_EDGE('',*,*,#754,.F.);
#1006=ORIENTED_EDGE('',*,*,#755,.F.);
#1007=ORIENTED_EDGE('',*,*,#751,.T.);
#1008=ORIENTED_EDGE('',*,*,#752,.F.);
#1009=ORIENTED_EDGE('',*,*,#755,.T.);
#1010=ORIENTED_EDGE('',*,*,#756,.T.);
#1011=ORIENTED_EDGE('',*,*,#757,.T.);
#1012=ORIENTED_EDGE('',*,*,#758,.F.);
#1013=ORIENTED_EDGE('',*,*,#759,.T.);
#1014=ORIENTED_EDGE('',*,*,#729,.F.);
#1015=ORIENTED_EDGE('',*,*,#760,.F.);
#1016=ORIENTED_EDGE('',*,*,#757,.F.);
#1017=ORIENTED_EDGE('',*,*,#761,.F.);
#1018=ORIENTED_EDGE('',*,*,#753,.T.);
#1019=ORIENTED_EDGE('',*,*,#759,.F.);
#1020=ORIENTED_EDGE('',*,*,#762,.F.);
#1021=ORIENTED_EDGE('',*,*,#763,.F.);
#1022=ORIENTED_EDGE('',*,*,#764,.T.);
#1023=ORIENTED_EDGE('',*,*,#765,.T.);
#1024=ORIENTED_EDGE('',*,*,#766,.F.);
#1025=ORIENTED_EDGE('',*,*,#750,.T.);
#1026=ORIENTED_EDGE('',*,*,#760,.T.);
#1027=ORIENTED_EDGE('',*,*,#728,.F.);
#1028=ORIENTED_EDGE('',*,*,#767,.F.);
#1029=ORIENTED_EDGE('',*,*,#768,.F.);
#1030=ORIENTED_EDGE('',*,*,#762,.T.);
#1031=ORIENTED_EDGE('',*,*,#758,.T.);
#1032=ORIENTED_EDGE('',*,*,#745,.T.);
#1033=ORIENTED_EDGE('',*,*,#746,.F.);
#1034=ORIENTED_EDGE('',*,*,#766,.T.);
#1035=ORIENTED_EDGE('',*,*,#769,.T.);
#1036=ORIENTED_EDGE('',*,*,#770,.F.);
#1037=ORIENTED_EDGE('',*,*,#741,.T.);
#1038=ORIENTED_EDGE('',*,*,#771,.F.);
#1039=ORIENTED_EDGE('',*,*,#772,.T.);
#1040=ORIENTED_EDGE('',*,*,#773,.F.);
#1041=ORIENTED_EDGE('',*,*,#774,.F.);
#1042=ORIENTED_EDGE('',*,*,#775,.F.);
#1043=ORIENTED_EDGE('',*,*,#776,.T.);
#1044=ORIENTED_EDGE('',*,*,#777,.T.);
#1045=ORIENTED_EDGE('',*,*,#764,.F.);
#1046=ORIENTED_EDGE('',*,*,#770,.T.);
#1047=ORIENTED_EDGE('',*,*,#778,.T.);
#1048=ORIENTED_EDGE('',*,*,#776,.F.);
#1049=ORIENTED_EDGE('',*,*,#779,.F.);
#1050=ORIENTED_EDGE('',*,*,#772,.F.);
#1051=ORIENTED_EDGE('',*,*,#780,.F.);
#1052=ORIENTED_EDGE('',*,*,#767,.T.);
#1053=ORIENTED_EDGE('',*,*,#733,.T.);
#1054=ORIENTED_EDGE('',*,*,#736,.T.);
#1055=ORIENTED_EDGE('',*,*,#742,.F.);
#1056=ORIENTED_EDGE('',*,*,#769,.F.);
#1057=ORIENTED_EDGE('',*,*,#765,.F.);
#1058=ORIENTED_EDGE('',*,*,#777,.F.);
#1059=ORIENTED_EDGE('',*,*,#778,.F.);
#1060=ORIENTED_EDGE('',*,*,#774,.T.);
#1061=ORIENTED_EDGE('',*,*,#781,.F.);
#1062=ORIENTED_EDGE('',*,*,#782,.F.);
#1063=ORIENTED_EDGE('',*,*,#783,.F.);
#1064=ORIENTED_EDGE('',*,*,#784,.F.);
#1065=ORIENTED_EDGE('',*,*,#785,.F.);
#1066=ORIENTED_EDGE('',*,*,#786,.F.);
#1067=ORIENTED_EDGE('',*,*,#787,.T.);
#1068=ORIENTED_EDGE('',*,*,#788,.T.);
#1069=ORIENTED_EDGE('',*,*,#789,.T.);
#1070=ORIENTED_EDGE('',*,*,#790,.T.);
#1071=ORIENTED_EDGE('',*,*,#787,.F.);
#1072=ORIENTED_EDGE('',*,*,#791,.T.);
#1073=ORIENTED_EDGE('',*,*,#792,.F.);
#1074=ORIENTED_EDGE('',*,*,#791,.F.);
#1075=ORIENTED_EDGE('',*,*,#790,.F.);
#1076=ORIENTED_EDGE('',*,*,#793,.T.);
#1077=ORIENTED_EDGE('',*,*,#794,.T.);
#1078=ORIENTED_EDGE('',*,*,#793,.F.);
#1079=ORIENTED_EDGE('',*,*,#794,.F.);
#1080=ORIENTED_EDGE('',*,*,#789,.F.);
#1081=ORIENTED_EDGE('',*,*,#795,.T.);
#1082=ORIENTED_EDGE('',*,*,#796,.T.);
#1083=ORIENTED_EDGE('',*,*,#795,.F.);
#1084=ORIENTED_EDGE('',*,*,#796,.F.);
#1085=ORIENTED_EDGE('',*,*,#788,.F.);
#1086=ORIENTED_EDGE('',*,*,#797,.T.);
#1087=ORIENTED_EDGE('',*,*,#781,.T.);
#1088=ORIENTED_EDGE('',*,*,#773,.T.);
#1089=ORIENTED_EDGE('',*,*,#779,.T.);
#1090=ORIENTED_EDGE('',*,*,#775,.T.);
#1091=ORIENTED_EDGE('',*,*,#782,.T.);
#1092=ORIENTED_EDGE('',*,*,#797,.F.);
#1093=ORIENTED_EDGE('',*,*,#798,.F.);
#1094=ORIENTED_EDGE('',*,*,#786,.T.);
#1095=ORIENTED_EDGE('',*,*,#799,.F.);
#1096=ORIENTED_EDGE('',*,*,#800,.F.);
#1097=ORIENTED_EDGE('',*,*,#784,.T.);
#1098=ORIENTED_EDGE('',*,*,#801,.F.);
#1099=ORIENTED_EDGE('',*,*,#802,.T.);
#1100=ORIENTED_EDGE('',*,*,#803,.T.);
#1101=ORIENTED_EDGE('',*,*,#783,.T.);
#1102=ORIENTED_EDGE('',*,*,#804,.F.);
#1103=ORIENTED_EDGE('',*,*,#805,.F.);
#1104=ORIENTED_EDGE('',*,*,#801,.T.);
#1105=ORIENTED_EDGE('',*,*,#806,.F.);
#1106=ORIENTED_EDGE('',*,*,#807,.T.);
#1107=ORIENTED_EDGE('',*,*,#808,.T.);
#1108=ORIENTED_EDGE('',*,*,#807,.F.);
#1109=ORIENTED_EDGE('',*,*,#808,.F.);
#1110=ORIENTED_EDGE('',*,*,#809,.F.);
#1111=ORIENTED_EDGE('',*,*,#810,.T.);
#1112=ORIENTED_EDGE('',*,*,#811,.T.);
#1113=ORIENTED_EDGE('',*,*,#810,.F.);
#1114=ORIENTED_EDGE('',*,*,#811,.F.);
#1115=ORIENTED_EDGE('',*,*,#812,.F.);
#1116=ORIENTED_EDGE('',*,*,#813,.T.);
#1117=ORIENTED_EDGE('',*,*,#814,.T.);
#1118=ORIENTED_EDGE('',*,*,#813,.F.);
#1119=ORIENTED_EDGE('',*,*,#814,.F.);
#1120=ORIENTED_EDGE('',*,*,#815,.F.);
#1121=ORIENTED_EDGE('',*,*,#816,.T.);
#1122=ORIENTED_EDGE('',*,*,#817,.T.);
#1123=ORIENTED_EDGE('',*,*,#816,.F.);
#1124=ORIENTED_EDGE('',*,*,#817,.F.);
#1125=ORIENTED_EDGE('',*,*,#818,.F.);
#1126=ORIENTED_EDGE('',*,*,#819,.F.);
#1127=ORIENTED_EDGE('',*,*,#820,.F.);
#1128=ORIENTED_EDGE('',*,*,#821,.F.);
#1129=ORIENTED_EDGE('',*,*,#822,.F.);
#1130=ORIENTED_EDGE('',*,*,#823,.F.);
#1131=ORIENTED_EDGE('',*,*,#763,.T.);
#1132=ORIENTED_EDGE('',*,*,#768,.T.);
#1133=ORIENTED_EDGE('',*,*,#780,.T.);
#1134=ORIENTED_EDGE('',*,*,#771,.T.);
#1135=ORIENTED_EDGE('',*,*,#785,.T.);
#1136=ORIENTED_EDGE('',*,*,#803,.F.);
#1137=ORIENTED_EDGE('',*,*,#824,.F.);
#1138=ORIENTED_EDGE('',*,*,#825,.T.);
#1139=ORIENTED_EDGE('',*,*,#826,.F.);
#1140=ORIENTED_EDGE('',*,*,#818,.T.);
#1141=ORIENTED_EDGE('',*,*,#827,.T.);
#1142=ORIENTED_EDGE('',*,*,#828,.T.);
#1143=ORIENTED_EDGE('',*,*,#829,.F.);
#1144=ORIENTED_EDGE('',*,*,#799,.T.);
#1145=ORIENTED_EDGE('',*,*,#737,.T.);
#1146=ORIENTED_EDGE('',*,*,#730,.F.);
#1147=ORIENTED_EDGE('',*,*,#761,.T.);
#1148=ORIENTED_EDGE('',*,*,#756,.F.);
#1149=ORIENTED_EDGE('',*,*,#754,.T.);
#1150=ORIENTED_EDGE('',*,*,#747,.F.);
#1151=ORIENTED_EDGE('',*,*,#743,.T.);
#1152=ORIENTED_EDGE('',*,*,#739,.F.);
#1153=ORIENTED_EDGE('',*,*,#830,.T.);
#1154=ORIENTED_EDGE('',*,*,#831,.T.);
#1155=ORIENTED_EDGE('',*,*,#832,.T.);
#1156=ORIENTED_EDGE('',*,*,#833,.T.);
#1157=ORIENTED_EDGE('',*,*,#828,.F.);
#1158=ORIENTED_EDGE('',*,*,#834,.F.);
#1159=ORIENTED_EDGE('',*,*,#835,.F.);
#1160=ORIENTED_EDGE('',*,*,#836,.F.);
#1161=ORIENTED_EDGE('',*,*,#837,.F.);
#1162=ORIENTED_EDGE('',*,*,#838,.F.);
#1163=ORIENTED_EDGE('',*,*,#825,.F.);
#1164=ORIENTED_EDGE('',*,*,#839,.F.);
#1165=ORIENTED_EDGE('',*,*,#840,.F.);
#1166=ORIENTED_EDGE('',*,*,#841,.F.);
#1167=ORIENTED_EDGE('',*,*,#806,.T.);
#1168=ORIENTED_EDGE('',*,*,#809,.T.);
#1169=ORIENTED_EDGE('',*,*,#812,.T.);
#1170=ORIENTED_EDGE('',*,*,#815,.T.);
#1171=ORIENTED_EDGE('',*,*,#837,.T.);
#1172=ORIENTED_EDGE('',*,*,#842,.T.);
#1173=ORIENTED_EDGE('',*,*,#820,.T.);
#1174=ORIENTED_EDGE('',*,*,#843,.F.);
#1175=ORIENTED_EDGE('',*,*,#836,.T.);
#1176=ORIENTED_EDGE('',*,*,#844,.T.);
#1177=ORIENTED_EDGE('',*,*,#821,.T.);
#1178=ORIENTED_EDGE('',*,*,#842,.F.);
#1179=ORIENTED_EDGE('',*,*,#835,.T.);
#1180=ORIENTED_EDGE('',*,*,#845,.T.);
#1181=ORIENTED_EDGE('',*,*,#822,.T.);
#1182=ORIENTED_EDGE('',*,*,#844,.F.);
#1183=ORIENTED_EDGE('',*,*,#834,.T.);
#1184=ORIENTED_EDGE('',*,*,#827,.F.);
#1185=ORIENTED_EDGE('',*,*,#823,.T.);
#1186=ORIENTED_EDGE('',*,*,#845,.F.);
#1187=ORIENTED_EDGE('',*,*,#830,.F.);
#1188=ORIENTED_EDGE('',*,*,#846,.T.);
#1189=ORIENTED_EDGE('',*,*,#847,.T.);
#1190=ORIENTED_EDGE('',*,*,#846,.F.);
#1191=ORIENTED_EDGE('',*,*,#847,.F.);
#1192=ORIENTED_EDGE('',*,*,#831,.F.);
#1193=ORIENTED_EDGE('',*,*,#848,.T.);
#1194=ORIENTED_EDGE('',*,*,#849,.T.);
#1195=ORIENTED_EDGE('',*,*,#848,.F.);
#1196=ORIENTED_EDGE('',*,*,#849,.F.);
#1197=ORIENTED_EDGE('',*,*,#832,.F.);
#1198=ORIENTED_EDGE('',*,*,#850,.T.);
#1199=ORIENTED_EDGE('',*,*,#851,.T.);
#1200=ORIENTED_EDGE('',*,*,#850,.F.);
#1201=ORIENTED_EDGE('',*,*,#851,.F.);
#1202=ORIENTED_EDGE('',*,*,#833,.F.);
#1203=ORIENTED_EDGE('',*,*,#852,.T.);
#1204=ORIENTED_EDGE('',*,*,#853,.T.);
#1205=ORIENTED_EDGE('',*,*,#852,.F.);
#1206=ORIENTED_EDGE('',*,*,#853,.F.);
#1207=ORIENTED_EDGE('',*,*,#838,.T.);
#1208=ORIENTED_EDGE('',*,*,#843,.T.);
#1209=ORIENTED_EDGE('',*,*,#819,.T.);
#1210=ORIENTED_EDGE('',*,*,#826,.T.);
#1211=ORIENTED_EDGE('',*,*,#839,.T.);
#1212=ORIENTED_EDGE('',*,*,#824,.T.);
#1213=ORIENTED_EDGE('',*,*,#802,.F.);
#1214=ORIENTED_EDGE('',*,*,#805,.T.);
#1215=ORIENTED_EDGE('',*,*,#854,.F.);
#1216=ORIENTED_EDGE('',*,*,#792,.T.);
#1217=ORIENTED_EDGE('',*,*,#840,.T.);
#1218=ORIENTED_EDGE('',*,*,#854,.T.);
#1219=ORIENTED_EDGE('',*,*,#804,.T.);
#1220=ORIENTED_EDGE('',*,*,#798,.T.);
#1221=ORIENTED_EDGE('',*,*,#855,.F.);
#1222=ORIENTED_EDGE('',*,*,#800,.T.);
#1223=ORIENTED_EDGE('',*,*,#829,.T.);
#1224=ORIENTED_EDGE('',*,*,#841,.T.);
#1225=ORIENTED_EDGE('',*,*,#855,.T.);
#1226=PLANE('',#1356);
#1227=PLANE('',#1370);
#1228=PLANE('',#1391);
#1229=PLANE('',#1396);
#1230=PLANE('',#1398);
#1231=PLANE('',#1402);
#1232=PLANE('',#1407);
#1233=PLANE('',#1409);
#1234=PLANE('',#1413);
#1235=PLANE('',#1414);
#1236=PLANE('',#1415);
#1237=PLANE('',#1416);
#1238=PLANE('',#1417);
#1239=PLANE('',#1418);
#1240=PLANE('',#1420);
#1241=PLANE('',#1421);
#1242=PLANE('',#1424);
#1243=PLANE('',#1435);
#1244=PLANE('',#1438);
#1245=PLANE('',#1442);
#1246=PLANE('',#1448);
#1247=PLANE('',#1452);
#1248=PLANE('',#1456);
#1249=PLANE('',#1460);
#1250=PLANE('',#1461);
#1251=PLANE('',#1462);
#1252=PLANE('',#1467);
#1253=PLANE('',#1468);
#1254=PLANE('',#1469);
#1255=PLANE('',#1470);
#1256=PLANE('',#1471);
#1257=PLANE('',#1474);
#1258=PLANE('',#1477);
#1259=PLANE('',#1480);
#1260=PLANE('',#1483);
#1261=PLANE('',#1484);
#1262=PLANE('',#1485);
#1263=PLANE('',#1486);
#1264=PLANE('',#1487);
#1265=ADVANCED_FACE('',(#306,#280,#281,#282,#283,#284),#1226,.F.);
#1266=ADVANCED_FACE('',(#307),#235,.T.);
#1267=ADVANCED_FACE('',(#308,#285,#286,#287,#288,#289),#1227,.T.);
#1268=ADVANCED_FACE('',(#309),#236,.F.);
#1269=ADVANCED_FACE('',(#310),#17,.T.);
#1270=ADVANCED_FACE('',(#311),#237,.F.);
#1271=ADVANCED_FACE('',(#312),#18,.T.);
#1272=ADVANCED_FACE('',(#313),#238,.F.);
#1273=ADVANCED_FACE('',(#314),#19,.T.);
#1274=ADVANCED_FACE('',(#315),#239,.F.);
#1275=ADVANCED_FACE('',(#316),#20,.T.);
#1276=ADVANCED_FACE('',(#317),#240,.F.);
#1277=ADVANCED_FACE('',(#318),#21,.T.);
#1278=ADVANCED_FACE('',(#319),#241,.F.);
#1279=ADVANCED_FACE('',(#320),#22,.T.);
#1280=ADVANCED_FACE('',(#321),#242,.F.);
#1281=ADVANCED_FACE('',(#322),#23,.T.);
#1282=ADVANCED_FACE('',(#323),#243,.F.);
#1283=ADVANCED_FACE('',(#324),#24,.T.);
#1284=ADVANCED_FACE('',(#325),#244,.F.);
#1285=ADVANCED_FACE('',(#326),#245,.T.);
#1286=ADVANCED_FACE('',(#327,#290),#1228,.T.);
#1287=ADVANCED_FACE('',(#328),#246,.F.);
#1288=ADVANCED_FACE('',(#329),#1229,.F.);
#1289=ADVANCED_FACE('',(#330),#1230,.F.);
#1290=ADVANCED_FACE('',(#331),#247,.F.);
#1291=ADVANCED_FACE('',(#332),#1231,.F.);
#1292=ADVANCED_FACE('',(#333),#248,.F.);
#1293=ADVANCED_FACE('',(#334),#1232,.F.);
#1294=ADVANCED_FACE('',(#335),#1233,.F.);
#1295=ADVANCED_FACE('',(#336),#249,.F.);
#1296=ADVANCED_FACE('',(#337),#1234,.F.);
#1297=ADVANCED_FACE('',(#338),#1235,.F.);
#1298=ADVANCED_FACE('',(#339),#1236,.F.);
#1299=ADVANCED_FACE('',(#340),#1237,.F.);
#1300=ADVANCED_FACE('',(#341),#1238,.F.);
#1301=ADVANCED_FACE('',(#342),#1239,.F.);
#1302=ADVANCED_FACE('',(#343),#1240,.F.);
#1303=ADVANCED_FACE('',(#344),#1241,.T.);
#1304=ADVANCED_FACE('',(#345,#291,#292,#293,#294),#1242,.T.);
#1305=ADVANCED_FACE('',(#346),#250,.F.);
#1306=ADVANCED_FACE('',(#347),#251,.F.);
#1307=ADVANCED_FACE('',(#348),#1243,.T.);
#1308=ADVANCED_FACE('',(#349),#252,.F.);
#1309=ADVANCED_FACE('',(#350),#1244,.T.);
#1310=ADVANCED_FACE('',(#351),#253,.F.);
#1311=ADVANCED_FACE('',(#352),#254,.F.);
#1312=ADVANCED_FACE('',(#353),#1245,.F.);
#1313=ADVANCED_FACE('',(#354),#255,.T.);
#1314=ADVANCED_FACE('',(#355),#256,.F.);
#1315=ADVANCED_FACE('',(#356),#1246,.T.);
#1316=ADVANCED_FACE('',(#357),#257,.F.);
#1317=ADVANCED_FACE('',(#358),#1247,.T.);
#1318=ADVANCED_FACE('',(#359),#258,.F.);
#1319=ADVANCED_FACE('',(#360),#1248,.T.);
#1320=ADVANCED_FACE('',(#361),#259,.F.);
#1321=ADVANCED_FACE('',(#362),#1249,.T.);
#1322=ADVANCED_FACE('',(#363,#295),#1250,.F.);
#1323=ADVANCED_FACE('',(#364,#296,#297,#298,#299,#300),#1251,.F.);
#1324=ADVANCED_FACE('',(#365,#301,#302,#303,#304),#1252,.F.);
#1325=ADVANCED_FACE('',(#366),#1253,.F.);
#1326=ADVANCED_FACE('',(#367),#1254,.F.);
#1327=ADVANCED_FACE('',(#368),#1255,.F.);
#1328=ADVANCED_FACE('',(#369),#1256,.F.);
#1329=ADVANCED_FACE('',(#370),#260,.F.);
#1330=ADVANCED_FACE('',(#371),#1257,.T.);
#1331=ADVANCED_FACE('',(#372),#261,.F.);
#1332=ADVANCED_FACE('',(#373),#1258,.T.);
#1333=ADVANCED_FACE('',(#374),#262,.F.);
#1334=ADVANCED_FACE('',(#375),#1259,.T.);
#1335=ADVANCED_FACE('',(#376),#263,.F.);
#1336=ADVANCED_FACE('',(#377),#1260,.T.);
#1337=ADVANCED_FACE('',(#378),#1261,.F.);
#1338=ADVANCED_FACE('',(#379,#305),#1262,.F.);
#1339=ADVANCED_FACE('',(#380),#1263,.T.);
#1340=ADVANCED_FACE('',(#381),#1264,.T.);
#1341=CLOSED_SHELL('',(#1265,#1266,#1267,#1268,#1269,#1270,#1271,#1272,
#1273,#1274,#1275,#1276,#1277,#1278,#1279,#1280,#1281,#1282,#1283,#1284,
#1285,#1286));
#1342=CLOSED_SHELL('',(#1287,#1288,#1289,#1290,#1291,#1292,#1293,#1294,
#1295,#1296,#1297,#1298,#1299,#1300,#1301,#1302,#1303,#1304,#1305,#1306,
#1307,#1308,#1309,#1310,#1311,#1312,#1313,#1314,#1315,#1316,#1317,#1318,
#1319,#1320,#1321,#1322,#1323,#1324,#1325,#1326,#1327,#1328,#1329,#1330,
#1331,#1332,#1333,#1334,#1335,#1336,#1337,#1338,#1339,#1340));
#1343=DERIVED_UNIT_ELEMENT(#1345,1.);
#1344=DERIVED_UNIT_ELEMENT(#2673,-3.);
#1345=(
MASS_UNIT()
NAMED_UNIT(*)
SI_UNIT(.KILO.,.GRAM.)
);
#1346=DERIVED_UNIT((#1343,#1344));
#1347=MEASURE_REPRESENTATION_ITEM('density measure',
POSITIVE_RATIO_MEASURE(7850.),#1346);
#1348=PROPERTY_DEFINITION_REPRESENTATION(#1353,#1350);
#1349=PROPERTY_DEFINITION_REPRESENTATION(#1354,#1351);
#1350=REPRESENTATION('material name',(#1352),#2670);
#1351=REPRESENTATION('density',(#1347),#2670);
#1352=DESCRIPTIVE_REPRESENTATION_ITEM('Steel','Steel');
#1353=PROPERTY_DEFINITION('material property','material name',#2680);
#1354=PROPERTY_DEFINITION('material property','density of part',#2680);
#1355=AXIS2_PLACEMENT_3D('',#1859,#1488,#1489);
#1356=AXIS2_PLACEMENT_3D('',#1860,#1490,#1491);
#1357=AXIS2_PLACEMENT_3D('',#1862,#1492,#1493);
#1358=AXIS2_PLACEMENT_3D('',#1864,#1494,#1495);
#1359=AXIS2_PLACEMENT_3D('',#1882,#1496,#1497);
#1360=AXIS2_PLACEMENT_3D('',#1898,#1498,#1499);
#1361=AXIS2_PLACEMENT_3D('',#1916,#1500,#1501);
#1362=AXIS2_PLACEMENT_3D('',#1932,#1502,#1503);
#1363=AXIS2_PLACEMENT_3D('',#1950,#1504,#1505);
#1364=AXIS2_PLACEMENT_3D('',#1966,#1506,#1507);
#1365=AXIS2_PLACEMENT_3D('',#1984,#1508,#1509);
#1366=AXIS2_PLACEMENT_3D('',#2000,#1510,#1511);
#1367=AXIS2_PLACEMENT_3D('',#2001,#1512,#1513);
#1368=AXIS2_PLACEMENT_3D('',#2003,#1514,#1515);
#1369=AXIS2_PLACEMENT_3D('',#2006,#1517,#1518);
#1370=AXIS2_PLACEMENT_3D('',#2007,#1519,#1520);
#1371=AXIS2_PLACEMENT_3D('',#2010,#1521,#1522);
#1372=AXIS2_PLACEMENT_3D('',#2027,#1523,#1524);
#1373=AXIS2_PLACEMENT_3D('',#2044,#1525,#1526);
#1374=AXIS2_PLACEMENT_3D('',#2061,#1527,#1528);
#1375=AXIS2_PLACEMENT_3D('',#2077,#1529,#1530);
#1376=AXIS2_PLACEMENT_3D('',#2080,#1531,#1532);
#1377=AXIS2_PLACEMENT_3D('',#2097,#1533,#1534);
#1378=AXIS2_PLACEMENT_3D('',#2114,#1535,#1536);
#1379=AXIS2_PLACEMENT_3D('',#2131,#1537,#1538);
#1380=AXIS2_PLACEMENT_3D('',#2146,#1539,#1540);
#1381=AXIS2_PLACEMENT_3D('',#2178,#1544,#1545);
#1382=AXIS2_PLACEMENT_3D('',#2208,#1547,#1548);
#1383=AXIS2_PLACEMENT_3D('',#2240,#1552,#1553);
#1384=AXIS2_PLACEMENT_3D('',#2270,#1555,#1556);
#1385=AXIS2_PLACEMENT_3D('',#2302,#1560,#1561);
#1386=AXIS2_PLACEMENT_3D('',#2332,#1563,#1564);
#1387=AXIS2_PLACEMENT_3D('',#2364,#1568,#1569);
#1388=AXIS2_PLACEMENT_3D('',#2394,#1571,#1572);
#1389=AXIS2_PLACEMENT_3D('',#2396,#1574,#1575);
#1390=AXIS2_PLACEMENT_3D('',#2398,#1576,#1577);
#1391=AXIS2_PLACEMENT_3D('',#2400,#1579,#1580);
#1392=AXIS2_PLACEMENT_3D('',#2401,#1581,#1582);
#1393=AXIS2_PLACEMENT_3D('',#2404,#1583,#1584);
#1394=AXIS2_PLACEMENT_3D('',#2408,#1586,#1587);
#1395=AXIS2_PLACEMENT_3D('',#2412,#1589,#1590);
#1396=AXIS2_PLACEMENT_3D('',#2414,#1592,#1593);
#1397=AXIS2_PLACEMENT_3D('',#2418,#1595,#1596);
#1398=AXIS2_PLACEMENT_3D('',#2420,#1598,#1599);
#1399=AXIS2_PLACEMENT_3D('',#2424,#1602,#1603);
#1400=AXIS2_PLACEMENT_3D('',#2426,#1604,#1605);
#1401=AXIS2_PLACEMENT_3D('',#2430,#1607,#1608);
#1402=AXIS2_PLACEMENT_3D('',#2432,#1610,#1611);
#1403=AXIS2_PLACEMENT_3D('',#2438,#1615,#1616);
#1404=AXIS2_PLACEMENT_3D('',#2440,#1617,#1618);
#1405=AXIS2_PLACEMENT_3D('',#2442,#1619,#1620);
#1406=AXIS2_PLACEMENT_3D('',#2446,#1622,#1623);
#1407=AXIS2_PLACEMENT_3D('',#2448,#1625,#1626);
#1408=AXIS2_PLACEMENT_3D('',#2452,#1628,#1629);
#1409=AXIS2_PLACEMENT_3D('',#2454,#1631,#1632);
#1410=AXIS2_PLACEMENT_3D('',#2458,#1635,#1636);
#1411=AXIS2_PLACEMENT_3D('',#2460,#1637,#1638);
#1412=AXIS2_PLACEMENT_3D('',#2464,#1640,#1641);
#1413=AXIS2_PLACEMENT_3D('',#2466,#1643,#1644);
#1414=AXIS2_PLACEMENT_3D('',#2469,#1647,#1648);
#1415=AXIS2_PLACEMENT_3D('',#2479,#1654,#1655);
#1416=AXIS2_PLACEMENT_3D('',#2483,#1658,#1659);
#1417=AXIS2_PLACEMENT_3D('',#2487,#1662,#1663);
#1418=AXIS2_PLACEMENT_3D('',#2501,#1671,#1672);
#1419=AXIS2_PLACEMENT_3D('',#2503,#1674,#1675);
#1420=AXIS2_PLACEMENT_3D('',#2505,#1677,#1678);
#1421=AXIS2_PLACEMENT_3D('',#2506,#1679,#1680);
#1422=AXIS2_PLACEMENT_3D('',#2508,#1681,#1682);
#1423=AXIS2_PLACEMENT_3D('',#2509,#1683,#1684);
#1424=AXIS2_PLACEMENT_3D('',#2510,#1685,#1686);
#1425=AXIS2_PLACEMENT_3D('',#2513,#1687,#1688);
#1426=AXIS2_PLACEMENT_3D('',#2518,#1691,#1692);
#1427=AXIS2_PLACEMENT_3D('',#2520,#1693,#1694);
#1428=AXIS2_PLACEMENT_3D('',#2522,#1695,#1696);
#1429=AXIS2_PLACEMENT_3D('',#2524,#1697,#1698);
#1430=AXIS2_PLACEMENT_3D('',#2526,#1699,#1700);
#1431=AXIS2_PLACEMENT_3D('',#2527,#1701,#1702);
#1432=AXIS2_PLACEMENT_3D('',#2530,#1704,#1705);
#1433=AXIS2_PLACEMENT_3D('',#2531,#1706,#1707);
#1434=AXIS2_PLACEMENT_3D('',#2534,#1709,#1710);
#1435=AXIS2_PLACEMENT_3D('',#2535,#1711,#1712);
#1436=AXIS2_PLACEMENT_3D('',#2536,#1713,#1714);
#1437=AXIS2_PLACEMENT_3D('',#2539,#1716,#1717);
#1438=AXIS2_PLACEMENT_3D('',#2540,#1718,#1719);
#1439=AXIS2_PLACEMENT_3D('',#2541,#1720,#1721);
#1440=AXIS2_PLACEMENT_3D('',#2543,#1723,#1724);
#1441=AXIS2_PLACEMENT_3D('',#2548,#1727,#1728);
#1442=AXIS2_PLACEMENT_3D('',#2549,#1729,#1730);
#1443=AXIS2_PLACEMENT_3D('',#2555,#1734,#1735);
#1444=AXIS2_PLACEMENT_3D('',#2558,#1737,#1738);
#1445=AXIS2_PLACEMENT_3D('',#2559,#1739,#1740);
#1446=AXIS2_PLACEMENT_3D('',#2561,#1741,#1742);
#1447=AXIS2_PLACEMENT_3D('',#2564,#1744,#1745);
#1448=AXIS2_PLACEMENT_3D('',#2565,#1746,#1747);
#1449=AXIS2_PLACEMENT_3D('',#2566,#1748,#1749);
#1450=AXIS2_PLACEMENT_3D('',#2568,#1750,#1751);
#1451=AXIS2_PLACEMENT_3D('',#2571,#1753,#1754);
#1452=AXIS2_PLACEMENT_3D('',#2572,#1755,#1756);
#1453=AXIS2_PLACEMENT_3D('',#2573,#1757,#1758);
#1454=AXIS2_PLACEMENT_3D('',#2575,#1759,#1760);
#1455=AXIS2_PLACEMENT_3D('',#2578,#1762,#1763);
#1456=AXIS2_PLACEMENT_3D('',#2579,#1764,#1765);
#1457=AXIS2_PLACEMENT_3D('',#2580,#1766,#1767);
#1458=AXIS2_PLACEMENT_3D('',#2582,#1768,#1769);
#1459=AXIS2_PLACEMENT_3D('',#2585,#1771,#1772);
#1460=AXIS2_PLACEMENT_3D('',#2586,#1773,#1774);
#1461=AXIS2_PLACEMENT_3D('',#2587,#1775,#1776);
#1462=AXIS2_PLACEMENT_3D('',#2600,#1783,#1784);
#1463=AXIS2_PLACEMENT_3D('',#2612,#1791,#1792);
#1464=AXIS2_PLACEMENT_3D('',#2614,#1793,#1794);
#1465=AXIS2_PLACEMENT_3D('',#2616,#1795,#1796);
#1466=AXIS2_PLACEMENT_3D('',#2618,#1797,#1798);
#1467=AXIS2_PLACEMENT_3D('',#2619,#1799,#1800);
#1468=AXIS2_PLACEMENT_3D('',#2634,#1809,#1810);
#1469=AXIS2_PLACEMENT_3D('',#2637,#1813,#1814);
#1470=AXIS2_PLACEMENT_3D('',#2639,#1816,#1817);
#1471=AXIS2_PLACEMENT_3D('',#2641,#1819,#1820);
#1472=AXIS2_PLACEMENT_3D('',#2642,#1821,#1822);
#1473=AXIS2_PLACEMENT_3D('',#2645,#1824,#1825);
#1474=AXIS2_PLACEMENT_3D('',#2646,#1826,#1827);
#1475=AXIS2_PLACEMENT_3D('',#2647,#1828,#1829);
#1476=AXIS2_PLACEMENT_3D('',#2650,#1831,#1832);
#1477=AXIS2_PLACEMENT_3D('',#2651,#1833,#1834);
#1478=AXIS2_PLACEMENT_3D('',#2652,#1835,#1836);
#1479=AXIS2_PLACEMENT_3D('',#2655,#1838,#1839);
#1480=AXIS2_PLACEMENT_3D('',#2656,#1840,#1841);
#1481=AXIS2_PLACEMENT_3D('',#2657,#1842,#1843);
#1482=AXIS2_PLACEMENT_3D('',#2660,#1845,#1846);
#1483=AXIS2_PLACEMENT_3D('',#2661,#1847,#1848);
#1484=AXIS2_PLACEMENT_3D('',#2662,#1849,#1850);
#1485=AXIS2_PLACEMENT_3D('',#2663,#1851,#1852);
#1486=AXIS2_PLACEMENT_3D('',#2665,#1854,#1855);
#1487=AXIS2_PLACEMENT_3D('',#2667,#1857,#1858);
#1488=DIRECTION('axis',(0.,0.,1.));
#1489=DIRECTION('refdir',(1.,0.,0.));
#1490=DIRECTION('center_axis',(1.0285939146909E-16,1.,1.22464679914735E-16));
#1491=DIRECTION('ref_axis',(1.,-1.0285939146909E-16,1.13369782072379E-31));
#1492=DIRECTION('center_axis',(-1.0285939146909E-16,-1.,-1.22464679914735E-16));
#1493=DIRECTION('ref_axis',(1.,-1.0285939146909E-16,1.13369782072379E-31));
#1494=DIRECTION('center_axis',(1.0285939146909E-16,1.,1.22464679914735E-16));
#1495=DIRECTION('ref_axis',(-1.,1.0285939146909E-16,-1.13369782072379E-31));
#1496=DIRECTION('center_axis',(1.0285939146909E-16,1.,1.22464679914735E-16));
#1497=DIRECTION('ref_axis',(-1.,1.0285939146909E-16,-1.13369782072379E-31));
#1498=DIRECTION('center_axis',(1.0285939146909E-16,1.,1.22464679914735E-16));
#1499=DIRECTION('ref_axis',(-1.,1.02859391469091E-16,-7.91474612500111E-15));
#1500=DIRECTION('center_axis',(1.0285939146909E-16,1.,1.22464679914735E-16));
#1501=DIRECTION('ref_axis',(-1.,1.0285939146909E-16,-1.13369782072379E-31));
#1502=DIRECTION('center_axis',(1.0285939146909E-16,1.,1.22464679914735E-16));
#1503=DIRECTION('ref_axis',(-1.,1.0285939146909E-16,-7.19522375000101E-15));
#1504=DIRECTION('center_axis',(1.0285939146909E-16,1.,1.22464679914735E-16));
#1505=DIRECTION('ref_axis',(-1.,1.0285939146909E-16,-1.13369782072379E-31));
#1506=DIRECTION('center_axis',(1.0285939146909E-16,1.,1.22464679914735E-16));
#1507=DIRECTION('ref_axis',(-1.,1.02859391469091E-16,-7.91474612500112E-15));
#1508=DIRECTION('center_axis',(1.0285939146909E-16,1.,1.22464679914735E-16));
#1509=DIRECTION('ref_axis',(-1.,1.0285939146909E-16,-1.13369782072379E-31));
#1510=DIRECTION('center_axis',(1.0285939146909E-16,1.,1.22464679914735E-16));
#1511=DIRECTION('ref_axis',(-1.,1.0285939146909E-16,-7.19522375000103E-15));
#1512=DIRECTION('center_axis',(0.,1.,0.));
#1513=DIRECTION('ref_axis',(-1.,0.,0.));
#1514=DIRECTION('center_axis',(0.,1.,0.));
#1515=DIRECTION('ref_axis',(-1.,0.,0.));
#1516=DIRECTION('',(0.,-1.,0.));
#1517=DIRECTION('center_axis',(-1.0285939146909E-16,-1.,-1.22464679914735E-16));
#1518=DIRECTION('ref_axis',(-1.,0.,0.));
#1519=DIRECTION('center_axis',(0.,1.,0.));
#1520=DIRECTION('ref_axis',(-1.,0.,0.));
#1521=DIRECTION('center_axis',(0.,-1.,0.));
#1522=DIRECTION('ref_axis',(0.258272094528262,0.,-0.966072215306902));
#1523=DIRECTION('center_axis',(2.66103579002315E-15,-1.,-2.29191084458775E-15));
#1524=DIRECTION('ref_axis',(-0.757703560872144,-3.51197477145311E-15,0.652598892001567));
#1525=DIRECTION('center_axis',(1.19077594105604E-32,-1.,-3.18344934816931E-33));
#1526=DIRECTION('ref_axis',(0.258272094528262,6.15088392820731E-33,-0.966072215306902));
#1527=DIRECTION('center_axis',(-1.19234260161827E-33,-1.,-1.3843759866862E-33));
#1528=DIRECTION('ref_axis',(-0.757703560872156,7.63973172650138E-46,0.652598892001553));
#1529=DIRECTION('center_axis',(1.38837940734971E-47,-1.,1.57400270845015E-78));
#1530=DIRECTION('ref_axis',(-1.,-1.3883794073497E-47,0.));
#1531=DIRECTION('center_axis',(-1.19077594105606E-32,-1.,3.18344934816878E-33));
#1532=DIRECTION('ref_axis',(0.258272094528423,-6.15088392820861E-33,-0.966072215306859));
#1533=DIRECTION('center_axis',(-1.59100829303447E-32,-1.,-1.84724899748176E-32));
#1534=DIRECTION('ref_axis',(-0.757703560871755,2.72852392958755E-45,0.652598892002018));
#1535=DIRECTION('center_axis',(-1.23207784016219E-32,-1.,-2.2223794147035E-32));
#1536=DIRECTION('ref_axis',(0.258272094528423,1.82876768001423E-32,-0.966072215306859));
#1537=DIRECTION('center_axis',(2.66103579002042E-15,-1.,-2.29191084458816E-15));
#1538=DIRECTION('ref_axis',(-0.757703560871755,-3.5119747714513E-15,0.652598892002018));
#1539=DIRECTION('center_axis',(0.,1.,0.));
#1540=DIRECTION('ref_axis',(-1.,0.,-1.13369782072379E-31));
#1541=DIRECTION('',(0.,-1.,0.));
#1542=DIRECTION('',(0.,1.,0.));
#1543=DIRECTION('',(0.,1.,0.));
#1544=DIRECTION('center_axis',(0.,1.,0.));
#1545=DIRECTION('ref_axis',(-1.,0.,-7.19522375000103E-15));
#1546=DIRECTION('',(0.,1.,0.));
#1547=DIRECTION('center_axis',(0.,1.,0.));
#1548=DIRECTION('ref_axis',(-1.,0.,-1.13369782072379E-31));
#1549=DIRECTION('',(0.,-1.,0.));
#1550=DIRECTION('',(0.,1.,0.));
#1551=DIRECTION('',(0.,1.,0.));
#1552=DIRECTION('center_axis',(0.,1.,0.));
#1553=DIRECTION('ref_axis',(-1.,0.,-7.91474612500112E-15));
#1554=DIRECTION('',(0.,1.,0.));
#1555=DIRECTION('center_axis',(0.,1.,0.));
#1556=DIRECTION('ref_axis',(-1.,0.,-1.13369782072379E-31));
#1557=DIRECTION('',(0.,-1.,0.));
#1558=DIRECTION('',(0.,1.,0.));
#1559=DIRECTION('',(0.,1.,0.));
#1560=DIRECTION('center_axis',(0.,1.,0.));
#1561=DIRECTION('ref_axis',(-1.,0.,-7.19522375000101E-15));
#1562=DIRECTION('',(0.,1.,0.));
#1563=DIRECTION('center_axis',(0.,1.,0.));
#1564=DIRECTION('ref_axis',(-1.,0.,-1.13369782072379E-31));
#1565=DIRECTION('',(0.,-1.,0.));
#1566=DIRECTION('',(0.,1.,0.));
#1567=DIRECTION('',(0.,1.,0.));
#1568=DIRECTION('center_axis',(0.,1.,0.));
#1569=DIRECTION('ref_axis',(-1.,0.,-7.91474612500111E-15));
#1570=DIRECTION('',(0.,1.,0.));
#1571=DIRECTION('center_axis',(0.,1.,0.));
#1572=DIRECTION('ref_axis',(-1.,0.,-1.13369782072379E-31));
#1573=DIRECTION('',(0.,-1.,0.));
#1574=DIRECTION('center_axis',(0.,1.,0.));
#1575=DIRECTION('ref_axis',(1.,0.,1.13369782072379E-31));
#1576=DIRECTION('center_axis',(1.0285939146909E-16,1.,1.22464679914735E-16));
#1577=DIRECTION('ref_axis',(1.,-1.0285939146909E-16,1.13369782072379E-31));
#1578=DIRECTION('',(0.,-1.,0.));
#1579=DIRECTION('center_axis',(1.0285939146909E-16,1.,1.22464679914735E-16));
#1580=DIRECTION('ref_axis',(1.,-1.0285939146909E-16,1.13369782072379E-31));
#1581=DIRECTION('center_axis',(-0.0871557427472993,0.,-0.996194698091777));
#1582=DIRECTION('ref_axis',(0.704416026402794,0.707106781186536,-0.0616284167159544));
#1583=DIRECTION('center_axis',(-0.0871557427476577,1.28820309222385E-16,
-0.996194698091746));
#1584=DIRECTION('ref_axis',(0.704416026402794,0.707106781186536,-0.0616284167159544));
#1585=DIRECTION('',(0.0871557427472993,0.,0.996194698091777));
#1586=DIRECTION('center_axis',(0.0871557427473017,-1.19579607026407E-16,
0.996194698091777));
#1587=DIRECTION('ref_axis',(0.704416026402794,0.707106781186536,-0.0616284167159544));
#1588=DIRECTION('',(-0.0871557427472993,0.,-0.996194698091777));
#1589=DIRECTION('center_axis',(0.0871557427472993,0.,0.996194698091777));
#1590=DIRECTION('ref_axis',(0.704416026402794,0.707106781186536,-0.0616284167159544));
#1591=DIRECTION('',(0.0871557427472993,0.,0.996194698091777));
#1592=DIRECTION('center_axis',(-0.0871557427472993,0.,-0.996194698091777));
#1593=DIRECTION('ref_axis',(-0.996194698091777,0.,0.0871557427472993));
#1594=DIRECTION('',(0.996194698091777,1.48473949896605E-15,-0.0871557427473009));
#1595=DIRECTION('center_axis',(0.0871557427472993,0.,0.996194698091777));
#1596=DIRECTION('ref_axis',(-0.704416026402785,0.707106781186545,0.0616284167159554));
#1597=DIRECTION('',(-0.996194698091777,-1.23358113846776E-17,0.0871557427472993));
#1598=DIRECTION('center_axis',(-1.47908961691742E-15,1.,1.29403573818639E-16));
#1599=DIRECTION('ref_axis',(0.996194698091777,1.48473949896605E-15,-0.0871557427473009));
#1600=DIRECTION('',(0.996194698091777,1.48473949896605E-15,-0.0871557427473017));
#1601=DIRECTION('',(0.0871557427472993,0.,0.996194698091777));
#1602=DIRECTION('center_axis',(-0.0871557427472993,0.,-0.996194698091777));
#1603=DIRECTION('ref_axis',(-0.704416026402785,0.707106781186545,0.0616284167159554));
#1604=DIRECTION('center_axis',(0.0871557427473017,-1.19579607026407E-16,
0.996194698091777));
#1605=DIRECTION('ref_axis',(-0.704416026402785,0.707106781186545,0.0616284167159554));
#1606=DIRECTION('',(-0.0871557427472993,0.,-0.996194698091777));
#1607=DIRECTION('center_axis',(-0.0871557427476577,1.28820309222385E-16,
-0.996194698091746));
#1608=DIRECTION('ref_axis',(-0.704416026402785,0.707106781186545,0.0616284167159554));
#1609=DIRECTION('',(-0.0871557427472993,0.,-0.996194698091777));
#1610=DIRECTION('center_axis',(-0.996194698091777,-1.48473949896605E-15,
0.0871557427472993));
#1611=DIRECTION('ref_axis',(-1.47908961691742E-15,1.,1.29403573818643E-16));
#1612=DIRECTION('',(-1.4686675674496E-15,1.,2.48528144338247E-16));
#1613=DIRECTION('',(0.0871557427472993,0.,0.996194698091777));
#1614=DIRECTION('',(1.46786218718616E-15,-1.,-2.57733682873054E-16));
#1615=DIRECTION('center_axis',(-0.0871557427472993,0.,-0.996194698091777));
#1616=DIRECTION('ref_axis',(-0.704416026402772,-0.707106781186555,0.0616284167159762));
#1617=DIRECTION('center_axis',(-0.0871557427476577,1.28820309222385E-16,
-0.996194698091746));
#1618=DIRECTION('ref_axis',(-0.704416026402772,-0.707106781186555,0.0616284167159762));
#1619=DIRECTION('center_axis',(0.0871557427473017,-1.19579607026407E-16,
0.996194698091777));
#1620=DIRECTION('ref_axis',(-0.704416026402772,-0.707106781186555,0.0616284167159762));
#1621=DIRECTION('',(-0.0871557427472993,0.,-0.996194698091777));
#1622=DIRECTION('center_axis',(0.0871557427472993,0.,0.996194698091777));
#1623=DIRECTION('ref_axis',(-0.704416026402772,-0.707106781186555,0.0616284167159762));
#1624=DIRECTION('',(0.0871557427472993,0.,0.996194698091777));
#1625=DIRECTION('center_axis',(-0.0871557427472993,0.,-0.996194698091777));
#1626=DIRECTION('ref_axis',(-0.996194698091777,0.,0.0871557427472993));
#1627=DIRECTION('',(-0.996194698091777,-1.48473949896605E-15,0.0871557427473009));
#1628=DIRECTION('center_axis',(0.0871557427472993,0.,0.996194698091777));
#1629=DIRECTION('ref_axis',(0.704416026402794,-0.707106781186534,-0.0616284167159746));
#1630=DIRECTION('',(0.996194698091777,1.23358113846776E-17,-0.0871557427472993));
#1631=DIRECTION('center_axis',(1.47908961691742E-15,-1.,-1.29403573818639E-16));
#1632=DIRECTION('ref_axis',(-0.996194698091777,-1.48473949896605E-15,0.0871557427473009));
#1633=DIRECTION('',(-0.996194698091777,-1.48473949896605E-15,0.0871557427473017));
#1634=DIRECTION('',(0.0871557427472993,0.,0.996194698091777));
#1635=DIRECTION('center_axis',(-0.0871557427472993,0.,-0.996194698091777));
#1636=DIRECTION('ref_axis',(0.704416026402794,-0.707106781186534,-0.0616284167159746));
#1637=DIRECTION('center_axis',(0.0871557427473017,-1.19579607026407E-16,
0.996194698091777));
#1638=DIRECTION('ref_axis',(0.704416026402794,-0.707106781186534,-0.0616284167159746));
#1639=DIRECTION('',(-0.0871557427472993,0.,-0.996194698091777));
#1640=DIRECTION('center_axis',(-0.0871557427476577,1.28820309222385E-16,
-0.996194698091746));
#1641=DIRECTION('ref_axis',(0.704416026402794,-0.707106781186534,-0.0616284167159746));
#1642=DIRECTION('',(-0.0871557427472993,0.,-0.996194698091777));
#1643=DIRECTION('center_axis',(0.996194698091777,1.48473949896605E-15,-0.0871557427472993));
#1644=DIRECTION('ref_axis',(1.47908961691742E-15,-1.,-1.29403573818643E-16));
#1645=DIRECTION('',(-1.46786218718616E-15,1.,2.57733682873054E-16));
#1646=DIRECTION('',(1.4686675674496E-15,-1.,-2.48528144338247E-16));
#1647=DIRECTION('center_axis',(1.06144016686191E-18,-1.,-1.2940524585751E-16));
#1648=DIRECTION('ref_axis',(0.087155742747658,-1.28820309222385E-16,0.996194698091746));
#1649=DIRECTION('',(-0.996194698091746,-1.2335811384724E-17,0.0871557427476577));
#1650=DIRECTION('',(0.0871557427476578,-1.28820309222385E-16,0.996194698091746));
#1651=DIRECTION('',(-0.996194698091746,-1.2335811384724E-17,0.0871557427476577));
#1652=DIRECTION('',(0.087155742747658,-1.28820309222385E-16,0.996194698091746));
#1653=DIRECTION('',(-0.996194698091746,-1.2335811384724E-17,0.0871557427476577));
#1654=DIRECTION('center_axis',(0.0871557427476577,-1.28820309222385E-16,
0.996194698091746));
#1655=DIRECTION('ref_axis',(-1.0423286751599E-18,1.,1.29403573818643E-16));
#1656=DIRECTION('',(-0.996194698091746,-1.2335811384724E-17,0.0871557427476577));
#1657=DIRECTION('',(-2.69501953522274E-17,1.,1.31670218449027E-16));
#1658=DIRECTION('center_axis',(0.0871557427476577,-1.28820309222385E-16,
0.996194698091746));
#1659=DIRECTION('ref_axis',(-1.0423286751599E-18,1.,1.29403573818643E-16));
#1660=DIRECTION('',(-1.0423286751599E-18,1.,1.29403573818643E-16));
#1661=DIRECTION('',(-0.996194698091746,-1.2335811384724E-17,0.0871557427476577));
#1662=DIRECTION('center_axis',(-0.0871557427476577,1.28820309222385E-16,
-0.996194698091746));
#1663=DIRECTION('ref_axis',(1.0423286751599E-18,-1.,-1.29403573818643E-16));
#1664=DIRECTION('',(2.69501953522274E-17,-1.,-1.31670218449027E-16));
#1665=DIRECTION('',(-0.996194698091746,-1.2335811384724E-17,0.0871557427476577));
#1666=DIRECTION('',(-2.77555756156289E-17,1.,1.22464679914735E-16));
#1667=DIRECTION('',(0.996194698091746,1.12782645903651E-17,-0.0871557427476577));
#1668=DIRECTION('',(2.77555756156289E-17,-1.,-1.22464679914735E-16));
#1669=DIRECTION('',(-0.996194698091746,-1.2335811384724E-17,0.0871557427476577));
#1670=DIRECTION('',(1.0423286751599E-18,-1.,-1.29403573818643E-16));
#1671=DIRECTION('center_axis',(-1.06144016686191E-18,1.,1.2940524585751E-16));
#1672=DIRECTION('ref_axis',(-0.087155742747658,1.28820309222385E-16,-0.996194698091746));
#1673=DIRECTION('',(-0.087155742747658,1.28820309222385E-16,-0.996194698091746));
#1674=DIRECTION('center_axis',(1.06144016686191E-18,-1.,-1.2940524585751E-16));
#1675=DIRECTION('ref_axis',(-1.,-2.77555756156289E-17,-3.39907768361723E-33));
#1676=DIRECTION('',(-0.0871557427476578,1.28820309222385E-16,-0.996194698091746));
#1677=DIRECTION('center_axis',(-0.996194698091746,-1.2335811384724E-17,
0.0871557427476577));
#1678=DIRECTION('ref_axis',(0.0871557427476577,0.,0.996194698091746));
#1679=DIRECTION('center_axis',(-1.3363823550461E-51,1.,1.29403573818643E-16));
#1680=DIRECTION('ref_axis',(-1.,-2.35858394177587E-50,4.27642353614751E-50));
#1681=DIRECTION('center_axis',(1.3363823550461E-51,-1.,-1.29403573818643E-16));
#1682=DIRECTION('ref_axis',(-1.,-2.35858394177587E-50,3.56368628012288E-50));
#1683=DIRECTION('center_axis',(1.3363823550461E-51,-1.,-1.29403573818643E-16));
#1684=DIRECTION('ref_axis',(-1.,-2.35858394177587E-50,3.56368628012288E-50));
#1685=DIRECTION('center_axis',(-4.20155657513836E-18,1.,2.33064508997832E-16));
#1686=DIRECTION('ref_axis',(-1.,-4.20155657513836E-18,-6.10838778337332E-34));
#1687=DIRECTION('center_axis',(4.20155657513836E-18,-1.,-2.33064508997832E-16));
#1688=DIRECTION('ref_axis',(-0.0871557427476582,1.19579607026393E-16,-0.996194698091746));
#1689=DIRECTION('',(0.0871557427473017,-2.31811438393002E-16,0.996194698091777));
#1690=DIRECTION('',(-0.996194698091777,-2.44984787736267E-17,0.0871557427473017));
#1691=DIRECTION('center_axis',(1.38777878078145E-17,-1.,-1.22464679914735E-16));
#1692=DIRECTION('ref_axis',(-1.,-1.38777878078145E-17,-1.79583533902798E-33));
#1693=DIRECTION('center_axis',(4.20155657513836E-18,-1.,-2.33064508997832E-16));
#1694=DIRECTION('ref_axis',(1.,2.77555756156289E-17,3.49537418083659E-33));
#1695=DIRECTION('center_axis',(4.20155657513836E-18,-1.,-2.33064508997832E-16));
#1696=DIRECTION('ref_axis',(-1.,-2.77555756156289E-17,-3.39907768361723E-33));
#1697=DIRECTION('center_axis',(4.20155657513836E-18,-1.,-2.33064508997832E-16));
#1698=DIRECTION('ref_axis',(-1.,-2.77555756156289E-17,-3.39907768361723E-33));
#1699=DIRECTION('center_axis',(4.20155657513836E-18,-1.,-2.33064508997832E-16));
#1700=DIRECTION('ref_axis',(-1.,-2.77555756156289E-17,-3.39907768361723E-33));
#1701=DIRECTION('center_axis',(-2.77555756156289E-17,1.,1.22464679914735E-16));
#1702=DIRECTION('ref_axis',(1.,2.77555756156289E-17,3.49537418083659E-33));
#1703=DIRECTION('',(2.77555756156289E-17,-1.,-1.22464679914735E-16));
#1704=DIRECTION('center_axis',(-1.38777878078145E-17,1.,1.22464679914735E-16));
#1705=DIRECTION('ref_axis',(1.,1.38777878078145E-17,1.79583533902798E-33));
#1706=DIRECTION('center_axis',(2.77555756156289E-17,-1.,-1.22464679914735E-16));
#1707=DIRECTION('ref_axis',(-1.,-2.77555756156289E-17,-3.39907768361723E-33));
#1708=DIRECTION('',(2.77555756156289E-17,-1.,-1.22464679914735E-16));
#1709=DIRECTION('center_axis',(1.3363823550461E-51,-1.,-1.29403573818643E-16));
#1710=DIRECTION('ref_axis',(-1.,-2.35858394177587E-50,3.56368628012288E-50));
#1711=DIRECTION('center_axis',(-1.3363823550461E-51,1.,1.29403573818643E-16));
#1712=DIRECTION('ref_axis',(-1.,-2.35858394177587E-50,4.27642353614751E-50));
#1713=DIRECTION('center_axis',(2.77555756156289E-17,-1.,-1.22464679914735E-16));
#1714=DIRECTION('ref_axis',(-1.,-2.77555756156289E-17,-3.39907768361723E-33));
#1715=DIRECTION('',(2.77555756156289E-17,-1.,-1.22464679914735E-16));
#1716=DIRECTION('center_axis',(1.3363823550461E-51,-1.,-1.29403573818643E-16));
#1717=DIRECTION('ref_axis',(-1.,-2.35858394177587E-50,3.56368628012288E-50));
#1718=DIRECTION('center_axis',(-1.3363823550461E-51,1.,1.29403573818643E-16));
#1719=DIRECTION('ref_axis',(-1.,-2.35858394177587E-50,4.27642353614751E-50));
#1720=DIRECTION('center_axis',(2.77555756156289E-17,-1.,-1.22464679914735E-16));
#1721=DIRECTION('ref_axis',(-1.,-2.77555756156289E-17,-3.39907768361723E-33));
#1722=DIRECTION('',(2.77555756156289E-17,-1.,-1.22464679914735E-16));
#1723=DIRECTION('center_axis',(2.77555756156289E-17,-1.,-1.22464679914735E-16));
#1724=DIRECTION('ref_axis',(0.990590888330274,4.42545034609674E-17,-0.136856464798115));
#1725=DIRECTION('',(-2.77555756156289E-17,1.,1.22464679914735E-16));
#1726=DIRECTION('',(2.77555756156289E-17,-1.,-1.22464679914735E-16));
#1727=DIRECTION('center_axis',(2.77555756156289E-17,-1.,-1.22464679914735E-16));
#1728=DIRECTION('ref_axis',(-1.,-2.77555756156289E-17,-3.49537418083659E-33));
#1729=DIRECTION('center_axis',(-0.996194698091777,-3.83234574090542E-17,
0.0871557427473017));
#1730=DIRECTION('ref_axis',(-2.77555756156289E-17,1.,1.22464679914735E-16));
#1731=DIRECTION('',(-2.77555756156289E-17,1.,1.22464679914735E-16));
#1732=DIRECTION('',(-0.0871557427473017,1.19579607026407E-16,-0.996194698091777));
#1733=DIRECTION('',(-2.77555756156289E-17,1.,1.22464679914735E-16));
#1734=DIRECTION('center_axis',(-2.77555756156289E-17,1.,1.22464679914735E-16));
#1735=DIRECTION('ref_axis',(-0.0871557427476582,1.19579607026393E-16,-0.996194698091746));
#1736=DIRECTION('',(-2.77555756156289E-17,1.,1.22464679914735E-16));
#1737=DIRECTION('center_axis',(2.77555756156289E-17,-1.,-1.22464679914735E-16));
#1738=DIRECTION('ref_axis',(-0.0871557427476582,1.19579607026393E-16,-0.996194698091746));
#1739=DIRECTION('center_axis',(-0.996194698091745,-3.83234574090972E-17,
0.0871557427476592));
#1740=DIRECTION('ref_axis',(-2.77555756156289E-17,1.,1.22464679914735E-16));
#1741=DIRECTION('center_axis',(-0.996194698091746,-3.8323457409097E-17,
0.0871557427476578));
#1742=DIRECTION('ref_axis',(-2.77555756156289E-17,1.,1.22464679914735E-16));
#1743=DIRECTION('',(-0.996194698091745,-3.83234574090972E-17,0.0871557427476592));
#1744=DIRECTION('center_axis',(-0.996194698091746,-3.8323457409097E-17,
0.0871557427476582));
#1745=DIRECTION('ref_axis',(-2.77555756156289E-17,1.,1.22464679914735E-16));
#1746=DIRECTION('center_axis',(0.996194698091746,3.8323457409097E-17,-0.0871557427476582));
#1747=DIRECTION('ref_axis',(-2.77555756156289E-17,1.,1.22464679914735E-16));
#1748=DIRECTION('center_axis',(-0.996194698091745,-3.83234574090972E-17,
0.0871557427476592));
#1749=DIRECTION('ref_axis',(-2.77555756156289E-17,1.,1.22464679914735E-16));
#1750=DIRECTION('center_axis',(-0.996194698091746,-3.8323457409097E-17,
0.0871557427476578));
#1751=DIRECTION('ref_axis',(-2.77555756156289E-17,1.,1.22464679914735E-16));
#1752=DIRECTION('',(-0.996194698091745,-3.83234574090972E-17,0.0871557427476592));
#1753=DIRECTION('center_axis',(-0.996194698091746,-3.8323457409097E-17,
0.0871557427476582));
#1754=DIRECTION('ref_axis',(-2.77555756156289E-17,1.,1.22464679914735E-16));
#1755=DIRECTION('center_axis',(0.996194698091746,3.8323457409097E-17,-0.0871557427476582));
#1756=DIRECTION('ref_axis',(-2.77555756156289E-17,1.,1.22464679914735E-16));
#1757=DIRECTION('center_axis',(-0.996194698091745,-3.83234574090972E-17,
0.0871557427476592));
#1758=DIRECTION('ref_axis',(-2.77555756156289E-17,1.,1.22464679914735E-16));
#1759=DIRECTION('center_axis',(-0.996194698091746,-3.8323457409097E-17,
0.0871557427476578));
#1760=DIRECTION('ref_axis',(-2.77555756156289E-17,1.,1.22464679914735E-16));
#1761=DIRECTION('',(-0.996194698091745,-3.83234574090972E-17,0.0871557427476592));
#1762=DIRECTION('center_axis',(-0.996194698091746,-3.8323457409097E-17,
0.0871557427476582));
#1763=DIRECTION('ref_axis',(-2.77555756156289E-17,1.,1.22464679914735E-16));
#1764=DIRECTION('center_axis',(0.996194698091746,3.8323457409097E-17,-0.0871557427476582));
#1765=DIRECTION('ref_axis',(-2.77555756156289E-17,1.,1.22464679914735E-16));
#1766=DIRECTION('center_axis',(-0.996194698091745,-3.83234574090972E-17,
0.0871557427476592));
#1767=DIRECTION('ref_axis',(-2.77555756156289E-17,1.,1.22464679914735E-16));
#1768=DIRECTION('center_axis',(-0.996194698091746,-3.8323457409097E-17,
0.0871557427476578));
#1769=DIRECTION('ref_axis',(-2.77555756156289E-17,1.,1.22464679914735E-16));
#1770=DIRECTION('',(-0.996194698091745,-3.83234574090972E-17,0.0871557427476592));
#1771=DIRECTION('center_axis',(-0.996194698091746,-3.8323457409097E-17,
0.0871557427476582));
#1772=DIRECTION('ref_axis',(-2.77555756156289E-17,1.,1.22464679914735E-16));
#1773=DIRECTION('center_axis',(0.996194698091746,3.8323457409097E-17,-0.0871557427476582));
#1774=DIRECTION('ref_axis',(-2.77555756156289E-17,1.,1.22464679914735E-16));
#1775=DIRECTION('center_axis',(-0.996194698091746,-3.8323457409097E-17,
0.0871557427476578));
#1776=DIRECTION('ref_axis',(0.0871557427476578,-1.19579607026393E-16,0.996194698091746));
#1777=DIRECTION('',(-2.77555756156289E-17,1.,1.22464679914735E-16));
#1778=DIRECTION('',(0.0871557427476582,-1.19579607026393E-16,0.996194698091746));
#1779=DIRECTION('',(0.0522934456485949,-0.8,0.597716818855047));
#1780=DIRECTION('',(2.77555756156289E-17,-1.,-1.22464679914735E-16));
#1781=DIRECTION('',(-0.0667324734768044,-0.643234464925867,-0.762755662132509));
#1782=DIRECTION('',(-0.0871557427476582,1.19579607026393E-16,-0.996194698091746));
#1783=DIRECTION('center_axis',(-0.0871557427473017,1.19579607026407E-16,
-0.996194698091777));
#1784=DIRECTION('ref_axis',(-0.996194698091777,-3.83234574090542E-17,0.0871557427473017));
#1785=DIRECTION('',(-0.996194698091746,-3.8323457409097E-17,0.0871557427476582));
#1786=DIRECTION('',(-2.77555756156289E-17,1.,1.22464679914735E-16));
#1787=DIRECTION('',(0.996194698091777,3.83234574090542E-17,-0.0871557427473017));
#1788=DIRECTION('',(0.996194698091777,3.83234574090542E-17,-0.0871557427473017));
#1789=DIRECTION('',(-2.77555756156289E-17,1.,1.22464679914735E-16));
#1790=DIRECTION('',(0.996194698091777,3.83234574090542E-17,-0.0871557427473017));
#1791=DIRECTION('center_axis',(-0.0871557427473017,1.19579607026407E-16,
-0.996194698091777));
#1792=DIRECTION('ref_axis',(-2.77555756156289E-17,1.,1.22464679914735E-16));
#1793=DIRECTION('center_axis',(-0.0871557427473017,1.19579607026407E-16,
-0.996194698091777));
#1794=DIRECTION('ref_axis',(-2.77555756156289E-17,1.,1.22464679914735E-16));
#1795=DIRECTION('center_axis',(-0.0871557427473017,1.19579607026407E-16,
-0.996194698091777));
#1796=DIRECTION('ref_axis',(-2.77555756156289E-17,1.,1.22464679914735E-16));
#1797=DIRECTION('center_axis',(-0.0871557427473017,1.19579607026407E-16,
-0.996194698091777));
#1798=DIRECTION('ref_axis',(-2.77555756156289E-17,1.,1.22464679914735E-16));
#1799=DIRECTION('center_axis',(-0.996194698091746,-3.8323457409097E-17,
0.0871557427476578));
#1800=DIRECTION('ref_axis',(0.0871557427476578,-1.19579607026393E-16,0.996194698091746));
#1801=DIRECTION('',(0.0871557427476578,-1.19579607026393E-16,0.996194698091746));
#1802=DIRECTION('',(0.0667324734768042,0.643234464925867,0.762755662132509));
#1803=DIRECTION('',(-2.77555756156289E-17,1.,1.22464679914735E-16));
#1804=DIRECTION('',(-0.0522934456485947,0.8,-0.597716818855047));
#1805=DIRECTION('',(-0.0871557427476578,1.19579607026393E-16,-0.996194698091746));
#1806=DIRECTION('',(0.0871557427476578,-1.19579607026393E-16,0.996194698091746));
#1807=DIRECTION('',(2.77555756156289E-17,-1.,-1.22464679914735E-16));
#1808=DIRECTION('',(-0.0871557427476578,1.19579607026393E-16,-0.996194698091746));
#1809=DIRECTION('center_axis',(-0.0697245941981263,-0.6,-0.796955758473397));
#1810=DIRECTION('ref_axis',(0.0522934456485949,-0.8,0.597716818855047));
#1811=DIRECTION('',(-0.996194698091746,-3.8323457409097E-17,0.0871557427476579));
#1812=DIRECTION('',(-0.996194698091746,-3.8323457409097E-17,0.0871557427476579));
#1813=DIRECTION('center_axis',(-0.0871557427476579,1.19579607026393E-16,
-0.996194698091746));
#1814=DIRECTION('ref_axis',(2.77555756156289E-17,-1.,-1.22464679914735E-16));
#1815=DIRECTION('',(-0.996194698091746,-3.8323457409097E-17,0.0871557427476579));
#1816=DIRECTION('center_axis',(-0.0560615775515063,0.765669264847123,-0.640786763589029));
#1817=DIRECTION('ref_axis',(-0.0667324734768044,-0.643234464925867,-0.762755662132509));
#1818=DIRECTION('',(-0.996194698091746,-3.8323457409097E-17,0.0871557427476579));
#1819=DIRECTION('center_axis',(-2.77555756156289E-17,1.,1.22464679914735E-16));
#1820=DIRECTION('ref_axis',(-0.0871557427476582,1.19579607026393E-16,-0.996194698091746));
#1821=DIRECTION('center_axis',(-0.087155742747304,1.19579607026407E-16,
-0.996194698091777));
#1822=DIRECTION('ref_axis',(-2.77555756156289E-17,1.,1.22464679914735E-16));
#1823=DIRECTION('',(-0.087155742747304,1.19579607026407E-16,-0.996194698091777));
#1824=DIRECTION('center_axis',(-0.0871557427473054,1.19579607026407E-16,
-0.996194698091776));
#1825=DIRECTION('ref_axis',(-2.77555756156289E-17,1.,1.22464679914735E-16));
#1826=DIRECTION('center_axis',(0.0871557427473054,-1.19579607026407E-16,
0.996194698091776));
#1827=DIRECTION('ref_axis',(-2.77555756156289E-17,1.,1.22464679914735E-16));
#1828=DIRECTION('center_axis',(-0.087155742747304,1.19579607026407E-16,
-0.996194698091777));
#1829=DIRECTION('ref_axis',(-2.77555756156289E-17,1.,1.22464679914735E-16));
#1830=DIRECTION('',(-0.087155742747304,1.19579607026407E-16,-0.996194698091777));
#1831=DIRECTION('center_axis',(-0.0871557427473054,1.19579607026407E-16,
-0.996194698091776));
#1832=DIRECTION('ref_axis',(-2.77555756156289E-17,1.,1.22464679914735E-16));
#1833=DIRECTION('center_axis',(0.0871557427473054,-1.19579607026407E-16,
0.996194698091776));
#1834=DIRECTION('ref_axis',(-2.77555756156289E-17,1.,1.22464679914735E-16));
#1835=DIRECTION('center_axis',(-0.087155742747304,1.19579607026407E-16,
-0.996194698091777));
#1836=DIRECTION('ref_axis',(-2.77555756156289E-17,1.,1.22464679914735E-16));
#1837=DIRECTION('',(-0.087155742747304,1.19579607026407E-16,-0.996194698091777));
#1838=DIRECTION('center_axis',(-0.0871557427473054,1.19579607026407E-16,
-0.996194698091776));
#1839=DIRECTION('ref_axis',(-2.77555756156289E-17,1.,1.22464679914735E-16));
#1840=DIRECTION('center_axis',(0.0871557427473054,-1.19579607026407E-16,
0.996194698091776));
#1841=DIRECTION('ref_axis',(-2.77555756156289E-17,1.,1.22464679914735E-16));
#1842=DIRECTION('center_axis',(-0.087155742747304,1.19579607026407E-16,
-0.996194698091777));
#1843=DIRECTION('ref_axis',(-2.77555756156289E-17,1.,1.22464679914735E-16));
#1844=DIRECTION('',(-0.087155742747304,1.19579607026407E-16,-0.996194698091777));
#1845=DIRECTION('center_axis',(-0.0871557427473054,1.19579607026407E-16,
-0.996194698091776));
#1846=DIRECTION('ref_axis',(-2.77555756156289E-17,1.,1.22464679914735E-16));
#1847=DIRECTION('center_axis',(0.0871557427473054,-1.19579607026407E-16,
0.996194698091776));
#1848=DIRECTION('ref_axis',(-2.77555756156289E-17,1.,1.22464679914735E-16));
#1849=DIRECTION('center_axis',(2.77555756156289E-17,-1.,-1.22464679914735E-16));
#1850=DIRECTION('ref_axis',(0.0871557427476582,-1.19579607026393E-16,0.996194698091746));
#1851=DIRECTION('center_axis',(-2.77555756156289E-17,1.,1.22464679914735E-16));
#1852=DIRECTION('ref_axis',(-1.,-2.77555756156289E-17,-3.59167067805595E-33));
#1853=DIRECTION('',(-0.996194698091746,-3.8323457409097E-17,0.0871557427476582));
#1854=DIRECTION('center_axis',(-0.0871557427476582,1.19579607026393E-16,
-0.996194698091746));
#1855=DIRECTION('ref_axis',(-0.996194698091746,-3.8323457409097E-17,0.0871557427476582));
#1856=DIRECTION('',(-0.996194698091746,-3.8323457409097E-17,0.0871557427476582));
#1857=DIRECTION('center_axis',(-2.77555756156289E-17,1.,1.22464679914735E-16));
#1858=DIRECTION('ref_axis',(-1.,-2.77555756156289E-17,-3.59167067805595E-33));
#1859=CARTESIAN_POINT('',(0.,0.,0.));
#1860=CARTESIAN_POINT('Origin',(273.114870823018,-38.0602961791467,191.3476416895));
#1861=CARTESIAN_POINT('',(275.614870823018,-38.0602961791467,191.3476416895));
#1862=CARTESIAN_POINT('Origin',(285.614870823018,-38.0602961791467,191.3476416895));
#1863=CARTESIAN_POINT('',(287.164870823018,-38.0602961791467,191.3476416895));
#1864=CARTESIAN_POINT('Origin',(285.614870823018,-38.0602961791467,191.3476416895));
#1865=CARTESIAN_POINT('',(280.266609512855,-38.0602961791467,184.907244792976));
#1866=CARTESIAN_POINT('',(279.70700720199,-38.0602961791467,187.223105520131));
#1867=CARTESIAN_POINT('Ctrl Pts',(280.266609512855,-38.0602961791467,184.907244792976));
#1868=CARTESIAN_POINT('Ctrl Pts',(280.151523242064,-38.0602961791467,184.949296842641));
#1869=CARTESIAN_POINT('Ctrl Pts',(280.041879200185,-38.0602961791467,185.004959850098));
#1870=CARTESIAN_POINT('Ctrl Pts',(279.840693516476,-38.0602961791467,185.140183214429));
#1871=CARTESIAN_POINT('Ctrl Pts',(279.749538615512,-38.0602961791467,185.218728819744));
#1872=CARTESIAN_POINT('Ctrl Pts',(279.542479740722,-38.0602961791467,185.446646548145));
#1873=CARTESIAN_POINT('Ctrl Pts',(279.443917567914,-38.0602961791467,185.608775655044));
#1874=CARTESIAN_POINT('Ctrl Pts',(279.318017733113,-38.0602961791467,185.955627096209));
#1875=CARTESIAN_POINT('Ctrl Pts',(279.289436311068,-38.0602961791467,186.1360931345));
#1876=CARTESIAN_POINT('Ctrl Pts',(279.304020807936,-38.0602961791467,186.490874779651));
#1877=CARTESIAN_POINT('Ctrl Pts',(279.344427386119,-38.0602961791467,186.661861059753));
#1878=CARTESIAN_POINT('Ctrl Pts',(279.486759374469,-38.0602961791467,186.971927504239));
#1879=CARTESIAN_POINT('Ctrl Pts',(279.584926619243,-38.0602961791467,187.109098480347));
#1880=CARTESIAN_POINT('Ctrl Pts',(279.70700720199,-38.0602961791467,187.223105520131));
#1881=CARTESIAN_POINT('',(281.623239507435,-38.0602961791467,187.223105520131));
#1882=CARTESIAN_POINT('Origin',(280.665123354712,-38.0602961791467,186.397894221195));
#1883=CARTESIAN_POINT('',(281.063637196569,-38.0602961791467,184.907244792976));
#1884=CARTESIAN_POINT('Ctrl Pts',(281.623239507435,-38.0602961791467,187.223105520131));
#1885=CARTESIAN_POINT('Ctrl Pts',(281.698105704159,-38.0602961791467,187.153190442103));
#1886=CARTESIAN_POINT('Ctrl Pts',(281.764152323178,-38.0602961791467,187.074387006062));
#1887=CARTESIAN_POINT('Ctrl Pts',(281.877615668923,-38.0602961791467,186.900667951803));
#1888=CARTESIAN_POINT('Ctrl Pts',(281.924103917803,-38.0602961791467,186.806044503673));
#1889=CARTESIAN_POINT('Ctrl Pts',(282.017154840499,-38.0602961791467,186.541068091209));
#1890=CARTESIAN_POINT('Ctrl Pts',(282.041802537049,-38.0602961791467,186.365276277745));
#1891=CARTESIAN_POINT('Ctrl Pts',(282.023212277445,-38.0602961791467,186.00708833818));
#1892=CARTESIAN_POINT('Ctrl Pts',(281.977537841895,-38.0602961791467,185.828303735285));
#1893=CARTESIAN_POINT('Ctrl Pts',(281.818369323523,-38.0602961791467,185.491439265829));
#1894=CARTESIAN_POINT('Ctrl Pts',(281.70405006996,-38.0602961791467,185.337749217354));
#1895=CARTESIAN_POINT('Ctrl Pts',(281.418603519049,-38.0602961791467,185.077188982417));
#1896=CARTESIAN_POINT('Ctrl Pts',(281.248479752302,-38.0602961791467,184.974785502049));
#1897=CARTESIAN_POINT('Ctrl Pts',(281.063637196569,-38.0602961791467,184.907244792976));
#1898=CARTESIAN_POINT('Origin',(280.665123354712,-38.0602961791467,186.397894221195));
#1899=CARTESIAN_POINT('',(290.166104449467,-38.0602961791467,194.806739729588));
#1900=CARTESIAN_POINT('',(289.606502138601,-38.0602961791467,197.122600456743));
#1901=CARTESIAN_POINT('Ctrl Pts',(290.166104449467,-38.0602961791467,194.806739729588));
#1902=CARTESIAN_POINT('Ctrl Pts',(290.051018178675,-38.0602961791467,194.848791779253));
#1903=CARTESIAN_POINT('Ctrl Pts',(289.941374136796,-38.0602961791467,194.904454786709));
#1904=CARTESIAN_POINT('Ctrl Pts',(289.740188453088,-38.0602961791467,195.03967815104));
#1905=CARTESIAN_POINT('Ctrl Pts',(289.649033552124,-38.0602961791467,195.118223756356));
#1906=CARTESIAN_POINT('Ctrl Pts',(289.441974677334,-38.0602961791467,195.346141484757));
#1907=CARTESIAN_POINT('Ctrl Pts',(289.343412504526,-38.0602961791467,195.508270591656));
#1908=CARTESIAN_POINT('Ctrl Pts',(289.217512669724,-38.0602961791467,195.855122032821));
#1909=CARTESIAN_POINT('Ctrl Pts',(289.188931247679,-38.0602961791467,196.035588071112));
#1910=CARTESIAN_POINT('Ctrl Pts',(289.203515744547,-38.0602961791467,196.390369716262));
#1911=CARTESIAN_POINT('Ctrl Pts',(289.243922322731,-38.0602961791467,196.561355996365));
#1912=CARTESIAN_POINT('Ctrl Pts',(289.386254311081,-38.0602961791467,196.871422440851));
#1913=CARTESIAN_POINT('Ctrl Pts',(289.484421555855,-38.0602961791467,197.008593416959));
#1914=CARTESIAN_POINT('Ctrl Pts',(289.606502138601,-38.0602961791467,197.122600456743));
#1915=CARTESIAN_POINT('',(291.522734444046,-38.0602961791467,197.122600456743));
#1916=CARTESIAN_POINT('Origin',(290.564618291324,-38.0602961791467,196.297389157806));
#1917=CARTESIAN_POINT('',(290.963132133181,-38.0602961791467,194.806739729588));
#1918=CARTESIAN_POINT('Ctrl Pts',(291.522734444046,-38.0602961791467,197.122600456743));
#1919=CARTESIAN_POINT('Ctrl Pts',(291.597600640771,-38.0602961791467,197.052685378715));
#1920=CARTESIAN_POINT('Ctrl Pts',(291.663647259789,-38.0602961791467,196.973881942674));
#1921=CARTESIAN_POINT('Ctrl Pts',(291.777110605534,-38.0602961791467,196.800162888414));
#1922=CARTESIAN_POINT('Ctrl Pts',(291.823598854415,-38.0602961791467,196.705539440285));
#1923=CARTESIAN_POINT('Ctrl Pts',(291.916649777111,-38.0602961791467,196.440563027821));
#1924=CARTESIAN_POINT('Ctrl Pts',(291.94129747366,-38.0602961791467,196.264771214356));
#1925=CARTESIAN_POINT('Ctrl Pts',(291.922707214056,-38.0602961791467,195.906583274791));
#1926=CARTESIAN_POINT('Ctrl Pts',(291.877032778506,-38.0602961791467,195.727798671897));
#1927=CARTESIAN_POINT('Ctrl Pts',(291.717864260135,-38.0602961791467,195.390934202441));
#1928=CARTESIAN_POINT('Ctrl Pts',(291.603545006571,-38.0602961791467,195.237244153966));
#1929=CARTESIAN_POINT('Ctrl Pts',(291.31809845566,-38.0602961791467,194.976683919028));
#1930=CARTESIAN_POINT('Ctrl Pts',(291.147974688913,-38.0602961791467,194.874280438661));
#1931=CARTESIAN_POINT('Ctrl Pts',(290.963132133181,-38.0602961791467,194.806739729588));
#1932=CARTESIAN_POINT('Origin',(290.564618291324,-38.0602961791467,196.297389157806));
#1933=CARTESIAN_POINT('',(280.266609512855,-38.0602961791467,194.806739729588));
#1934=CARTESIAN_POINT('',(279.70700720199,-38.0602961791467,197.122600456743));
#1935=CARTESIAN_POINT('Ctrl Pts',(280.266609512855,-38.0602961791467,194.806739729588));
#1936=CARTESIAN_POINT('Ctrl Pts',(280.151523242064,-38.0602961791467,194.848791779253));
#1937=CARTESIAN_POINT('Ctrl Pts',(280.041879200184,-38.0602961791467,194.904454786709));
#1938=CARTESIAN_POINT('Ctrl Pts',(279.840693516476,-38.0602961791467,195.03967815104));
#1939=CARTESIAN_POINT('Ctrl Pts',(279.749538615512,-38.0602961791467,195.118223756356));
#1940=CARTESIAN_POINT('Ctrl Pts',(279.542479740722,-38.0602961791467,195.346141484757));
#1941=CARTESIAN_POINT('Ctrl Pts',(279.443917567914,-38.0602961791467,195.508270591656));
#1942=CARTESIAN_POINT('Ctrl Pts',(279.318017733113,-38.0602961791467,195.855122032821));
#1943=CARTESIAN_POINT('Ctrl Pts',(279.289436311068,-38.0602961791467,196.035588071112));
#1944=CARTESIAN_POINT('Ctrl Pts',(279.304020807936,-38.0602961791467,196.390369716262));
#1945=CARTESIAN_POINT('Ctrl Pts',(279.344427386119,-38.0602961791467,196.561355996365));
#1946=CARTESIAN_POINT('Ctrl Pts',(279.486759374469,-38.0602961791467,196.871422440851));
#1947=CARTESIAN_POINT('Ctrl Pts',(279.584926619243,-38.0602961791467,197.008593416959));
#1948=CARTESIAN_POINT('Ctrl Pts',(279.70700720199,-38.0602961791467,197.122600456743));
#1949=CARTESIAN_POINT('',(281.623239507435,-38.0602961791467,197.122600456743));
#1950=CARTESIAN_POINT('Origin',(280.665123354712,-38.0602961791467,196.297389157806));
#1951=CARTESIAN_POINT('',(281.063637196569,-38.0602961791467,194.806739729588));
#1952=CARTESIAN_POINT('Ctrl Pts',(281.623239507434,-38.0602961791467,197.122600456743));
#1953=CARTESIAN_POINT('Ctrl Pts',(281.698105704159,-38.0602961791467,197.052685378715));
#1954=CARTESIAN_POINT('Ctrl Pts',(281.764152323178,-38.0602961791467,196.973881942674));
#1955=CARTESIAN_POINT('Ctrl Pts',(281.877615668923,-38.0602961791467,196.800162888414));
#1956=CARTESIAN_POINT('Ctrl Pts',(281.924103917803,-38.0602961791467,196.705539440285));
#1957=CARTESIAN_POINT('Ctrl Pts',(282.017154840499,-38.0602961791467,196.440563027821));
#1958=CARTESIAN_POINT('Ctrl Pts',(282.041802537049,-38.0602961791467,196.264771214356));
#1959=CARTESIAN_POINT('Ctrl Pts',(282.023212277445,-38.0602961791467,195.906583274791));
#1960=CARTESIAN_POINT('Ctrl Pts',(281.977537841895,-38.0602961791467,195.727798671897));
#1961=CARTESIAN_POINT('Ctrl Pts',(281.818369323523,-38.0602961791467,195.390934202441));
#1962=CARTESIAN_POINT('Ctrl Pts',(281.70405006996,-38.0602961791467,195.237244153966));
#1963=CARTESIAN_POINT('Ctrl Pts',(281.418603519049,-38.0602961791467,194.976683919028));
#1964=CARTESIAN_POINT('Ctrl Pts',(281.248479752302,-38.0602961791467,194.874280438661));
#1965=CARTESIAN_POINT('Ctrl Pts',(281.063637196569,-38.0602961791467,194.806739729588));
#1966=CARTESIAN_POINT('Origin',(280.665123354712,-38.0602961791467,196.297389157806));
#1967=CARTESIAN_POINT('',(290.166104449467,-38.0602961791467,184.907244792976));
#1968=CARTESIAN_POINT('',(289.606502138601,-38.0602961791467,187.223105520131));
#1969=CARTESIAN_POINT('Ctrl Pts',(290.166104449467,-38.0602961791467,184.907244792976));
#1970=CARTESIAN_POINT('Ctrl Pts',(290.051018178675,-38.0602961791467,184.949296842641));
#1971=CARTESIAN_POINT('Ctrl Pts',(289.941374136796,-38.0602961791467,185.004959850098));
#1972=CARTESIAN_POINT('Ctrl Pts',(289.740188453088,-38.0602961791467,185.140183214429));
#1973=CARTESIAN_POINT('Ctrl Pts',(289.649033552124,-38.0602961791467,185.218728819744));
#1974=CARTESIAN_POINT('Ctrl Pts',(289.441974677334,-38.0602961791467,185.446646548145));
#1975=CARTESIAN_POINT('Ctrl Pts',(289.343412504526,-38.0602961791467,185.608775655044));
#1976=CARTESIAN_POINT('Ctrl Pts',(289.217512669724,-38.0602961791467,185.955627096209));
#1977=CARTESIAN_POINT('Ctrl Pts',(289.188931247679,-38.0602961791467,186.1360931345));
#1978=CARTESIAN_POINT('Ctrl Pts',(289.203515744547,-38.0602961791467,186.490874779651));
#1979=CARTESIAN_POINT('Ctrl Pts',(289.243922322731,-38.0602961791467,186.661861059753));
#1980=CARTESIAN_POINT('Ctrl Pts',(289.386254311081,-38.0602961791467,186.971927504239));
#1981=CARTESIAN_POINT('Ctrl Pts',(289.484421555855,-38.0602961791467,187.109098480347));
#1982=CARTESIAN_POINT('Ctrl Pts',(289.606502138601,-38.0602961791467,187.223105520131));
#1983=CARTESIAN_POINT('',(291.522734444046,-38.0602961791467,187.223105520131));
#1984=CARTESIAN_POINT('Origin',(290.564618291324,-38.0602961791467,186.397894221195));
#1985=CARTESIAN_POINT('',(290.963132133181,-38.0602961791467,184.907244792976));
#1986=CARTESIAN_POINT('Ctrl Pts',(291.522734444046,-38.0602961791467,187.223105520131));
#1987=CARTESIAN_POINT('Ctrl Pts',(291.597600640771,-38.0602961791467,187.153190442103));
#1988=CARTESIAN_POINT('Ctrl Pts',(291.663647259789,-38.0602961791467,187.074387006062));
#1989=CARTESIAN_POINT('Ctrl Pts',(291.777110605534,-38.0602961791467,186.900667951803));
#1990=CARTESIAN_POINT('Ctrl Pts',(291.823598854415,-38.0602961791467,186.806044503673));
#1991=CARTESIAN_POINT('Ctrl Pts',(291.916649777111,-38.0602961791467,186.541068091209));
#1992=CARTESIAN_POINT('Ctrl Pts',(291.94129747366,-38.0602961791467,186.365276277745));
#1993=CARTESIAN_POINT('Ctrl Pts',(291.922707214056,-38.0602961791467,186.00708833818));
#1994=CARTESIAN_POINT('Ctrl Pts',(291.877032778506,-38.0602961791467,185.828303735285));
#1995=CARTESIAN_POINT('Ctrl Pts',(291.717864260135,-38.0602961791467,185.491439265829));
#1996=CARTESIAN_POINT('Ctrl Pts',(291.603545006571,-38.0602961791467,185.337749217354));
#1997=CARTESIAN_POINT('Ctrl Pts',(291.31809845566,-38.0602961791467,185.077188982417));
#1998=CARTESIAN_POINT('Ctrl Pts',(291.147974688913,-38.0602961791467,184.974785502049));
#1999=CARTESIAN_POINT('Ctrl Pts',(290.963132133181,-38.0602961791467,184.907244792976));
#2000=CARTESIAN_POINT('Origin',(290.564618291324,-38.0602961791467,186.397894221195));
#2001=CARTESIAN_POINT('Origin',(285.614870823018,-31.1612961791467,191.3476416895));
#2002=CARTESIAN_POINT('',(295.114870823018,-20.1612961791467,191.3476416895));
#2003=CARTESIAN_POINT('Origin',(285.614870823018,-20.1612961791467,191.3476416895));
#2004=CARTESIAN_POINT('',(295.114870823018,-31.1612961791467,191.3476416895));
#2005=CARTESIAN_POINT('',(295.114870823018,-31.1612961791467,191.3476416895));
#2006=CARTESIAN_POINT('Origin',(285.614870823018,-31.1612961791467,191.3476416895));
#2007=CARTESIAN_POINT('Origin',(285.614870823018,-20.1612961791467,191.3476416895));
#2008=CARTESIAN_POINT('',(280.266609512855,-20.1612961791467,184.907244792976));
#2009=CARTESIAN_POINT('',(281.063637196569,-20.1612961791467,184.907244792976));
#2010=CARTESIAN_POINT('Origin',(280.665123354712,-20.1612961791467,186.397894221195));
#2011=CARTESIAN_POINT('',(281.623239507434,-20.1612961791467,187.223105520131));
#2012=CARTESIAN_POINT('Ctrl Pts',(281.063637196569,-20.1612961791467,184.907244792976));
#2013=CARTESIAN_POINT('Ctrl Pts',(281.248479752302,-20.1612961791467,184.974785502049));
#2014=CARTESIAN_POINT('Ctrl Pts',(281.418603519049,-20.1612961791467,185.077188982417));
#2015=CARTESIAN_POINT('Ctrl Pts',(281.70405006996,-20.1612961791467,185.337749217354));
#2016=CARTESIAN_POINT('Ctrl Pts',(281.818369323523,-20.1612961791467,185.491439265829));
#2017=CARTESIAN_POINT('Ctrl Pts',(281.977537841895,-20.1612961791467,185.828303735285));
#2018=CARTESIAN_POINT('Ctrl Pts',(282.023212277445,-20.1612961791467,186.00708833818));
#2019=CARTESIAN_POINT('Ctrl Pts',(282.041802537049,-20.1612961791467,186.365276277745));
#2020=CARTESIAN_POINT('Ctrl Pts',(282.017154840499,-20.1612961791467,186.541068091209));
#2021=CARTESIAN_POINT('Ctrl Pts',(281.924103917803,-20.1612961791467,186.806044503673));
#2022=CARTESIAN_POINT('Ctrl Pts',(281.877615668923,-20.1612961791467,186.900667951803));
#2023=CARTESIAN_POINT('Ctrl Pts',(281.764152323178,-20.1612961791467,187.074387006062));
#2024=CARTESIAN_POINT('Ctrl Pts',(281.698105704159,-20.1612961791467,187.153190442103));
#2025=CARTESIAN_POINT('Ctrl Pts',(281.623239507435,-20.1612961791467,187.223105520131));
#2026=CARTESIAN_POINT('',(279.70700720199,-20.1612961791467,187.223105520131));
#2027=CARTESIAN_POINT('Origin',(280.665123354712,-20.1612961791467,186.397894221195));
#2028=CARTESIAN_POINT('Ctrl Pts',(279.70700720199,-20.1612961791467,187.223105520131));
#2029=CARTESIAN_POINT('Ctrl Pts',(279.584926619243,-20.1612961791467,187.109098480347));
#2030=CARTESIAN_POINT('Ctrl Pts',(279.486759374469,-20.1612961791467,186.971927504239));
#2031=CARTESIAN_POINT('Ctrl Pts',(279.344427386119,-20.1612961791467,186.661861059753));
#2032=CARTESIAN_POINT('Ctrl Pts',(279.304020807936,-20.1612961791467,186.490874779651));
#2033=CARTESIAN_POINT('Ctrl Pts',(279.289436311068,-20.1612961791467,186.1360931345));
#2034=CARTESIAN_POINT('Ctrl Pts',(279.318017733113,-20.1612961791467,185.955627096209));
#2035=CARTESIAN_POINT('Ctrl Pts',(279.443917567914,-20.1612961791467,185.608775655044));
#2036=CARTESIAN_POINT('Ctrl Pts',(279.542479740722,-20.1612961791467,185.446646548145));
#2037=CARTESIAN_POINT('Ctrl Pts',(279.749538615512,-20.1612961791467,185.218728819744));
#2038=CARTESIAN_POINT('Ctrl Pts',(279.840693516476,-20.1612961791467,185.140183214429));
#2039=CARTESIAN_POINT('Ctrl Pts',(280.041879200185,-20.1612961791467,185.004959850098));
#2040=CARTESIAN_POINT('Ctrl Pts',(280.151523242064,-20.1612961791467,184.949296842641));
#2041=CARTESIAN_POINT('Ctrl Pts',(280.266609512855,-20.1612961791467,184.907244792976));
#2042=CARTESIAN_POINT('',(290.166104449467,-20.1612961791467,184.907244792976));
#2043=CARTESIAN_POINT('',(290.963132133181,-20.1612961791467,184.907244792976));
#2044=CARTESIAN_POINT('Origin',(290.564618291324,-20.1612961791467,186.397894221195));
#2045=CARTESIAN_POINT('',(291.522734444046,-20.1612961791467,187.223105520131));
#2046=CARTESIAN_POINT('Ctrl Pts',(290.963132133181,-20.1612961791467,184.907244792976));
#2047=CARTESIAN_POINT('Ctrl Pts',(291.147974688913,-20.1612961791467,184.974785502049));
#2048=CARTESIAN_POINT('Ctrl Pts',(291.31809845566,-20.1612961791467,185.077188982417));
#2049=CARTESIAN_POINT('Ctrl Pts',(291.603545006571,-20.1612961791467,185.337749217354));
#2050=CARTESIAN_POINT('Ctrl Pts',(291.717864260135,-20.1612961791467,185.491439265829));
#2051=CARTESIAN_POINT('Ctrl Pts',(291.877032778506,-20.1612961791467,185.828303735285));
#2052=CARTESIAN_POINT('Ctrl Pts',(291.922707214056,-20.1612961791467,186.00708833818));
#2053=CARTESIAN_POINT('Ctrl Pts',(291.94129747366,-20.1612961791467,186.365276277745));
#2054=CARTESIAN_POINT('Ctrl Pts',(291.916649777111,-20.1612961791467,186.541068091209));
#2055=CARTESIAN_POINT('Ctrl Pts',(291.823598854415,-20.1612961791467,186.806044503673));
#2056=CARTESIAN_POINT('Ctrl Pts',(291.777110605534,-20.1612961791467,186.900667951803));
#2057=CARTESIAN_POINT('Ctrl Pts',(291.663647259789,-20.1612961791467,187.074387006062));
#2058=CARTESIAN_POINT('Ctrl Pts',(291.597600640771,-20.1612961791467,187.153190442103));
#2059=CARTESIAN_POINT('Ctrl Pts',(291.522734444046,-20.1612961791467,187.223105520131));
#2060=CARTESIAN_POINT('',(289.606502138601,-20.1612961791467,187.223105520131));
#2061=CARTESIAN_POINT('Origin',(290.564618291324,-20.1612961791467,186.397894221195));
#2062=CARTESIAN_POINT('Ctrl Pts',(289.606502138601,-20.1612961791467,187.223105520131));
#2063=CARTESIAN_POINT('Ctrl Pts',(289.484421555855,-20.1612961791467,187.109098480347));
#2064=CARTESIAN_POINT('Ctrl Pts',(289.386254311081,-20.1612961791467,186.971927504239));
#2065=CARTESIAN_POINT('Ctrl Pts',(289.243922322731,-20.1612961791467,186.661861059753));
#2066=CARTESIAN_POINT('Ctrl Pts',(289.203515744547,-20.1612961791467,186.490874779651));
#2067=CARTESIAN_POINT('Ctrl Pts',(289.188931247679,-20.1612961791467,186.1360931345));
#2068=CARTESIAN_POINT('Ctrl Pts',(289.217512669724,-20.1612961791467,185.955627096209));
#2069=CARTESIAN_POINT('Ctrl Pts',(289.343412504526,-20.1612961791467,185.608775655044));
#2070=CARTESIAN_POINT('Ctrl Pts',(289.441974677334,-20.1612961791467,185.446646548145));
#2071=CARTESIAN_POINT('Ctrl Pts',(289.649033552124,-20.1612961791467,185.218728819744));
#2072=CARTESIAN_POINT('Ctrl Pts',(289.740188453088,-20.1612961791467,185.140183214429));
#2073=CARTESIAN_POINT('Ctrl Pts',(289.941374136796,-20.1612961791467,185.004959850098));
#2074=CARTESIAN_POINT('Ctrl Pts',(290.051018178675,-20.1612961791467,184.949296842641));
#2075=CARTESIAN_POINT('Ctrl Pts',(290.166104449467,-20.1612961791467,184.907244792976));
#2076=CARTESIAN_POINT('',(287.164870823018,-20.1612961791467,191.3476416895));
#2077=CARTESIAN_POINT('Origin',(285.614870823018,-20.1612961791467,191.3476416895));
#2078=CARTESIAN_POINT('',(290.166104449467,-20.1612961791467,194.806739729588));
#2079=CARTESIAN_POINT('',(290.963132133181,-20.1612961791467,194.806739729588));
#2080=CARTESIAN_POINT('Origin',(290.564618291324,-20.1612961791467,196.297389157806));
#2081=CARTESIAN_POINT('',(291.522734444046,-20.1612961791467,197.122600456743));
#2082=CARTESIAN_POINT('Ctrl Pts',(290.963132133181,-20.1612961791467,194.806739729588));
#2083=CARTESIAN_POINT('Ctrl Pts',(291.147974688913,-20.1612961791467,194.874280438661));
#2084=CARTESIAN_POINT('Ctrl Pts',(291.31809845566,-20.1612961791467,194.976683919028));
#2085=CARTESIAN_POINT('Ctrl Pts',(291.603545006571,-20.1612961791467,195.237244153966));
#2086=CARTESIAN_POINT('Ctrl Pts',(291.717864260135,-20.1612961791467,195.390934202441));
#2087=CARTESIAN_POINT('Ctrl Pts',(291.877032778506,-20.1612961791467,195.727798671897));
#2088=CARTESIAN_POINT('Ctrl Pts',(291.922707214056,-20.1612961791467,195.906583274791));
#2089=CARTESIAN_POINT('Ctrl Pts',(291.94129747366,-20.1612961791467,196.264771214356));
#2090=CARTESIAN_POINT('Ctrl Pts',(291.916649777111,-20.1612961791467,196.440563027821));
#2091=CARTESIAN_POINT('Ctrl Pts',(291.823598854415,-20.1612961791467,196.705539440285));
#2092=CARTESIAN_POINT('Ctrl Pts',(291.777110605534,-20.1612961791467,196.800162888414));
#2093=CARTESIAN_POINT('Ctrl Pts',(291.663647259789,-20.1612961791467,196.973881942674));
#2094=CARTESIAN_POINT('Ctrl Pts',(291.597600640771,-20.1612961791467,197.052685378715));
#2095=CARTESIAN_POINT('Ctrl Pts',(291.522734444046,-20.1612961791467,197.122600456743));
#2096=CARTESIAN_POINT('',(289.606502138601,-20.1612961791467,197.122600456743));
#2097=CARTESIAN_POINT('Origin',(290.564618291324,-20.1612961791467,196.297389157806));
#2098=CARTESIAN_POINT('Ctrl Pts',(289.606502138601,-20.1612961791467,197.122600456743));
#2099=CARTESIAN_POINT('Ctrl Pts',(289.484421555855,-20.1612961791467,197.008593416959));
#2100=CARTESIAN_POINT('Ctrl Pts',(289.386254311081,-20.1612961791467,196.871422440851));
#2101=CARTESIAN_POINT('Ctrl Pts',(289.243922322731,-20.1612961791467,196.561355996365));
#2102=CARTESIAN_POINT('Ctrl Pts',(289.203515744547,-20.1612961791467,196.390369716262));
#2103=CARTESIAN_POINT('Ctrl Pts',(289.188931247679,-20.1612961791467,196.035588071112));
#2104=CARTESIAN_POINT('Ctrl Pts',(289.217512669724,-20.1612961791467,195.855122032821));
#2105=CARTESIAN_POINT('Ctrl Pts',(289.343412504526,-20.1612961791467,195.508270591656));
#2106=CARTESIAN_POINT('Ctrl Pts',(289.441974677334,-20.1612961791467,195.346141484757));
#2107=CARTESIAN_POINT('Ctrl Pts',(289.649033552124,-20.1612961791467,195.118223756356));
#2108=CARTESIAN_POINT('Ctrl Pts',(289.740188453088,-20.1612961791467,195.03967815104));
#2109=CARTESIAN_POINT('Ctrl Pts',(289.941374136796,-20.1612961791467,194.904454786709));
#2110=CARTESIAN_POINT('Ctrl Pts',(290.051018178675,-20.1612961791467,194.848791779253));
#2111=CARTESIAN_POINT('Ctrl Pts',(290.166104449467,-20.1612961791467,194.806739729588));
#2112=CARTESIAN_POINT('',(280.266609512855,-20.1612961791467,194.806739729588));
#2113=CARTESIAN_POINT('',(281.063637196569,-20.1612961791467,194.806739729588));
#2114=CARTESIAN_POINT('Origin',(280.665123354712,-20.1612961791467,196.297389157806));
#2115=CARTESIAN_POINT('',(281.623239507435,-20.1612961791467,197.122600456743));
#2116=CARTESIAN_POINT('Ctrl Pts',(281.063637196569,-20.1612961791467,194.806739729588));
#2117=CARTESIAN_POINT('Ctrl Pts',(281.248479752302,-20.1612961791467,194.874280438661));
#2118=CARTESIAN_POINT('Ctrl Pts',(281.418603519049,-20.1612961791467,194.976683919028));
#2119=CARTESIAN_POINT('Ctrl Pts',(281.70405006996,-20.1612961791467,195.237244153966));
#2120=CARTESIAN_POINT('Ctrl Pts',(281.818369323523,-20.1612961791467,195.390934202441));
#2121=CARTESIAN_POINT('Ctrl Pts',(281.977537841895,-20.1612961791467,195.727798671897));
#2122=CARTESIAN_POINT('Ctrl Pts',(282.023212277445,-20.1612961791467,195.906583274791));
#2123=CARTESIAN_POINT('Ctrl Pts',(282.041802537049,-20.1612961791467,196.264771214356));
#2124=CARTESIAN_POINT('Ctrl Pts',(282.017154840499,-20.1612961791467,196.440563027821));
#2125=CARTESIAN_POINT('Ctrl Pts',(281.924103917803,-20.1612961791467,196.705539440285));
#2126=CARTESIAN_POINT('Ctrl Pts',(281.877615668923,-20.1612961791467,196.800162888414));
#2127=CARTESIAN_POINT('Ctrl Pts',(281.764152323178,-20.1612961791467,196.973881942674));
#2128=CARTESIAN_POINT('Ctrl Pts',(281.698105704159,-20.1612961791467,197.052685378715));
#2129=CARTESIAN_POINT('Ctrl Pts',(281.623239507435,-20.1612961791467,197.122600456743));
#2130=CARTESIAN_POINT('',(279.70700720199,-20.1612961791467,197.122600456743));
#2131=CARTESIAN_POINT('Origin',(280.665123354712,-20.1612961791467,196.297389157806));
#2132=CARTESIAN_POINT('Ctrl Pts',(279.70700720199,-20.1612961791467,197.122600456743));
#2133=CARTESIAN_POINT('Ctrl Pts',(279.584926619243,-20.1612961791467,197.008593416959));
#2134=CARTESIAN_POINT('Ctrl Pts',(279.486759374469,-20.1612961791467,196.871422440851));
#2135=CARTESIAN_POINT('Ctrl Pts',(279.344427386119,-20.1612961791467,196.561355996365));
#2136=CARTESIAN_POINT('Ctrl Pts',(279.304020807936,-20.1612961791467,196.390369716262));
#2137=CARTESIAN_POINT('Ctrl Pts',(279.289436311068,-20.1612961791467,196.035588071112));
#2138=CARTESIAN_POINT('Ctrl Pts',(279.318017733113,-20.1612961791467,195.855122032821));
#2139=CARTESIAN_POINT('Ctrl Pts',(279.443917567914,-20.1612961791467,195.508270591656));
#2140=CARTESIAN_POINT('Ctrl Pts',(279.542479740722,-20.1612961791467,195.346141484757));
#2141=CARTESIAN_POINT('Ctrl Pts',(279.749538615512,-20.1612961791467,195.118223756356));
#2142=CARTESIAN_POINT('Ctrl Pts',(279.840693516476,-20.1612961791467,195.03967815104));
#2143=CARTESIAN_POINT('Ctrl Pts',(280.041879200184,-20.1612961791467,194.904454786709));
#2144=CARTESIAN_POINT('Ctrl Pts',(280.151523242064,-20.1612961791467,194.848791779253));
#2145=CARTESIAN_POINT('Ctrl Pts',(280.266609512855,-20.1612961791467,194.806739729588));
#2146=CARTESIAN_POINT('Origin',(290.564618291324,-33.1612961791467,186.397894221195));
#2147=CARTESIAN_POINT('',(289.606502138601,-33.1612961791467,187.223105520131));
#2148=CARTESIAN_POINT('',(291.522734444046,-33.1612961791467,187.223105520131));
#2149=CARTESIAN_POINT('Ctrl Pts',(290.963132133181,-38.0603046327192,184.907244792976));
#2150=CARTESIAN_POINT('Ctrl Pts',(290.963132133181,-20.1612877255742,184.907244792976));
#2151=CARTESIAN_POINT('Ctrl Pts',(291.147974688913,-38.0603046327192,184.974785502049));
#2152=CARTESIAN_POINT('Ctrl Pts',(291.147974688913,-20.1612877255742,184.974785502049));
#2153=CARTESIAN_POINT('Ctrl Pts',(291.31809845566,-38.0603046327192,185.077188982417));
#2154=CARTESIAN_POINT('Ctrl Pts',(291.31809845566,-20.1612877255742,185.077188982417));
#2155=CARTESIAN_POINT('Ctrl Pts',(291.603545006571,-38.0603046327192,185.337749217354));
#2156=CARTESIAN_POINT('Ctrl Pts',(291.603545006571,-20.1612877255742,185.337749217354));
#2157=CARTESIAN_POINT('Ctrl Pts',(291.717864260135,-38.0603046327192,185.491439265829));
#2158=CARTESIAN_POINT('Ctrl Pts',(291.717864260135,-20.1612877255742,185.491439265829));
#2159=CARTESIAN_POINT('Ctrl Pts',(291.877032778506,-38.0603046327192,185.828303735285));
#2160=CARTESIAN_POINT('Ctrl Pts',(291.877032778506,-20.1612877255742,185.828303735285));
#2161=CARTESIAN_POINT('Ctrl Pts',(291.922707214056,-38.0603046327192,186.00708833818));
#2162=CARTESIAN_POINT('Ctrl Pts',(291.922707214056,-20.1612877255742,186.00708833818));
#2163=CARTESIAN_POINT('Ctrl Pts',(291.94129747366,-38.0603046327192,186.365276277745));
#2164=CARTESIAN_POINT('Ctrl Pts',(291.94129747366,-20.1612877255742,186.365276277745));
#2165=CARTESIAN_POINT('Ctrl Pts',(291.916649777111,-38.0603046327192,186.541068091209));
#2166=CARTESIAN_POINT('Ctrl Pts',(291.916649777111,-20.1612877255742,186.541068091209));
#2167=CARTESIAN_POINT('Ctrl Pts',(291.823598854415,-38.0603046327192,186.806044503673));
#2168=CARTESIAN_POINT('Ctrl Pts',(291.823598854415,-20.1612877255742,186.806044503673));
#2169=CARTESIAN_POINT('Ctrl Pts',(291.777110605534,-38.0603046327192,186.900667951803));
#2170=CARTESIAN_POINT('Ctrl Pts',(291.777110605534,-20.1612877255742,186.900667951803));
#2171=CARTESIAN_POINT('Ctrl Pts',(291.663647259789,-38.0603046327192,187.074387006062));
#2172=CARTESIAN_POINT('Ctrl Pts',(291.663647259789,-20.1612877255742,187.074387006062));
#2173=CARTESIAN_POINT('Ctrl Pts',(291.597600640771,-38.0603046327192,187.153190442103));
#2174=CARTESIAN_POINT('Ctrl Pts',(291.597600640771,-20.1612877255742,187.153190442103));
#2175=CARTESIAN_POINT('Ctrl Pts',(291.522734444046,-38.0603046327192,187.223105520131));
#2176=CARTESIAN_POINT('Ctrl Pts',(291.522734444046,-20.1612877255742,187.223105520131));
#2177=CARTESIAN_POINT('',(290.963132133181,-33.1612961791467,184.907244792976));
#2178=CARTESIAN_POINT('Origin',(290.564618291324,-33.1612961791467,186.397894221195));
#2179=CARTESIAN_POINT('',(290.166104449467,-33.1612961791467,184.907244792976));
#2180=CARTESIAN_POINT('Ctrl Pts',(289.606502138601,-38.0603046415726,187.223105520131));
#2181=CARTESIAN_POINT('Ctrl Pts',(289.606502138601,-20.1612877167208,187.223105520131));
#2182=CARTESIAN_POINT('Ctrl Pts',(289.484421555855,-38.0603046415726,187.109098480347));
#2183=CARTESIAN_POINT('Ctrl Pts',(289.484421555855,-20.1612877167208,187.109098480347));
#2184=CARTESIAN_POINT('Ctrl Pts',(289.386254311081,-38.0603046415726,186.971927504239));
#2185=CARTESIAN_POINT('Ctrl Pts',(289.386254311081,-20.1612877167208,186.971927504239));
#2186=CARTESIAN_POINT('Ctrl Pts',(289.243922322731,-38.0603046415726,186.661861059753));
#2187=CARTESIAN_POINT('Ctrl Pts',(289.243922322731,-20.1612877167208,186.661861059753));
#2188=CARTESIAN_POINT('Ctrl Pts',(289.203515744547,-38.0603046415726,186.490874779651));
#2189=CARTESIAN_POINT('Ctrl Pts',(289.203515744547,-20.1612877167208,186.490874779651));
#2190=CARTESIAN_POINT('Ctrl Pts',(289.188931247679,-38.0603046415726,186.1360931345));
#2191=CARTESIAN_POINT('Ctrl Pts',(289.188931247679,-20.1612877167208,186.1360931345));
#2192=CARTESIAN_POINT('Ctrl Pts',(289.217512669724,-38.0603046415726,185.955627096209));
#2193=CARTESIAN_POINT('Ctrl Pts',(289.217512669724,-20.1612877167208,185.955627096209));
#2194=CARTESIAN_POINT('Ctrl Pts',(289.343412504526,-38.0603046415726,185.608775655044));
#2195=CARTESIAN_POINT('Ctrl Pts',(289.343412504526,-20.1612877167208,185.608775655044));
#2196=CARTESIAN_POINT('Ctrl Pts',(289.441974677334,-38.0603046415726,185.446646548145));
#2197=CARTESIAN_POINT('Ctrl Pts',(289.441974677334,-20.1612877167208,185.446646548145));
#2198=CARTESIAN_POINT('Ctrl Pts',(289.649033552124,-38.0603046415726,185.218728819744));
#2199=CARTESIAN_POINT('Ctrl Pts',(289.649033552124,-20.1612877167208,185.218728819744));
#2200=CARTESIAN_POINT('Ctrl Pts',(289.740188453088,-38.0603046415726,185.140183214429));
#2201=CARTESIAN_POINT('Ctrl Pts',(289.740188453088,-20.1612877167208,185.140183214429));
#2202=CARTESIAN_POINT('Ctrl Pts',(289.941374136796,-38.0603046415726,185.004959850098));
#2203=CARTESIAN_POINT('Ctrl Pts',(289.941374136796,-20.1612877167208,185.004959850098));
#2204=CARTESIAN_POINT('Ctrl Pts',(290.051018178675,-38.0603046415726,184.949296842641));
#2205=CARTESIAN_POINT('Ctrl Pts',(290.051018178675,-20.1612877167208,184.949296842641));
#2206=CARTESIAN_POINT('Ctrl Pts',(290.166104449467,-38.0603046415726,184.907244792976));
#2207=CARTESIAN_POINT('Ctrl Pts',(290.166104449467,-20.1612877167208,184.907244792976));
#2208=CARTESIAN_POINT('Origin',(280.665123354712,-33.1612961791467,196.297389157806));
#2209=CARTESIAN_POINT('',(279.70700720199,-33.1612961791467,197.122600456743));
#2210=CARTESIAN_POINT('',(281.623239507435,-33.1612961791467,197.122600456743));
#2211=CARTESIAN_POINT('Ctrl Pts',(281.063637196569,-38.0603046327192,194.806739729588));
#2212=CARTESIAN_POINT('Ctrl Pts',(281.063637196569,-20.1612877255742,194.806739729588));
#2213=CARTESIAN_POINT('Ctrl Pts',(281.248479752302,-38.0603046327192,194.874280438661));
#2214=CARTESIAN_POINT('Ctrl Pts',(281.248479752302,-20.1612877255742,194.874280438661));
#2215=CARTESIAN_POINT('Ctrl Pts',(281.418603519049,-38.0603046327192,194.976683919028));
#2216=CARTESIAN_POINT('Ctrl Pts',(281.418603519049,-20.1612877255742,194.976683919028));
#2217=CARTESIAN_POINT('Ctrl Pts',(281.70405006996,-38.0603046327192,195.237244153966));
#2218=CARTESIAN_POINT('Ctrl Pts',(281.70405006996,-20.1612877255742,195.237244153966));
#2219=CARTESIAN_POINT('Ctrl Pts',(281.818369323523,-38.0603046327192,195.390934202441));
#2220=CARTESIAN_POINT('Ctrl Pts',(281.818369323523,-20.1612877255742,195.390934202441));
#2221=CARTESIAN_POINT('Ctrl Pts',(281.977537841895,-38.0603046327192,195.727798671897));
#2222=CARTESIAN_POINT('Ctrl Pts',(281.977537841895,-20.1612877255742,195.727798671897));
#2223=CARTESIAN_POINT('Ctrl Pts',(282.023212277445,-38.0603046327192,195.906583274791));
#2224=CARTESIAN_POINT('Ctrl Pts',(282.023212277445,-20.1612877255742,195.906583274791));
#2225=CARTESIAN_POINT('Ctrl Pts',(282.041802537049,-38.0603046327192,196.264771214356));
#2226=CARTESIAN_POINT('Ctrl Pts',(282.041802537049,-20.1612877255742,196.264771214356));
#2227=CARTESIAN_POINT('Ctrl Pts',(282.017154840499,-38.0603046327192,196.440563027821));
#2228=CARTESIAN_POINT('Ctrl Pts',(282.017154840499,-20.1612877255742,196.440563027821));
#2229=CARTESIAN_POINT('Ctrl Pts',(281.924103917803,-38.0603046327192,196.705539440285));
#2230=CARTESIAN_POINT('Ctrl Pts',(281.924103917803,-20.1612877255742,196.705539440285));
#2231=CARTESIAN_POINT('Ctrl Pts',(281.877615668923,-38.0603046327192,196.800162888414));
#2232=CARTESIAN_POINT('Ctrl Pts',(281.877615668923,-20.1612877255742,196.800162888414));
#2233=CARTESIAN_POINT('Ctrl Pts',(281.764152323178,-38.0603046327192,196.973881942674));
#2234=CARTESIAN_POINT('Ctrl Pts',(281.764152323178,-20.1612877255742,196.973881942674));
#2235=CARTESIAN_POINT('Ctrl Pts',(281.698105704159,-38.0603046327192,197.052685378715));
#2236=CARTESIAN_POINT('Ctrl Pts',(281.698105704159,-20.1612877255742,197.052685378715));
#2237=CARTESIAN_POINT('Ctrl Pts',(281.623239507435,-38.0603046327192,197.122600456743));
#2238=CARTESIAN_POINT('Ctrl Pts',(281.623239507435,-20.1612877255742,197.122600456743));
#2239=CARTESIAN_POINT('',(281.063637196569,-33.1612961791467,194.806739729588));
#2240=CARTESIAN_POINT('Origin',(280.665123354712,-33.1612961791467,196.297389157806));
#2241=CARTESIAN_POINT('',(280.266609512855,-33.1612961791467,194.806739729588));
#2242=CARTESIAN_POINT('Ctrl Pts',(279.70700720199,-38.0603046415726,197.122600456743));
#2243=CARTESIAN_POINT('Ctrl Pts',(279.70700720199,-20.1612877167208,197.122600456743));
#2244=CARTESIAN_POINT('Ctrl Pts',(279.584926619243,-38.0603046415726,197.008593416959));
#2245=CARTESIAN_POINT('Ctrl Pts',(279.584926619243,-20.1612877167208,197.008593416959));
#2246=CARTESIAN_POINT('Ctrl Pts',(279.486759374469,-38.0603046415726,196.871422440851));
#2247=CARTESIAN_POINT('Ctrl Pts',(279.486759374469,-20.1612877167208,196.871422440851));
#2248=CARTESIAN_POINT('Ctrl Pts',(279.344427386119,-38.0603046415726,196.561355996365));
#2249=CARTESIAN_POINT('Ctrl Pts',(279.344427386119,-20.1612877167208,196.561355996365));
#2250=CARTESIAN_POINT('Ctrl Pts',(279.304020807936,-38.0603046415726,196.390369716262));
#2251=CARTESIAN_POINT('Ctrl Pts',(279.304020807936,-20.1612877167208,196.390369716262));
#2252=CARTESIAN_POINT('Ctrl Pts',(279.289436311068,-38.0603046415726,196.035588071112));
#2253=CARTESIAN_POINT('Ctrl Pts',(279.289436311068,-20.1612877167208,196.035588071112));
#2254=CARTESIAN_POINT('Ctrl Pts',(279.318017733113,-38.0603046415726,195.855122032821));
#2255=CARTESIAN_POINT('Ctrl Pts',(279.318017733113,-20.1612877167208,195.855122032821));
#2256=CARTESIAN_POINT('Ctrl Pts',(279.443917567914,-38.0603046415726,195.508270591656));
#2257=CARTESIAN_POINT('Ctrl Pts',(279.443917567914,-20.1612877167208,195.508270591656));
#2258=CARTESIAN_POINT('Ctrl Pts',(279.542479740722,-38.0603046415726,195.346141484757));
#2259=CARTESIAN_POINT('Ctrl Pts',(279.542479740722,-20.1612877167208,195.346141484757));
#2260=CARTESIAN_POINT('Ctrl Pts',(279.749538615512,-38.0603046415726,195.118223756356));
#2261=CARTESIAN_POINT('Ctrl Pts',(279.749538615512,-20.1612877167208,195.118223756356));
#2262=CARTESIAN_POINT('Ctrl Pts',(279.840693516476,-38.0603046415726,195.03967815104));
#2263=CARTESIAN_POINT('Ctrl Pts',(279.840693516476,-20.1612877167208,195.03967815104));
#2264=CARTESIAN_POINT('Ctrl Pts',(280.041879200184,-38.0603046415726,194.904454786709));
#2265=CARTESIAN_POINT('Ctrl Pts',(280.041879200184,-20.1612877167208,194.904454786709));
#2266=CARTESIAN_POINT('Ctrl Pts',(280.151523242064,-38.0603046415726,194.848791779253));
#2267=CARTESIAN_POINT('Ctrl Pts',(280.151523242064,-20.1612877167208,194.848791779253));
#2268=CARTESIAN_POINT('Ctrl Pts',(280.266609512855,-38.0603046415726,194.806739729588));
#2269=CARTESIAN_POINT('Ctrl Pts',(280.266609512855,-20.1612877167208,194.806739729588));
#2270=CARTESIAN_POINT('Origin',(290.564618291324,-33.1612961791467,196.297389157806));
#2271=CARTESIAN_POINT('',(289.606502138601,-33.1612961791467,197.122600456743));
#2272=CARTESIAN_POINT('',(291.522734444046,-33.1612961791467,197.122600456743));
#2273=CARTESIAN_POINT('Ctrl Pts',(290.963132133181,-38.0603046327192,194.806739729588));
#2274=CARTESIAN_POINT('Ctrl Pts',(290.963132133181,-20.1612877255742,194.806739729588));
#2275=CARTESIAN_POINT('Ctrl Pts',(291.147974688913,-38.0603046327192,194.874280438661));
#2276=CARTESIAN_POINT('Ctrl Pts',(291.147974688913,-20.1612877255742,194.874280438661));
#2277=CARTESIAN_POINT('Ctrl Pts',(291.31809845566,-38.0603046327192,194.976683919028));
#2278=CARTESIAN_POINT('Ctrl Pts',(291.31809845566,-20.1612877255742,194.976683919028));
#2279=CARTESIAN_POINT('Ctrl Pts',(291.603545006571,-38.0603046327192,195.237244153966));
#2280=CARTESIAN_POINT('Ctrl Pts',(291.603545006571,-20.1612877255742,195.237244153966));
#2281=CARTESIAN_POINT('Ctrl Pts',(291.717864260135,-38.0603046327192,195.390934202441));
#2282=CARTESIAN_POINT('Ctrl Pts',(291.717864260135,-20.1612877255742,195.390934202441));
#2283=CARTESIAN_POINT('Ctrl Pts',(291.877032778506,-38.0603046327192,195.727798671897));
#2284=CARTESIAN_POINT('Ctrl Pts',(291.877032778506,-20.1612877255742,195.727798671897));
#2285=CARTESIAN_POINT('Ctrl Pts',(291.922707214056,-38.0603046327192,195.906583274791));
#2286=CARTESIAN_POINT('Ctrl Pts',(291.922707214056,-20.1612877255742,195.906583274791));
#2287=CARTESIAN_POINT('Ctrl Pts',(291.94129747366,-38.0603046327192,196.264771214356));
#2288=CARTESIAN_POINT('Ctrl Pts',(291.94129747366,-20.1612877255742,196.264771214356));
#2289=CARTESIAN_POINT('Ctrl Pts',(291.916649777111,-38.0603046327192,196.440563027821));
#2290=CARTESIAN_POINT('Ctrl Pts',(291.916649777111,-20.1612877255742,196.440563027821));
#2291=CARTESIAN_POINT('Ctrl Pts',(291.823598854415,-38.0603046327192,196.705539440285));
#2292=CARTESIAN_POINT('Ctrl Pts',(291.823598854415,-20.1612877255742,196.705539440285));
#2293=CARTESIAN_POINT('Ctrl Pts',(291.777110605534,-38.0603046327192,196.800162888414));
#2294=CARTESIAN_POINT('Ctrl Pts',(291.777110605534,-20.1612877255742,196.800162888414));
#2295=CARTESIAN_POINT('Ctrl Pts',(291.663647259789,-38.0603046327192,196.973881942674));
#2296=CARTESIAN_POINT('Ctrl Pts',(291.663647259789,-20.1612877255742,196.973881942674));
#2297=CARTESIAN_POINT('Ctrl Pts',(291.597600640771,-38.0603046327192,197.052685378715));
#2298=CARTESIAN_POINT('Ctrl Pts',(291.597600640771,-20.1612877255742,197.052685378715));
#2299=CARTESIAN_POINT('Ctrl Pts',(291.522734444046,-38.0603046327192,197.122600456743));
#2300=CARTESIAN_POINT('Ctrl Pts',(291.522734444046,-20.1612877255742,197.122600456743));
#2301=CARTESIAN_POINT('',(290.963132133181,-33.1612961791467,194.806739729588));
#2302=CARTESIAN_POINT('Origin',(290.564618291324,-33.1612961791467,196.297389157806));
#2303=CARTESIAN_POINT('',(290.166104449467,-33.1612961791467,194.806739729588));
#2304=CARTESIAN_POINT('Ctrl Pts',(289.606502138601,-38.0603046415726,197.122600456743));
#2305=CARTESIAN_POINT('Ctrl Pts',(289.606502138601,-20.1612877167208,197.122600456743));
#2306=CARTESIAN_POINT('Ctrl Pts',(289.484421555855,-38.0603046415726,197.008593416959));
#2307=CARTESIAN_POINT('Ctrl Pts',(289.484421555855,-20.1612877167208,197.008593416959));
#2308=CARTESIAN_POINT('Ctrl Pts',(289.386254311081,-38.0603046415726,196.871422440851));
#2309=CARTESIAN_POINT('Ctrl Pts',(289.386254311081,-20.1612877167208,196.871422440851));
#2310=CARTESIAN_POINT('Ctrl Pts',(289.243922322731,-38.0603046415726,196.561355996365));
#2311=CARTESIAN_POINT('Ctrl Pts',(289.243922322731,-20.1612877167208,196.561355996365));
#2312=CARTESIAN_POINT('Ctrl Pts',(289.203515744547,-38.0603046415726,196.390369716262));
#2313=CARTESIAN_POINT('Ctrl Pts',(289.203515744547,-20.1612877167208,196.390369716262));
#2314=CARTESIAN_POINT('Ctrl Pts',(289.188931247679,-38.0603046415726,196.035588071112));
#2315=CARTESIAN_POINT('Ctrl Pts',(289.188931247679,-20.1612877167208,196.035588071112));
#2316=CARTESIAN_POINT('Ctrl Pts',(289.217512669724,-38.0603046415726,195.855122032821));
#2317=CARTESIAN_POINT('Ctrl Pts',(289.217512669724,-20.1612877167208,195.855122032821));
#2318=CARTESIAN_POINT('Ctrl Pts',(289.343412504526,-38.0603046415726,195.508270591656));
#2319=CARTESIAN_POINT('Ctrl Pts',(289.343412504526,-20.1612877167208,195.508270591656));
#2320=CARTESIAN_POINT('Ctrl Pts',(289.441974677334,-38.0603046415726,195.346141484757));
#2321=CARTESIAN_POINT('Ctrl Pts',(289.441974677334,-20.1612877167208,195.346141484757));
#2322=CARTESIAN_POINT('Ctrl Pts',(289.649033552124,-38.0603046415726,195.118223756356));
#2323=CARTESIAN_POINT('Ctrl Pts',(289.649033552124,-20.1612877167208,195.118223756356));
#2324=CARTESIAN_POINT('Ctrl Pts',(289.740188453088,-38.0603046415726,195.03967815104));
#2325=CARTESIAN_POINT('Ctrl Pts',(289.740188453088,-20.1612877167208,195.03967815104));
#2326=CARTESIAN_POINT('Ctrl Pts',(289.941374136796,-38.0603046415726,194.904454786709));
#2327=CARTESIAN_POINT('Ctrl Pts',(289.941374136796,-20.1612877167208,194.904454786709));
#2328=CARTESIAN_POINT('Ctrl Pts',(290.051018178675,-38.0603046415726,194.848791779253));
#2329=CARTESIAN_POINT('Ctrl Pts',(290.051018178675,-20.1612877167208,194.848791779253));
#2330=CARTESIAN_POINT('Ctrl Pts',(290.166104449467,-38.0603046415726,194.806739729588));
#2331=CARTESIAN_POINT('Ctrl Pts',(290.166104449467,-20.1612877167208,194.806739729588));
#2332=CARTESIAN_POINT('Origin',(280.665123354712,-33.1612961791467,186.397894221195));
#2333=CARTESIAN_POINT('',(279.70700720199,-33.1612961791467,187.223105520131));
#2334=CARTESIAN_POINT('',(281.623239507435,-33.1612961791467,187.223105520131));
#2335=CARTESIAN_POINT('Ctrl Pts',(281.063637196569,-38.0603046327192,184.907244792976));
#2336=CARTESIAN_POINT('Ctrl Pts',(281.063637196569,-20.1612877255742,184.907244792976));
#2337=CARTESIAN_POINT('Ctrl Pts',(281.248479752302,-38.0603046327192,184.974785502049));
#2338=CARTESIAN_POINT('Ctrl Pts',(281.248479752302,-20.1612877255742,184.974785502049));
#2339=CARTESIAN_POINT('Ctrl Pts',(281.418603519049,-38.0603046327192,185.077188982417));
#2340=CARTESIAN_POINT('Ctrl Pts',(281.418603519049,-20.1612877255742,185.077188982417));
#2341=CARTESIAN_POINT('Ctrl Pts',(281.70405006996,-38.0603046327192,185.337749217354));
#2342=CARTESIAN_POINT('Ctrl Pts',(281.70405006996,-20.1612877255742,185.337749217354));
#2343=CARTESIAN_POINT('Ctrl Pts',(281.818369323523,-38.0603046327192,185.491439265829));
#2344=CARTESIAN_POINT('Ctrl Pts',(281.818369323523,-20.1612877255742,185.491439265829));
#2345=CARTESIAN_POINT('Ctrl Pts',(281.977537841895,-38.0603046327192,185.828303735285));
#2346=CARTESIAN_POINT('Ctrl Pts',(281.977537841895,-20.1612877255742,185.828303735285));
#2347=CARTESIAN_POINT('Ctrl Pts',(282.023212277445,-38.0603046327192,186.00708833818));
#2348=CARTESIAN_POINT('Ctrl Pts',(282.023212277445,-20.1612877255742,186.00708833818));
#2349=CARTESIAN_POINT('Ctrl Pts',(282.041802537049,-38.0603046327192,186.365276277745));
#2350=CARTESIAN_POINT('Ctrl Pts',(282.041802537049,-20.1612877255742,186.365276277745));
#2351=CARTESIAN_POINT('Ctrl Pts',(282.017154840499,-38.0603046327192,186.541068091209));
#2352=CARTESIAN_POINT('Ctrl Pts',(282.017154840499,-20.1612877255742,186.541068091209));
#2353=CARTESIAN_POINT('Ctrl Pts',(281.924103917803,-38.0603046327192,186.806044503673));
#2354=CARTESIAN_POINT('Ctrl Pts',(281.924103917803,-20.1612877255742,186.806044503673));
#2355=CARTESIAN_POINT('Ctrl Pts',(281.877615668923,-38.0603046327192,186.900667951803));
#2356=CARTESIAN_POINT('Ctrl Pts',(281.877615668923,-20.1612877255742,186.900667951803));
#2357=CARTESIAN_POINT('Ctrl Pts',(281.764152323178,-38.0603046327192,187.074387006062));
#2358=CARTESIAN_POINT('Ctrl Pts',(281.764152323178,-20.1612877255742,187.074387006062));
#2359=CARTESIAN_POINT('Ctrl Pts',(281.698105704159,-38.0603046327192,187.153190442103));
#2360=CARTESIAN_POINT('Ctrl Pts',(281.698105704159,-20.1612877255742,187.153190442103));
#2361=CARTESIAN_POINT('Ctrl Pts',(281.623239507435,-38.0603046327192,187.223105520131));
#2362=CARTESIAN_POINT('Ctrl Pts',(281.623239507435,-20.1612877255742,187.223105520131));
#2363=CARTESIAN_POINT('',(281.063637196569,-33.1612961791467,184.907244792976));
#2364=CARTESIAN_POINT('Origin',(280.665123354712,-33.1612961791467,186.397894221195));
#2365=CARTESIAN_POINT('',(280.266609512855,-33.1612961791467,184.907244792976));
#2366=CARTESIAN_POINT('Ctrl Pts',(279.70700720199,-38.0603046415726,187.223105520131));
#2367=CARTESIAN_POINT('Ctrl Pts',(279.70700720199,-20.1612877167208,187.223105520131));
#2368=CARTESIAN_POINT('Ctrl Pts',(279.584926619243,-38.0603046415726,187.109098480347));
#2369=CARTESIAN_POINT('Ctrl Pts',(279.584926619243,-20.1612877167208,187.109098480347));
#2370=CARTESIAN_POINT('Ctrl Pts',(279.486759374469,-38.0603046415726,186.971927504239));
#2371=CARTESIAN_POINT('Ctrl Pts',(279.486759374469,-20.1612877167208,186.971927504239));
#2372=CARTESIAN_POINT('Ctrl Pts',(279.344427386119,-38.0603046415726,186.661861059753));
#2373=CARTESIAN_POINT('Ctrl Pts',(279.344427386119,-20.1612877167208,186.661861059753));
#2374=CARTESIAN_POINT('Ctrl Pts',(279.304020807936,-38.0603046415726,186.490874779651));
#2375=CARTESIAN_POINT('Ctrl Pts',(279.304020807936,-20.1612877167208,186.490874779651));
#2376=CARTESIAN_POINT('Ctrl Pts',(279.289436311068,-38.0603046415726,186.1360931345));
#2377=CARTESIAN_POINT('Ctrl Pts',(279.289436311068,-20.1612877167208,186.1360931345));
#2378=CARTESIAN_POINT('Ctrl Pts',(279.318017733113,-38.0603046415726,185.955627096209));
#2379=CARTESIAN_POINT('Ctrl Pts',(279.318017733113,-20.1612877167208,185.955627096209));
#2380=CARTESIAN_POINT('Ctrl Pts',(279.443917567914,-38.0603046415726,185.608775655044));
#2381=CARTESIAN_POINT('Ctrl Pts',(279.443917567914,-20.1612877167208,185.608775655044));
#2382=CARTESIAN_POINT('Ctrl Pts',(279.542479740722,-38.0603046415726,185.446646548145));
#2383=CARTESIAN_POINT('Ctrl Pts',(279.542479740722,-20.1612877167208,185.446646548145));
#2384=CARTESIAN_POINT('Ctrl Pts',(279.749538615512,-38.0603046415726,185.218728819744));
#2385=CARTESIAN_POINT('Ctrl Pts',(279.749538615512,-20.1612877167208,185.218728819744));
#2386=CARTESIAN_POINT('Ctrl Pts',(279.840693516476,-38.0603046415726,185.140183214429));
#2387=CARTESIAN_POINT('Ctrl Pts',(279.840693516476,-20.1612877167208,185.140183214429));
#2388=CARTESIAN_POINT('Ctrl Pts',(280.041879200185,-38.0603046415726,185.004959850098));
#2389=CARTESIAN_POINT('Ctrl Pts',(280.041879200185,-20.1612877167208,185.004959850098));
#2390=CARTESIAN_POINT('Ctrl Pts',(280.151523242064,-38.0603046415726,184.949296842641));
#2391=CARTESIAN_POINT('Ctrl Pts',(280.151523242064,-20.1612877167208,184.949296842641));
#2392=CARTESIAN_POINT('Ctrl Pts',(280.266609512855,-38.0603046415726,184.907244792976));
#2393=CARTESIAN_POINT('Ctrl Pts',(280.266609512855,-20.1612877167208,184.907244792976));
#2394=CARTESIAN_POINT('Origin',(285.614870823018,-33.1612961791467,191.3476416895));
#2395=CARTESIAN_POINT('',(287.164870823018,-33.1612961791467,191.3476416895));
#2396=CARTESIAN_POINT('Origin',(285.614870823018,-33.1612961791467,191.3476416895));
#2397=CARTESIAN_POINT('',(275.614870823018,-31.1612961791467,191.3476416895));
#2398=CARTESIAN_POINT('Origin',(285.614870823018,-31.1612961791467,191.3476416895));
#2399=CARTESIAN_POINT('',(275.614870823018,-33.1612961791467,191.3476416895));
#2400=CARTESIAN_POINT('Origin',(273.114870823018,-31.1612961791467,191.3476416895));
#2401=CARTESIAN_POINT('Origin',(322.35971742923,2.60084935366637,208.108898935547));
#2402=CARTESIAN_POINT('',(324.074598179824,4.08134661293894,204.596514889299));
#2403=CARTESIAN_POINT('',(324.558271075972,2.60084935366637,204.554198994038));
#2404=CARTESIAN_POINT('Origin',(322.067784330742,2.60084935366637,204.7720883509));
#2405=CARTESIAN_POINT('',(324.85020417446,2.60084935366637,207.891009578679));
#2406=CARTESIAN_POINT('',(324.85020417446,2.60084935366637,207.891009578679));
#2407=CARTESIAN_POINT('',(322.35971742923,5.10084935366637,208.108898935547));
#2408=CARTESIAN_POINT('Origin',(322.35971742923,2.60084935366637,208.108898935547));
#2409=CARTESIAN_POINT('',(321.488160001757,5.10084935366637,198.14695195463));
#2410=CARTESIAN_POINT('',(322.35971742923,5.10084935366637,208.108898935547));
#2411=CARTESIAN_POINT('',(323.49497385084,4.08134661293894,197.971378493029));
#2412=CARTESIAN_POINT('Origin',(321.488160001757,2.60084935366637,198.14695195463));
#2413=CARTESIAN_POINT('',(324.366531278313,4.08134661293894,207.933325473947));
#2414=CARTESIAN_POINT('Origin',(318.997673256528,-7.39915064633364,198.364841311498));
#2415=CARTESIAN_POINT('',(316.507186511299,5.10084935366636,198.582730668366));
#2416=CARTESIAN_POINT('',(314.016699766069,5.10084935366636,198.800620025234));
#2417=CARTESIAN_POINT('',(314.500372662216,4.08134661293894,198.758304129967));
#2418=CARTESIAN_POINT('Origin',(316.507186511299,2.60084935366636,198.582730668366));
#2419=CARTESIAN_POINT('',(330.427434475774,4.08134661293894,197.36486677801));
#2420=CARTESIAN_POINT('Origin',(314.888257193542,5.10084935366636,208.762567006152));
#2421=CARTESIAN_POINT('',(317.378743938771,5.10084935366636,208.544677649284));
#2422=CARTESIAN_POINT('',(301.118763648618,5.10084935366634,209.967241593821));
#2423=CARTESIAN_POINT('',(317.378743938772,5.10084935366636,208.544677649284));
#2424=CARTESIAN_POINT('Origin',(317.378743938772,2.60084935366636,208.544677649284));
#2425=CARTESIAN_POINT('',(314.888257193542,2.60084935366636,208.762567006152));
#2426=CARTESIAN_POINT('Origin',(317.378743938772,2.60084935366636,208.544677649284));
#2427=CARTESIAN_POINT('',(314.596324095054,2.60084935366636,205.425756421515));
#2428=CARTESIAN_POINT('',(314.888257193542,2.60084935366636,208.762567006152));
#2429=CARTESIAN_POINT('',(315.079996991201,4.08134661293894,205.383440526238));
#2430=CARTESIAN_POINT('Origin',(317.086810840283,2.60084935366636,205.207867064637));
#2431=CARTESIAN_POINT('',(315.371930089689,4.08134661293894,208.720251110885));
#2432=CARTESIAN_POINT('Origin',(314.888257193542,-19.8991506463336,208.762567006152));
#2433=CARTESIAN_POINT('',(314.888257193542,-17.3991506463336,208.762567006152));
#2434=CARTESIAN_POINT('',(314.888257193542,-24.0302234127402,208.762567006152));
#2435=CARTESIAN_POINT('',(314.596324095054,-17.3991506463336,205.425756421515));
#2436=CARTESIAN_POINT('',(314.888257193542,-17.3991506463336,208.762567006152));
#2437=CARTESIAN_POINT('',(314.596324095054,-19.4089020166974,205.425756421515));
#2438=CARTESIAN_POINT('Origin',(317.378743938772,-17.3991506463336,208.544677649284));
#2439=CARTESIAN_POINT('',(315.109141946897,-18.9186533870611,205.380890673016));
#2440=CARTESIAN_POINT('Origin',(317.086810840283,-17.3991506463336,205.207867064637));
#2441=CARTESIAN_POINT('',(317.378743938772,-19.8991506463336,208.544677649284));
#2442=CARTESIAN_POINT('Origin',(317.378743938772,-17.3991506463336,208.544677649284));
#2443=CARTESIAN_POINT('',(316.507186511299,-19.8991506463336,198.582730668366));
#2444=CARTESIAN_POINT('',(317.378743938772,-19.8991506463336,208.544677649284));
#2445=CARTESIAN_POINT('',(314.529517617913,-18.9186533870611,198.755754276744));
#2446=CARTESIAN_POINT('Origin',(316.507186511299,-17.3991506463336,198.582730668366));
#2447=CARTESIAN_POINT('',(315.401075045386,-18.9186533870611,208.717701257662));
#2448=CARTESIAN_POINT('Origin',(318.997673256528,-7.39915064633364,198.364841311498));
#2449=CARTESIAN_POINT('',(321.488160001757,-19.8991506463336,198.14695195463));
#2450=CARTESIAN_POINT('',(323.978646746987,-19.8991506463336,197.929062597761));
#2451=CARTESIAN_POINT('',(323.465828895143,-18.9186533870611,197.973928346251));
#2452=CARTESIAN_POINT('Origin',(321.488160001757,-17.3991506463336,198.14695195463));
#2453=CARTESIAN_POINT('',(330.427434475772,-18.9186533870611,197.36486677801));
#2454=CARTESIAN_POINT('Origin',(324.85020417446,-19.8991506463336,207.891009578679));
#2455=CARTESIAN_POINT('',(322.35971742923,-19.8991506463336,208.108898935547));
#2456=CARTESIAN_POINT('',(306.099737139077,-19.8991506463337,209.531462880085));
#2457=CARTESIAN_POINT('',(322.35971742923,-19.8991506463336,208.108898935547));
#2458=CARTESIAN_POINT('Origin',(322.35971742923,-17.3991506463336,208.108898935547));
#2459=CARTESIAN_POINT('',(324.85020417446,-17.3991506463336,207.891009578679));
#2460=CARTESIAN_POINT('Origin',(322.35971742923,-17.3991506463336,208.108898935547));
#2461=CARTESIAN_POINT('',(324.558271075972,-17.3991506463336,204.554198994038));
#2462=CARTESIAN_POINT('',(324.85020417446,-17.3991506463336,207.891009578679));
#2463=CARTESIAN_POINT('',(324.045453224127,-18.9186533870611,204.599064742521));
#2464=CARTESIAN_POINT('Origin',(322.067784330742,-17.3991506463336,204.7720883509));
#2465=CARTESIAN_POINT('',(324.337386322616,-18.9186533870611,207.935875327169));
#2466=CARTESIAN_POINT('Origin',(324.85020417446,5.10084935366637,207.891009578679));
#2467=CARTESIAN_POINT('',(324.558271075972,-6.90890201669736,204.554198994038));
#2468=CARTESIAN_POINT('',(324.85020417446,-11.5302234127401,207.891009578679));
#2469=CARTESIAN_POINT('Origin',(341.82672982477,-18.9186533870611,196.01666575415));
#2470=CARTESIAN_POINT('',(337.863266607884,-18.9186533870611,203.390162716733));
#2471=CARTESIAN_POINT('',(342.436820024003,-18.9186533870611,202.990028640792));
#2472=CARTESIAN_POINT('',(337.253176408651,-18.9186533870611,196.416799830091));
#2473=CARTESIAN_POINT('',(337.043062883114,-18.9186533870611,194.015191243686));
#2474=CARTESIAN_POINT('',(296.997968410641,-18.9186533870611,199.938674177795));
#2475=CARTESIAN_POINT('',(341.82672982477,-18.9186533870611,196.01666575415));
#2476=CARTESIAN_POINT('',(297.608058609875,-18.9186533870611,206.912037064437));
#2477=CARTESIAN_POINT('',(297.608058609875,-18.9186533870611,206.912037064437));
#2478=CARTESIAN_POINT('',(342.436820024003,-18.9186533870611,202.990028640792));
#2479=CARTESIAN_POINT('Origin',(342.436820024003,-18.9186533870611,202.990028640792));
#2480=CARTESIAN_POINT('',(337.863266607884,4.08134661293894,203.390162716733));
#2481=CARTESIAN_POINT('',(342.436820024003,4.08134661293894,202.990028640792));
#2482=CARTESIAN_POINT('',(337.863266607884,-13.5399748054556,203.390162716733));
#2483=CARTESIAN_POINT('Origin',(342.436820024003,-18.9186533870611,202.990028640792));
#2484=CARTESIAN_POINT('',(297.608058609875,4.08134661293894,206.912037064437));
#2485=CARTESIAN_POINT('',(297.608058609875,4.08134661293894,206.912037064437));
#2486=CARTESIAN_POINT('',(342.436820024003,4.08134661293894,202.990028640792));
#2487=CARTESIAN_POINT('Origin',(341.82672982477,4.08134661293894,196.01666575415));
#2488=CARTESIAN_POINT('',(337.253176408651,4.08134661293894,196.416799830091));
#2489=CARTESIAN_POINT('',(337.253176408651,-2.03997480545562,196.416799830091));
#2490=CARTESIAN_POINT('',(299.94174774151,4.08134661293894,199.681126858422));
#2491=CARTESIAN_POINT('',(341.82672982477,4.08134661293894,196.01666575415));
#2492=CARTESIAN_POINT('',(299.94174774151,2.83870382085329,199.681126858422));
#2493=CARTESIAN_POINT('',(299.94174774151,11.8387038208533,199.681126858422));
#2494=CARTESIAN_POINT('',(297.556425490048,2.83870382085329,199.889815514281));
#2495=CARTESIAN_POINT('',(320.287908220275,2.83870382085329,197.901068470251));
#2496=CARTESIAN_POINT('',(297.556425490048,4.08134661293894,199.889815514281));
#2497=CARTESIAN_POINT('',(297.556425490048,11.8387038208533,199.889815514281));
#2498=CARTESIAN_POINT('',(296.997968410641,4.08134661293894,199.938674177795));
#2499=CARTESIAN_POINT('',(341.82672982477,4.08134661293894,196.01666575415));
#2500=CARTESIAN_POINT('',(296.997968410641,-18.9186533870611,199.938674177795));
#2501=CARTESIAN_POINT('Origin',(342.436820024003,4.08134661293894,202.990028640792));
#2502=CARTESIAN_POINT('',(296.997968410641,4.08134661293894,199.938674177795));
#2503=CARTESIAN_POINT('Origin',(298.670324067,4.08134661293894,198.885211134306));
#2504=CARTESIAN_POINT('',(337.34810798273,4.08134661293894,197.501872687007));
#2505=CARTESIAN_POINT('Origin',(297.303013510258,-7.41865338706106,203.425355621116));
#2506=CARTESIAN_POINT('Origin',(298.670324067,2.83870382085329,198.885211134306));
#2507=CARTESIAN_POINT('',(300.170324067,2.83870382085329,198.885211134306));
#2508=CARTESIAN_POINT('Origin',(298.670324067,2.83870382085329,198.885211134306));
#2509=CARTESIAN_POINT('Origin',(298.670324067,2.83870382085329,198.885211134306));
#2510=CARTESIAN_POINT('Origin',(285.614870823018,6.83870382085329,191.3476416895));
#2511=CARTESIAN_POINT('',(287.357985677971,6.83870382085329,211.271535651335));
#2512=CARTESIAN_POINT('',(283.871755968065,6.83870382085329,171.423747727665));
#2513=CARTESIAN_POINT('Origin',(285.614870823018,6.83870382085329,191.3476416895));
#2514=CARTESIAN_POINT('',(287.349270103696,6.83870382085329,211.171916181526));
#2515=CARTESIAN_POINT('',(286.486428250498,6.83870382085329,201.309588670417));
#2516=CARTESIAN_POINT('',(289.339167454631,6.83870382085329,210.997822721739));
#2517=CARTESIAN_POINT('',(287.34927010369,6.83870382085328,211.171916181491));
#2518=CARTESIAN_POINT('Origin',(285.614870823018,6.83870382085329,191.3476416895));
#2519=CARTESIAN_POINT('',(275.614870823018,6.83870382085329,191.3476416895));
#2520=CARTESIAN_POINT('Origin',(285.614870823018,6.83870382085329,191.3476416895));
#2521=CARTESIAN_POINT('',(300.170324067,6.83870382085329,198.885211134306));
#2522=CARTESIAN_POINT('Origin',(298.670324067,6.83870382085329,198.885211134306));
#2523=CARTESIAN_POINT('',(274.059417579036,6.83870382085329,198.885211134306));
#2524=CARTESIAN_POINT('Origin',(272.559417579036,6.83870382085329,198.885211134306));
#2525=CARTESIAN_POINT('',(287.114870823018,6.83870382085329,176.272502799889));
#2526=CARTESIAN_POINT('Origin',(285.614870823018,6.83870382085329,176.272502799889));
#2527=CARTESIAN_POINT('Origin',(285.614870823018,-28.1612961791467,191.3476416895));
#2528=CARTESIAN_POINT('',(275.614870823018,-28.1612961791467,191.3476416895));
#2529=CARTESIAN_POINT('',(275.614870823018,-28.1612961791467,191.3476416895));
#2530=CARTESIAN_POINT('Origin',(285.614870823018,-28.1612961791467,191.3476416895));
#2531=CARTESIAN_POINT('Origin',(285.614870823018,11.8387038208533,176.272502799889));
#2532=CARTESIAN_POINT('',(287.114870823018,2.83870382085329,176.272502799889));
#2533=CARTESIAN_POINT('',(287.114870823018,11.8387038208533,176.272502799889));
#2534=CARTESIAN_POINT('Origin',(285.614870823018,2.83870382085329,176.272502799889));
#2535=CARTESIAN_POINT('Origin',(285.614870823018,2.83870382085329,176.272502799889));
#2536=CARTESIAN_POINT('Origin',(272.559417579036,11.8387038208533,198.885211134306));
#2537=CARTESIAN_POINT('',(274.059417579036,2.83870382085329,198.885211134306));
#2538=CARTESIAN_POINT('',(274.059417579036,11.8387038208533,198.885211134306));
#2539=CARTESIAN_POINT('Origin',(272.559417579036,2.83870382085329,198.885211134306));
#2540=CARTESIAN_POINT('Origin',(272.559417579036,2.83870382085329,198.885211134306));
#2541=CARTESIAN_POINT('Origin',(298.670324067,11.8387038208533,198.885211134306));
#2542=CARTESIAN_POINT('',(300.170324067,11.8387038208533,198.885211134306));
#2543=CARTESIAN_POINT('Origin',(285.614870823018,11.8387038208533,191.3476416895));
#2544=CARTESIAN_POINT('',(283.871755968065,11.8387038208533,171.423747727665));
#2545=CARTESIAN_POINT('',(283.871755968065,-28.1612961791467,171.423747727665));
#2546=CARTESIAN_POINT('',(289.339167454631,11.8387038208533,210.997822721739));
#2547=CARTESIAN_POINT('',(289.339167454976,11.8387038208533,210.997822721674));
#2548=CARTESIAN_POINT('Origin',(285.614870823018,11.8387038208533,191.3476416895));
#2549=CARTESIAN_POINT('Origin',(287.357985677971,-28.1612961791467,211.271535651335));
#2550=CARTESIAN_POINT('',(287.357985677971,-28.1612961791467,211.271535651335));
#2551=CARTESIAN_POINT('',(287.357985677971,-28.1612961791467,211.271535651335));
#2552=CARTESIAN_POINT('',(287.349270103696,-28.1612961791467,211.171916181526));
#2553=CARTESIAN_POINT('',(287.357985677971,-28.1612961791467,211.271535651335));
#2554=CARTESIAN_POINT('',(287.349270103696,-28.1612961791467,211.171916181526));
#2555=CARTESIAN_POINT('Origin',(285.614870823018,-28.1612961791467,191.3476416895));
#2556=CARTESIAN_POINT('',(283.871755968065,-28.1612961791467,171.423747727665));
#2557=CARTESIAN_POINT('',(283.871755968065,-28.1612961791467,171.423747727665));
#2558=CARTESIAN_POINT('Origin',(285.614870823018,-28.1612961791467,191.3476416895));
#2559=CARTESIAN_POINT('Origin',(378.988189309511,4.8387038208533,168.606797333871));
#2560=CARTESIAN_POINT('',(374.007215819052,2.8387038208533,169.042576047609));
#2561=CARTESIAN_POINT('Origin',(374.007215819052,4.8387038208533,169.042576047609));
#2562=CARTESIAN_POINT('',(364.045268838135,2.8387038208533,169.914133475086));
#2563=CARTESIAN_POINT('',(378.988189309511,2.8387038208533,168.606797333871));
#2564=CARTESIAN_POINT('Origin',(364.045268838135,4.8387038208533,169.914133475086));
#2565=CARTESIAN_POINT('Origin',(364.045268838135,4.8387038208533,169.914133475086));
#2566=CARTESIAN_POINT('Origin',(381.605131289958,8.11924826622876,198.518581043674));
#2567=CARTESIAN_POINT('',(376.624157799499,6.11924826622876,198.954359757413));
#2568=CARTESIAN_POINT('Origin',(376.624157799499,8.11924826622876,198.954359757413));
#2569=CARTESIAN_POINT('',(366.662210818582,6.11924826622876,199.825917184889));
#2570=CARTESIAN_POINT('',(381.605131289958,6.11924826622876,198.518581043674));
#2571=CARTESIAN_POINT('Origin',(366.662210818582,8.11924826622876,199.825917184889));
#2572=CARTESIAN_POINT('Origin',(366.662210818582,8.11924826622876,199.825917184889));
#2573=CARTESIAN_POINT('Origin',(378.988189309511,-20.1612961791467,168.606797333871));
#2574=CARTESIAN_POINT('',(374.007215819052,-22.1612961791467,169.042576047609));
#2575=CARTESIAN_POINT('Origin',(374.007215819052,-20.1612961791467,169.042576047609));
#2576=CARTESIAN_POINT('',(364.045268838135,-22.1612961791467,169.914133475086));
#2577=CARTESIAN_POINT('',(378.988189309511,-22.1612961791467,168.606797333871));
#2578=CARTESIAN_POINT('Origin',(364.045268838135,-20.1612961791467,169.914133475086));
#2579=CARTESIAN_POINT('Origin',(364.045268838135,-20.1612961791467,169.914133475086));
#2580=CARTESIAN_POINT('Origin',(381.602861591941,-25.1612961791467,198.492638276623));
#2581=CARTESIAN_POINT('',(376.621888101482,-27.1612961791467,198.928416990361));
#2582=CARTESIAN_POINT('Origin',(376.621888101482,-25.1612961791467,198.928416990361));
#2583=CARTESIAN_POINT('',(366.659941120564,-27.1612961791467,199.799974417838));
#2584=CARTESIAN_POINT('',(381.602861591941,-27.1612961791467,198.492638276623));
#2585=CARTESIAN_POINT('Origin',(366.659941120564,-25.1612961791467,199.799974417838));
#2586=CARTESIAN_POINT('Origin',(366.659941120564,-25.1612961791467,199.799974417838));
#2587=CARTESIAN_POINT('Origin',(336.832949357577,-8.16129622385019,191.613582657281));
#2588=CARTESIAN_POINT('',(338.155199706374,-21.1612964175653,206.726973301382));
#2589=CARTESIAN_POINT('',(338.155199706374,4.83870396986491,206.726973301382));
#2590=CARTESIAN_POINT('',(338.155199706374,-18.1612962014984,206.726973301378));
#2591=CARTESIAN_POINT('',(335.765713061543,-21.1612964175653,179.415015974213));
#2592=CARTESIAN_POINT('',(335.765713061543,-21.1612964175653,179.415015974213));
#2593=CARTESIAN_POINT('',(335.504245829404,-17.1612963579606,176.426431835404));
#2594=CARTESIAN_POINT('',(335.504245829404,-17.1612963579606,176.426431835404));
#2595=CARTESIAN_POINT('',(335.504245829404,1.83870392516143,176.426431835404));
#2596=CARTESIAN_POINT('',(335.504245829404,1.83870392516143,176.426431835404));
#2597=CARTESIAN_POINT('',(335.815481365324,4.83870396986491,179.983870289451));
#2598=CARTESIAN_POINT('',(335.815481365324,4.83870396986491,179.983870289451));
#2599=CARTESIAN_POINT('',(338.118918150795,4.83870396986491,206.31227322349));
#2600=CARTESIAN_POINT('Origin',(287.349270103693,-28.1612961791467,211.17191618149));
#2601=CARTESIAN_POINT('',(377.006792931953,-28.1612961791467,203.327899334237));
#2602=CARTESIAN_POINT('',(250.134124734717,-28.1612961791467,214.427819512781));
#2603=CARTESIAN_POINT('',(377.006792931953,-21.1612964175653,203.327899334237));
#2604=CARTESIAN_POINT('',(377.006792931953,-28.1612961791467,203.327899334233));
#2605=CARTESIAN_POINT('',(337.159005008277,-21.1612964175653,206.814129044126));
#2606=CARTESIAN_POINT('',(377.006792931953,4.83870396986491,203.327899334237));
#2607=CARTESIAN_POINT('',(317.733208395492,4.83870396986491,208.513666027698));
#2608=CARTESIAN_POINT('',(377.006792931953,11.8387038208533,203.327899334237));
#2609=CARTESIAN_POINT('',(377.006792931953,-28.1612961791467,203.327899334233));
#2610=CARTESIAN_POINT('',(312.254137555984,11.8387038208533,208.993022612808));
#2611=CARTESIAN_POINT('',(343.1978125943,-26.6612964932793,206.285801839136));
#2612=CARTESIAN_POINT('Origin',(343.1978125943,-24.6612964932793,206.285801839136));
#2613=CARTESIAN_POINT('',(359.075288366301,-26.6612963793355,204.896702703685));
#2614=CARTESIAN_POINT('Origin',(359.075288366301,-24.6612963793355,204.896702703685));
#2615=CARTESIAN_POINT('',(359.075288366301,6.33870382084643,204.896702703684));
#2616=CARTESIAN_POINT('Origin',(359.075288366301,8.33870382084644,204.896702703684));
#2617=CARTESIAN_POINT('',(343.1978125943,6.33870382084673,206.285801839136));
#2618=CARTESIAN_POINT('Origin',(343.1978125943,8.33870382084674,206.285801839136));
#2619=CARTESIAN_POINT('Origin',(373.529278796322,-28.1612961791467,163.579730880376));
#2620=CARTESIAN_POINT('',(374.667074590902,4.83870396986491,176.584796322292));
#2621=CARTESIAN_POINT('',(375.271262453825,4.83870396986491,183.490695196188));
#2622=CARTESIAN_POINT('',(374.355839054982,1.83870392516143,173.027357868245));
#2623=CARTESIAN_POINT('',(373.625302180242,-5.20294268629927,164.677283180866));
#2624=CARTESIAN_POINT('',(374.355839054982,-17.1612963579606,173.027357868245));
#2625=CARTESIAN_POINT('',(374.355839054982,-13.1612961269926,173.027357868245));
#2626=CARTESIAN_POINT('',(374.617306287121,-21.1612964175653,176.015942007054));
#2627=CARTESIAN_POINT('',(374.437149365537,-18.4052046075882,173.956738970639));
#2628=CARTESIAN_POINT('',(374.073292541722,-21.1612964175653,169.797836443715));
#2629=CARTESIAN_POINT('',(373.529278796322,-28.1612961791467,163.579730880376));
#2630=CARTESIAN_POINT('',(374.400836223798,-28.1612961791467,173.541677861294));
#2631=CARTESIAN_POINT('',(373.529278796322,11.8387038208533,163.579730880376));
#2632=CARTESIAN_POINT('',(373.529278796322,-28.1612961791467,163.579730880376));
#2633=CARTESIAN_POINT('',(374.400836223798,11.8387038208533,173.541677861294));
#2634=CARTESIAN_POINT('Origin',(384.317786035899,-17.1612963579606,172.155800440769));
#2635=CARTESIAN_POINT('',(384.317786035899,-17.1612963579606,172.155800440769));
#2636=CARTESIAN_POINT('',(384.579253268039,-21.1612964175653,175.144384579577));
#2637=CARTESIAN_POINT('Origin',(384.317786035899,1.83870392516143,172.155800440769));
#2638=CARTESIAN_POINT('',(384.317786035899,1.83870392516143,172.155800440769));
#2639=CARTESIAN_POINT('Origin',(384.62902157182,4.83870396986491,175.713238894815));
#2640=CARTESIAN_POINT('',(384.62902157182,4.83870396986491,175.713238894815));
#2641=CARTESIAN_POINT('Origin',(386.975193092245,4.83870396986491,202.530102084523));
#2642=CARTESIAN_POINT('Origin',(343.895058536278,-24.6612964932793,214.255359423871));
#2643=CARTESIAN_POINT('',(342.587722395069,-26.6612964932793,199.312438952494));
#2644=CARTESIAN_POINT('',(343.895058536278,-26.6612964932793,214.255359423871));
#2645=CARTESIAN_POINT('Origin',(342.587722395069,-24.6612964932793,199.312438952494));
#2646=CARTESIAN_POINT('Origin',(342.587722395069,-24.6612964932793,199.312438952494));
#2647=CARTESIAN_POINT('Origin',(359.772534308279,-24.6612963793355,212.866260288419));
#2648=CARTESIAN_POINT('',(358.46519816707,-26.6612963793355,197.923339817042));
#2649=CARTESIAN_POINT('',(359.772534308279,-26.6612963793355,212.866260288419));
#2650=CARTESIAN_POINT('Origin',(358.46519816707,-24.6612963793355,197.923339817042));
#2651=CARTESIAN_POINT('Origin',(358.46519816707,-24.6612963793355,197.923339817042));
#2652=CARTESIAN_POINT('Origin',(359.77253430828,8.33870382084643,212.866260288419));
#2653=CARTESIAN_POINT('',(358.46519816707,6.33870382084643,197.923339817042));
#2654=CARTESIAN_POINT('',(359.77253430828,6.33870382084643,212.866260288419));
#2655=CARTESIAN_POINT('Origin',(358.46519816707,8.33870382084644,197.923339817042));
#2656=CARTESIAN_POINT('Origin',(358.46519816707,8.33870382084644,197.923339817042));
#2657=CARTESIAN_POINT('Origin',(343.895058536279,8.33870382084674,214.255359423871));
#2658=CARTESIAN_POINT('',(342.587722395069,6.33870382084673,199.312438952494));
#2659=CARTESIAN_POINT('',(343.895058536279,6.33870382084673,214.255359423871));
#2660=CARTESIAN_POINT('Origin',(342.587722395069,8.33870382084674,199.312438952494));
#2661=CARTESIAN_POINT('Origin',(342.587722395069,8.33870382084674,199.312438952494));
#2662=CARTESIAN_POINT('Origin',(384.579253268039,-21.1612964175653,175.144384579577));
#2663=CARTESIAN_POINT('Origin',(335.424605727605,-28.1612961791467,186.989854552117));
#2664=CARTESIAN_POINT('',(383.491225777239,-28.1612961791467,162.7081734529));
#2665=CARTESIAN_POINT('Origin',(383.491225777239,-28.1612961791467,162.7081734529));
#2666=CARTESIAN_POINT('',(383.491225777239,11.8387038208533,162.7081734529));
#2667=CARTESIAN_POINT('Origin',(335.424605727605,11.8387038208533,186.989854552117));
#2668=UNCERTAINTY_MEASURE_WITH_UNIT(LENGTH_MEASURE(0.01),#2672,
'DISTANCE_ACCURACY_VALUE',
'Maximum model space distance between geometric entities at asserted c
onnectivities');
#2669=UNCERTAINTY_MEASURE_WITH_UNIT(LENGTH_MEASURE(0.01),#2672,
'DISTANCE_ACCURACY_VALUE',
'Maximum model space distance between geometric entities at asserted c
onnectivities');
#2670=(
GEOMETRIC_REPRESENTATION_CONTEXT(3)
GLOBAL_UNCERTAINTY_ASSIGNED_CONTEXT((#2668))
GLOBAL_UNIT_ASSIGNED_CONTEXT((#2672,#2674,#2675))
REPRESENTATION_CONTEXT('','3D')
);
#2671=(
GEOMETRIC_REPRESENTATION_CONTEXT(3)
GLOBAL_UNCERTAINTY_ASSIGNED_CONTEXT((#2669))
GLOBAL_UNIT_ASSIGNED_CONTEXT((#2672,#2674,#2675))
REPRESENTATION_CONTEXT('','3D')
);
#2672=(
LENGTH_UNIT()
NAMED_UNIT(*)
SI_UNIT(.MILLI.,.METRE.)
);
#2673=(
LENGTH_UNIT()
NAMED_UNIT(*)
SI_UNIT($,.METRE.)
);
#2674=(
NAMED_UNIT(*)
PLANE_ANGLE_UNIT()
SI_UNIT($,.RADIAN.)
);
#2675=(
NAMED_UNIT(*)
SI_UNIT($,.STERADIAN.)
SOLID_ANGLE_UNIT()
);
#2676=SHAPE_DEFINITION_REPRESENTATION(#2677,#2678);
#2677=PRODUCT_DEFINITION_SHAPE('',$,#2680);
#2678=SHAPE_REPRESENTATION('',(#1355),#2670);
#2679=PRODUCT_DEFINITION_CONTEXT('part definition',#2684,'design');
#2680=PRODUCT_DEFINITION('Linkage3','Linkage3',#2681,#2679);
#2681=PRODUCT_DEFINITION_FORMATION('',$,#2686);
#2682=PRODUCT_RELATED_PRODUCT_CATEGORY('Linkage3','Linkage3',(#2686));
#2683=APPLICATION_PROTOCOL_DEFINITION('international standard',
'automotive_design',2009,#2684);
#2684=APPLICATION_CONTEXT(
'Core Data for Automotive Mechanical Design Process');
#2685=PRODUCT_CONTEXT('part definition',#2684,'mechanical');
#2686=PRODUCT('Linkage3','Linkage3',$,(#2685));
#2687=PRESENTATION_STYLE_ASSIGNMENT((#2688));
#2688=SURFACE_STYLE_USAGE(.BOTH.,#2689);
#2689=SURFACE_SIDE_STYLE('',(#2690));
#2690=SURFACE_STYLE_FILL_AREA(#2691);
#2691=FILL_AREA_STYLE('Steel - Satin',(#2692));
#2692=FILL_AREA_STYLE_COLOUR('Steel - Satin',#2693);
#2693=COLOUR_RGB('Steel - Satin',0.627450980392157,0.627450980392157,0.627450980392157);
ENDSEC;
END-ISO-10303-21;
