ISO-10303-21;
HEADER;
/* Generated by software containing ST-Developer
 * from STEP Tools, Inc. (www.steptools.com) 
 */

FILE_DESCRIPTION(
/* description */ (''),
/* implementation_level */ '2;1');

FILE_NAME(
/* name */ 'Linkage1.step',
/* time_stamp */ '2026-08-05T16:39:32-05:00',
/* author */ (''),
/* organization */ (''),
/* preprocessor_version */ 'ST-DEVELOPER v20.1',
/* originating_system */ 'Autodesk Translation Framework v15.8.0.0',
/* authorisation */ '');

FILE_SCHEMA (('AUTOMOTIVE_DESIGN { 1 0 10303 214 3 1 1 }'));
ENDSEC;

DATA;
#10=MECHANICAL_DESIGN_GEOMETRIC_PRESENTATION_REPRESENTATION('',(#13),#1959);
#11=SHAPE_REPRESENTATION_RELATIONSHIP('SRR','None',#1966,#12);
#12=ADVANCED_BREP_SHAPE_REPRESENTATION('',(#14),#1958);
#13=STYLED_ITEM('',(#1975),#14);
#14=MANIFOLD_SOLID_BREP('Shoulder',#1003);
#15=(
BOUNDED_CURVE()
B_SPLINE_CURVE(5,(#1849,#1850,#1851,#1852,#1853,#1854,#1855,#1856,#1857,
#1858,#1859,#1860,#1861,#1862,#1863,#1864,#1865,#1866,#1867,#1868,#1869,
#1870,#1871,#1872,#1873,#1874,#1875,#1876,#1877,#1878,#1879,#1880,#1881,
#1882,#1883,#1884,#1885,#1886,#1887,#1888,#1889,#1890,#1891,#1892,#1893,
#1894,#1895,#1896,#1897,#1898),.UNSPECIFIED.,.F.,.F.)
B_SPLINE_CURVE_WITH_KNOTS((6,1,1,1,1,1,1,1,1,1,1,1,1,1,1,1,1,1,1,1,1,1,
1,1,1,1,1,1,1,1,1,1,1,1,1,1,1,1,1,1,1,1,1,1,1,6),(-1.,-0.977777777777778,
-0.955555555555556,-0.933333333333334,-0.911111111111111,-0.888888888888889,
-0.866666666666667,-0.844444444444445,-0.822222222222222,-0.8,-0.777777777777778,
-0.755555555555556,-0.733333333333333,-0.711111111111111,-0.688888888888889,
-0.666666666666667,-0.644444444444444,-0.622222222222222,-0.6,-0.577777777777778,
-0.555555555555555,-0.533333333333333,-0.511111111111111,-0.488888888888889,
-0.466666666666666,-0.444444444444444,-0.422222222222222,-0.4,-0.377777777777778,
-0.355555555555555,-0.333333333333333,-0.311111111111111,-0.288888888888889,
-0.266666666666667,-0.244444444444444,-0.222222222222222,-0.2,-0.177777777777778,
-0.155555555555556,-0.133333333333333,-0.111111111111111,-0.0888888888888889,
-0.0666666666666667,-0.0444444444444444,-0.0222222222222222,0.),
 .UNSPECIFIED.)
CURVE()
GEOMETRIC_REPRESENTATION_ITEM()
RATIONAL_B_SPLINE_CURVE((1.,1.,1.,1.,1.,1.,1.,1.,1.,1.,1.,1.,1.,1.,1.,1.,
1.,1.,1.,1.,1.,1.,1.,1.,1.,1.,1.,1.,1.,1.,1.,1.,1.,1.,1.,1.,1.,1.,1.,1.,
1.,1.,1.,1.,1.,1.,1.,1.,1.,1.))
REPRESENTATION_ITEM('')
);
#16=(
BOUNDED_SURFACE()
B_SPLINE_SURFACE(5,1,((#1746,#1747),(#1748,#1749),(#1750,#1751),(#1752,
#1753),(#1754,#1755),(#1756,#1757),(#1758,#1759),(#1760,#1761),(#1762,#1763),
(#1764,#1765),(#1766,#1767),(#1768,#1769),(#1770,#1771),(#1772,#1773),(#1774,
#1775),(#1776,#1777),(#1778,#1779),(#1780,#1781),(#1782,#1783),(#1784,#1785),
(#1786,#1787),(#1788,#1789),(#1790,#1791),(#1792,#1793),(#1794,#1795),(#1796,
#1797),(#1798,#1799),(#1800,#1801),(#1802,#1803),(#1804,#1805),(#1806,#1807),
(#1808,#1809),(#1810,#1811),(#1812,#1813),(#1814,#1815),(#1816,#1817),(#1818,
#1819),(#1820,#1821),(#1822,#1823),(#1824,#1825),(#1826,#1827),(#1828,#1829),
(#1830,#1831),(#1832,#1833),(#1834,#1835),(#1836,#1837),(#1838,#1839),(#1840,
#1841),(#1842,#1843),(#1844,#1845)),.UNSPECIFIED.,.F.,.F.,.F.)
B_SPLINE_SURFACE_WITH_KNOTS((6,1,1,1,1,1,1,1,1,1,1,1,1,1,1,1,1,1,1,1,1,
1,1,1,1,1,1,1,1,1,1,1,1,1,1,1,1,1,1,1,1,1,1,1,1,6),(2,2),(-1.,-0.977777777777778,
-0.955555555555556,-0.933333333333334,-0.911111111111111,-0.888888888888889,
-0.866666666666667,-0.844444444444445,-0.822222222222222,-0.8,-0.777777777777778,
-0.755555555555556,-0.733333333333333,-0.711111111111111,-0.688888888888889,
-0.666666666666667,-0.644444444444444,-0.622222222222222,-0.6,-0.577777777777778,
-0.555555555555555,-0.533333333333333,-0.511111111111111,-0.488888888888889,
-0.466666666666666,-0.444444444444444,-0.422222222222222,-0.4,-0.377777777777778,
-0.355555555555555,-0.333333333333333,-0.311111111111111,-0.288888888888889,
-0.266666666666667,-0.244444444444444,-0.222222222222222,-0.2,-0.177777777777778,
-0.155555555555556,-0.133333333333333,-0.111111111111111,-0.0888888888888889,
-0.0666666666666667,-0.0444444444444444,-0.0222222222222222,0.),(-0.5,4.),
 .UNSPECIFIED.)
GEOMETRIC_REPRESENTATION_ITEM()
RATIONAL_B_SPLINE_SURFACE(((1.,1.),(1.,1.),(1.,1.),(1.,1.),(1.,1.),(1.,
1.),(1.,1.),(1.,1.),(1.,1.),(1.,1.),(1.,1.),(1.,1.),(1.,1.),(1.,1.),(1.,
1.),(1.,1.),(1.,1.),(1.,1.),(1.,1.),(1.,1.),(1.,1.),(1.,1.),(1.,1.),(1.,
1.),(1.,1.),(1.,1.),(1.,1.),(1.,1.),(1.,1.),(1.,1.),(1.,1.),(1.,1.),(1.,
1.),(1.,1.),(1.,1.),(1.,1.),(1.,1.),(1.,1.),(1.,1.),(1.,1.),(1.,1.),(1.,
1.),(1.,1.),(1.,1.),(1.,1.),(1.,1.),(1.,1.),(1.,1.),(1.,1.),(1.,1.)))
REPRESENTATION_ITEM('')
SURFACE()
);
#17=B_SPLINE_CURVE_WITH_KNOTS('',3,(#1574,#1575,#1576,#1577,#1578,#1579,
#1580,#1581,#1582,#1583,#1584,#1585,#1586,#1587,#1588,#1589,#1590,#1591,
#1592,#1593,#1594,#1595,#1596,#1597,#1598,#1599,#1600,#1601),
 .UNSPECIFIED.,.F.,.F.,(4,3,3,3,3,3,3,3,3,4),(-24.2329121307492,-20.9346722129431,
-18.1387504218342,-13.9646432415724,-10.3737733984494,-7.85563279935507,
-5.26900148833816,-3.51158820624368,-1.83600513754241,1.77635683940025E-15),
 .UNSPECIFIED.);
#18=B_SPLINE_CURVE_WITH_KNOTS('',3,(#1605,#1606,#1607,#1608,#1609,#1610,
#1611,#1612,#1613,#1614,#1615,#1616,#1617,#1618,#1619,#1620,#1621,#1622,
#1623,#1624,#1625,#1626,#1627,#1628,#1629,#1630,#1631,#1632),
 .UNSPECIFIED.,.F.,.F.,(4,3,3,3,3,3,3,3,3,4),(0.,1.83600513754241,3.51158820624368,
5.26900148833816,7.85563279935507,10.3737733984494,13.9646432415724,18.1387504218342,
20.9346722129431,24.2329121307492),.UNSPECIFIED.);
#19=B_SPLINE_SURFACE_WITH_KNOTS('',3,1,((#1532,#1533),(#1534,#1535),(#1536,
#1537),(#1538,#1539),(#1540,#1541),(#1542,#1543),(#1544,#1545),(#1546,#1547),
(#1548,#1549),(#1550,#1551),(#1552,#1553),(#1554,#1555),(#1556,#1557),(#1558,
#1559),(#1560,#1561),(#1562,#1563),(#1564,#1565),(#1566,#1567),(#1568,#1569),
(#1570,#1571)),.UNSPECIFIED.,.F.,.F.,.F.,(4,2,2,2,2,2,2,2,2,4),(2,2),(0.,
1.83600513754241,3.51158820624368,5.26900148833816,7.85563279935507,10.3737733984494,
13.9646432415724,18.1387504218342,20.9346722129431,24.2329121307492),(0.,
0.3),.UNSPECIFIED.);
#20=FACE_BOUND('',#138,.T.);
#21=FACE_BOUND('',#157,.T.);
#22=FACE_BOUND('',#158,.T.);
#23=FACE_BOUND('',#159,.T.);
#24=FACE_BOUND('',#160,.T.);
#25=FACE_BOUND('',#161,.T.);
#26=FACE_BOUND('',#162,.T.);
#27=FACE_BOUND('',#164,.T.);
#28=FACE_BOUND('',#177,.T.);
#29=FACE_BOUND('',#184,.T.);
#30=FACE_BOUND('',#188,.T.);
#31=FACE_BOUND('',#199,.T.);
#32=FACE_BOUND('',#200,.T.);
#33=FACE_BOUND('',#202,.T.);
#34=FACE_BOUND('',#204,.T.);
#35=FACE_BOUND('',#205,.T.);
#36=PLANE('',#1020);
#37=PLANE('',#1024);
#38=PLANE('',#1028);
#39=PLANE('',#1031);
#40=PLANE('',#1033);
#41=PLANE('',#1035);
#42=PLANE('',#1037);
#43=PLANE('',#1042);
#44=PLANE('',#1046);
#45=PLANE('',#1050);
#46=PLANE('',#1054);
#47=PLANE('',#1058);
#48=PLANE('',#1062);
#49=PLANE('',#1063);
#50=PLANE('',#1076);
#51=PLANE('',#1085);
#52=PLANE('',#1092);
#53=PLANE('',#1093);
#54=PLANE('',#1094);
#55=PLANE('',#1103);
#56=PLANE('',#1105);
#57=PLANE('',#1110);
#58=PLANE('',#1111);
#59=PLANE('',#1112);
#60=PLANE('',#1113);
#61=PLANE('',#1114);
#62=PLANE('',#1115);
#63=PLANE('',#1116);
#64=PLANE('',#1117);
#65=PLANE('',#1118);
#66=PLANE('',#1119);
#67=PLANE('',#1120);
#68=PLANE('',#1121);
#69=PLANE('',#1122);
#70=PLANE('',#1123);
#71=FACE_OUTER_BOUND('',#132,.T.);
#72=FACE_OUTER_BOUND('',#133,.T.);
#73=FACE_OUTER_BOUND('',#134,.T.);
#74=FACE_OUTER_BOUND('',#135,.T.);
#75=FACE_OUTER_BOUND('',#136,.T.);
#76=FACE_OUTER_BOUND('',#137,.T.);
#77=FACE_OUTER_BOUND('',#139,.T.);
#78=FACE_OUTER_BOUND('',#140,.T.);
#79=FACE_OUTER_BOUND('',#141,.T.);
#80=FACE_OUTER_BOUND('',#142,.T.);
#81=FACE_OUTER_BOUND('',#143,.T.);
#82=FACE_OUTER_BOUND('',#144,.T.);
#83=FACE_OUTER_BOUND('',#145,.T.);
#84=FACE_OUTER_BOUND('',#146,.T.);
#85=FACE_OUTER_BOUND('',#147,.T.);
#86=FACE_OUTER_BOUND('',#148,.T.);
#87=FACE_OUTER_BOUND('',#149,.T.);
#88=FACE_OUTER_BOUND('',#150,.T.);
#89=FACE_OUTER_BOUND('',#151,.T.);
#90=FACE_OUTER_BOUND('',#152,.T.);
#91=FACE_OUTER_BOUND('',#153,.T.);
#92=FACE_OUTER_BOUND('',#154,.T.);
#93=FACE_OUTER_BOUND('',#155,.T.);
#94=FACE_OUTER_BOUND('',#156,.T.);
#95=FACE_OUTER_BOUND('',#163,.T.);
#96=FACE_OUTER_BOUND('',#165,.T.);
#97=FACE_OUTER_BOUND('',#166,.T.);
#98=FACE_OUTER_BOUND('',#167,.T.);
#99=FACE_OUTER_BOUND('',#168,.T.);
#100=FACE_OUTER_BOUND('',#169,.T.);
#101=FACE_OUTER_BOUND('',#170,.T.);
#102=FACE_OUTER_BOUND('',#171,.T.);
#103=FACE_OUTER_BOUND('',#172,.T.);
#104=FACE_OUTER_BOUND('',#173,.T.);
#105=FACE_OUTER_BOUND('',#174,.T.);
#106=FACE_OUTER_BOUND('',#175,.T.);
#107=FACE_OUTER_BOUND('',#176,.T.);
#108=FACE_OUTER_BOUND('',#178,.T.);
#109=FACE_OUTER_BOUND('',#179,.T.);
#110=FACE_OUTER_BOUND('',#180,.T.);
#111=FACE_OUTER_BOUND('',#181,.T.);
#112=FACE_OUTER_BOUND('',#182,.T.);
#113=FACE_OUTER_BOUND('',#183,.T.);
#114=FACE_OUTER_BOUND('',#185,.T.);
#115=FACE_OUTER_BOUND('',#186,.T.);
#116=FACE_OUTER_BOUND('',#187,.T.);
#117=FACE_OUTER_BOUND('',#189,.T.);
#118=FACE_OUTER_BOUND('',#190,.T.);
#119=FACE_OUTER_BOUND('',#191,.T.);
#120=FACE_OUTER_BOUND('',#192,.T.);
#121=FACE_OUTER_BOUND('',#193,.T.);
#122=FACE_OUTER_BOUND('',#194,.T.);
#123=FACE_OUTER_BOUND('',#195,.T.);
#124=FACE_OUTER_BOUND('',#196,.T.);
#125=FACE_OUTER_BOUND('',#197,.T.);
#126=FACE_OUTER_BOUND('',#198,.T.);
#127=FACE_OUTER_BOUND('',#201,.T.);
#128=FACE_OUTER_BOUND('',#203,.T.);
#129=FACE_OUTER_BOUND('',#206,.T.);
#130=FACE_OUTER_BOUND('',#207,.T.);
#131=FACE_OUTER_BOUND('',#208,.T.);
#132=EDGE_LOOP('',(#648,#649,#650,#651));
#133=EDGE_LOOP('',(#652,#653,#654,#655,#656,#657,#658,#659));
#134=EDGE_LOOP('',(#660,#661,#662,#663));
#135=EDGE_LOOP('',(#664,#665,#666,#667));
#136=EDGE_LOOP('',(#668,#669,#670,#671));
#137=EDGE_LOOP('',(#672));
#138=EDGE_LOOP('',(#673));
#139=EDGE_LOOP('',(#674));
#140=EDGE_LOOP('',(#675));
#141=EDGE_LOOP('',(#676));
#142=EDGE_LOOP('',(#677));
#143=EDGE_LOOP('',(#678,#679,#680,#681));
#144=EDGE_LOOP('',(#682));
#145=EDGE_LOOP('',(#683,#684,#685,#686));
#146=EDGE_LOOP('',(#687));
#147=EDGE_LOOP('',(#688,#689,#690,#691));
#148=EDGE_LOOP('',(#692));
#149=EDGE_LOOP('',(#693,#694,#695,#696));
#150=EDGE_LOOP('',(#697));
#151=EDGE_LOOP('',(#698,#699,#700,#701));
#152=EDGE_LOOP('',(#702));
#153=EDGE_LOOP('',(#703,#704,#705,#706));
#154=EDGE_LOOP('',(#707));
#155=EDGE_LOOP('',(#708,#709,#710,#711));
#156=EDGE_LOOP('',(#712,#713,#714,#715,#716,#717,#718,#719,#720,#721,#722,
#723,#724,#725,#726,#727,#728,#729,#730,#731,#732,#733,#734));
#157=EDGE_LOOP('',(#735));
#158=EDGE_LOOP('',(#736));
#159=EDGE_LOOP('',(#737));
#160=EDGE_LOOP('',(#738));
#161=EDGE_LOOP('',(#739));
#162=EDGE_LOOP('',(#740));
#163=EDGE_LOOP('',(#741,#742,#743,#744));
#164=EDGE_LOOP('',(#745,#746,#747,#748));
#165=EDGE_LOOP('',(#749));
#166=EDGE_LOOP('',(#750,#751,#752,#753));
#167=EDGE_LOOP('',(#754,#755,#756,#757));
#168=EDGE_LOOP('',(#758,#759,#760,#761));
#169=EDGE_LOOP('',(#762,#763,#764,#765));
#170=EDGE_LOOP('',(#766,#767,#768,#769));
#171=EDGE_LOOP('',(#770,#771,#772,#773));
#172=EDGE_LOOP('',(#774,#775,#776,#777));
#173=EDGE_LOOP('',(#778,#779,#780,#781));
#174=EDGE_LOOP('',(#782,#783,#784,#785,#786,#787,#788,#789,#790,#791));
#175=EDGE_LOOP('',(#792,#793,#794,#795));
#176=EDGE_LOOP('',(#796,#797,#798,#799,#800,#801,#802,#803,#804,#805));
#177=EDGE_LOOP('',(#806));
#178=EDGE_LOOP('',(#807,#808,#809,#810));
#179=EDGE_LOOP('',(#811,#812,#813,#814));
#180=EDGE_LOOP('',(#815,#816,#817,#818));
#181=EDGE_LOOP('',(#819,#820,#821,#822));
#182=EDGE_LOOP('',(#823));
#183=EDGE_LOOP('',(#824));
#184=EDGE_LOOP('',(#825));
#185=EDGE_LOOP('',(#826,#827,#828,#829));
#186=EDGE_LOOP('',(#830,#831,#832,#833));
#187=EDGE_LOOP('',(#834));
#188=EDGE_LOOP('',(#835));
#189=EDGE_LOOP('',(#836,#837,#838,#839,#840,#841,#842,#843,#844,#845));
#190=EDGE_LOOP('',(#846,#847,#848,#849));
#191=EDGE_LOOP('',(#850,#851,#852,#853));
#192=EDGE_LOOP('',(#854,#855,#856,#857));
#193=EDGE_LOOP('',(#858,#859,#860,#861));
#194=EDGE_LOOP('',(#862,#863,#864,#865));
#195=EDGE_LOOP('',(#866,#867,#868,#869));
#196=EDGE_LOOP('',(#870,#871,#872,#873,#874,#875,#876,#877));
#197=EDGE_LOOP('',(#878,#879,#880,#881));
#198=EDGE_LOOP('',(#882,#883,#884,#885,#886));
#199=EDGE_LOOP('',(#887));
#200=EDGE_LOOP('',(#888));
#201=EDGE_LOOP('',(#889,#890,#891,#892,#893,#894,#895,#896,#897));
#202=EDGE_LOOP('',(#898));
#203=EDGE_LOOP('',(#899,#900,#901,#902,#903));
#204=EDGE_LOOP('',(#904));
#205=EDGE_LOOP('',(#905));
#206=EDGE_LOOP('',(#906,#907,#908,#909));
#207=EDGE_LOOP('',(#910,#911,#912,#913));
#208=EDGE_LOOP('',(#914,#915,#916,#917));
#209=CIRCLE('',#1019,2.5);
#210=CIRCLE('',#1022,2.5);
#211=CIRCLE('',#1026,10.);
#212=CIRCLE('',#1027,10.);
#213=CIRCLE('',#1029,12.5);
#214=CIRCLE('',#1030,4.);
#215=CIRCLE('',#1032,2.5);
#216=CIRCLE('',#1034,2.5);
#217=CIRCLE('',#1036,2.5);
#218=CIRCLE('',#1038,2.5);
#219=CIRCLE('',#1040,1.99999999999999);
#220=CIRCLE('',#1041,1.99999999999999);
#221=CIRCLE('',#1044,2.);
#222=CIRCLE('',#1045,2.);
#223=CIRCLE('',#1048,1.99999999999999);
#224=CIRCLE('',#1049,1.99999999999999);
#225=CIRCLE('',#1052,2.00000000000001);
#226=CIRCLE('',#1053,2.00000000000001);
#227=CIRCLE('',#1056,2.);
#228=CIRCLE('',#1057,2.);
#229=CIRCLE('',#1060,2.);
#230=CIRCLE('',#1061,2.);
#231=CIRCLE('',#1064,25.);
#232=CIRCLE('',#1065,27.5);
#233=CIRCLE('',#1066,25.);
#234=CIRCLE('',#1067,75.);
#235=CIRCLE('',#1068,27.5);
#236=CIRCLE('',#1069,19.);
#237=CIRCLE('',#1070,27.5);
#238=CIRCLE('',#1071,75.);
#239=CIRCLE('',#1073,19.);
#240=CIRCLE('',#1074,19.);
#241=CIRCLE('',#1075,19.);
#242=CIRCLE('',#1078,75.);
#243=CIRCLE('',#1080,27.5);
#244=CIRCLE('',#1082,27.5);
#245=CIRCLE('',#1084,75.);
#246=CIRCLE('',#1087,25.);
#247=CIRCLE('',#1089,27.5);
#248=CIRCLE('',#1091,25.);
#249=CIRCLE('',#1096,2.5);
#250=CIRCLE('',#1098,2.5);
#251=CIRCLE('',#1100,2.5);
#252=CIRCLE('',#1102,2.5);
#253=CIRCLE('',#1104,4.);
#254=CIRCLE('',#1106,12.5);
#255=CIRCLE('',#1108,22.5);
#256=CIRCLE('',#1109,22.5);
#257=LINE('',#1434,#339);
#258=LINE('',#1437,#340);
#259=LINE('',#1440,#341);
#260=LINE('',#1442,#342);
#261=LINE('',#1444,#343);
#262=LINE('',#1446,#344);
#263=LINE('',#1448,#345);
#264=LINE('',#1450,#346);
#265=LINE('',#1451,#347);
#266=LINE('',#1457,#348);
#267=LINE('',#1460,#349);
#268=LINE('',#1463,#350);
#269=LINE('',#1465,#351);
#270=LINE('',#1466,#352);
#271=LINE('',#1471,#353);
#272=LINE('',#1494,#354);
#273=LINE('',#1501,#355);
#274=LINE('',#1508,#356);
#275=LINE('',#1515,#357);
#276=LINE('',#1522,#358);
#277=LINE('',#1529,#359);
#278=LINE('',#1603,#360);
#279=LINE('',#1633,#361);
#280=LINE('',#1636,#362);
#281=LINE('',#1644,#363);
#282=LINE('',#1655,#364);
#283=LINE('',#1657,#365);
#284=LINE('',#1659,#366);
#285=LINE('',#1661,#367);
#286=LINE('',#1663,#368);
#287=LINE('',#1665,#369);
#288=LINE('',#1667,#370);
#289=LINE('',#1668,#371);
#290=LINE('',#1670,#372);
#291=LINE('',#1671,#373);
#292=LINE('',#1676,#374);
#293=LINE('',#1679,#375);
#294=LINE('',#1681,#376);
#295=LINE('',#1686,#377);
#296=LINE('',#1689,#378);
#297=LINE('',#1694,#379);
#298=LINE('',#1698,#380);
#299=LINE('',#1702,#381);
#300=LINE('',#1703,#382);
#301=LINE('',#1706,#383);
#302=LINE('',#1710,#384);
#303=LINE('',#1714,#385);
#304=LINE('',#1717,#386);
#305=LINE('',#1718,#387);
#306=LINE('',#1721,#388);
#307=LINE('',#1722,#389);
#308=LINE('',#1726,#390);
#309=LINE('',#1731,#391);
#310=LINE('',#1734,#392);
#311=LINE('',#1739,#393);
#312=LINE('',#1847,#394);
#313=LINE('',#1899,#395);
#314=LINE('',#1904,#396);
#315=LINE('',#1909,#397);
#316=LINE('',#1911,#398);
#317=LINE('',#1913,#399);
#318=LINE('',#1914,#400);
#319=LINE('',#1915,#401);
#320=LINE('',#1919,#402);
#321=LINE('',#1921,#403);
#322=LINE('',#1922,#404);
#323=LINE('',#1924,#405);
#324=LINE('',#1926,#406);
#325=LINE('',#1929,#407);
#326=LINE('',#1931,#408);
#327=LINE('',#1932,#409);
#328=LINE('',#1935,#410);
#329=LINE('',#1936,#411);
#330=LINE('',#1939,#412);
#331=LINE('',#1940,#413);
#332=LINE('',#1942,#414);
#333=LINE('',#1944,#415);
#334=LINE('',#1947,#416);
#335=LINE('',#1948,#417);
#336=LINE('',#1950,#418);
#337=LINE('',#1953,#419);
#338=LINE('',#1955,#420);
#339=VECTOR('',#1132,10.);
#340=VECTOR('',#1135,10.);
#341=VECTOR('',#1138,10.);
#342=VECTOR('',#1139,10.);
#343=VECTOR('',#1140,10.);
#344=VECTOR('',#1141,10.);
#345=VECTOR('',#1142,10.);
#346=VECTOR('',#1143,10.);
#347=VECTOR('',#1144,10.);
#348=VECTOR('',#1149,10.);
#349=VECTOR('',#1152,10.);
#350=VECTOR('',#1155,10.);
#351=VECTOR('',#1156,10.);
#352=VECTOR('',#1157,10.);
#353=VECTOR('',#1162,10.);
#354=VECTOR('',#1191,1.99999999999999);
#355=VECTOR('',#1200,2.);
#356=VECTOR('',#1209,1.99999999999999);
#357=VECTOR('',#1218,2.00000000000001);
#358=VECTOR('',#1227,2.);
#359=VECTOR('',#1236,2.);
#360=VECTOR('',#1241,10.);
#361=VECTOR('',#1242,10.);
#362=VECTOR('',#1245,10.);
#363=VECTOR('',#1252,10.);
#364=VECTOR('',#1263,10.);
#365=VECTOR('',#1264,10.);
#366=VECTOR('',#1265,10.);
#367=VECTOR('',#1266,10.);
#368=VECTOR('',#1267,10.);
#369=VECTOR('',#1268,10.);
#370=VECTOR('',#1269,10.);
#371=VECTOR('',#1270,10.);
#372=VECTOR('',#1271,10.);
#373=VECTOR('',#1272,10.);
#374=VECTOR('',#1277,19.);
#375=VECTOR('',#1280,10.);
#376=VECTOR('',#1281,10.);
#377=VECTOR('',#1288,10.);
#378=VECTOR('',#1291,10.);
#379=VECTOR('',#1298,10.);
#380=VECTOR('',#1303,10.);
#381=VECTOR('',#1308,10.);
#382=VECTOR('',#1309,10.);
#383=VECTOR('',#1312,10.);
#384=VECTOR('',#1317,10.);
#385=VECTOR('',#1322,10.);
#386=VECTOR('',#1327,10.);
#387=VECTOR('',#1328,10.);
#388=VECTOR('',#1331,10.);
#389=VECTOR('',#1332,10.);
#390=VECTOR('',#1337,2.5);
#391=VECTOR('',#1344,2.5);
#392=VECTOR('',#1347,2.5);
#393=VECTOR('',#1354,2.5);
#394=VECTOR('',#1363,10.);
#395=VECTOR('',#1364,10.);
#396=VECTOR('',#1369,22.5);
#397=VECTOR('',#1376,10.);
#398=VECTOR('',#1377,10.);
#399=VECTOR('',#1378,10.);
#400=VECTOR('',#1379,10.);
#401=VECTOR('',#1380,10.);
#402=VECTOR('',#1385,10.);
#403=VECTOR('',#1386,10.);
#404=VECTOR('',#1387,10.);
#405=VECTOR('',#1390,10.);
#406=VECTOR('',#1393,10.);
#407=VECTOR('',#1396,10.);
#408=VECTOR('',#1397,10.);
#409=VECTOR('',#1398,10.);
#410=VECTOR('',#1401,10.);
#411=VECTOR('',#1402,10.);
#412=VECTOR('',#1405,10.);
#413=VECTOR('',#1406,10.);
#414=VECTOR('',#1409,10.);
#415=VECTOR('',#1412,10.);
#416=VECTOR('',#1415,10.);
#417=VECTOR('',#1416,10.);
#418=VECTOR('',#1419,10.);
#419=VECTOR('',#1424,4.);
#420=VECTOR('',#1427,12.5);
#421=ELLIPSE('',#1018,2.50286708170058,2.5);
#422=ELLIPSE('',#1023,2.50286708170058,2.5);
#423=VERTEX_POINT('',#1430);
#424=VERTEX_POINT('',#1431);
#425=VERTEX_POINT('',#1433);
#426=VERTEX_POINT('',#1435);
#427=VERTEX_POINT('',#1439);
#428=VERTEX_POINT('',#1441);
#429=VERTEX_POINT('',#1443);
#430=VERTEX_POINT('',#1445);
#431=VERTEX_POINT('',#1447);
#432=VERTEX_POINT('',#1449);
#433=VERTEX_POINT('',#1453);
#434=VERTEX_POINT('',#1454);
#435=VERTEX_POINT('',#1456);
#436=VERTEX_POINT('',#1458);
#437=VERTEX_POINT('',#1462);
#438=VERTEX_POINT('',#1464);
#439=VERTEX_POINT('',#1468);
#440=VERTEX_POINT('',#1470);
#441=VERTEX_POINT('',#1474);
#442=VERTEX_POINT('',#1476);
#443=VERTEX_POINT('',#1479);
#444=VERTEX_POINT('',#1482);
#445=VERTEX_POINT('',#1485);
#446=VERTEX_POINT('',#1488);
#447=VERTEX_POINT('',#1491);
#448=VERTEX_POINT('',#1493);
#449=VERTEX_POINT('',#1498);
#450=VERTEX_POINT('',#1500);
#451=VERTEX_POINT('',#1505);
#452=VERTEX_POINT('',#1507);
#453=VERTEX_POINT('',#1512);
#454=VERTEX_POINT('',#1514);
#455=VERTEX_POINT('',#1519);
#456=VERTEX_POINT('',#1521);
#457=VERTEX_POINT('',#1526);
#458=VERTEX_POINT('',#1528);
#459=VERTEX_POINT('',#1572);
#460=VERTEX_POINT('',#1573);
#461=VERTEX_POINT('',#1602);
#462=VERTEX_POINT('',#1604);
#463=VERTEX_POINT('',#1635);
#464=VERTEX_POINT('',#1637);
#465=VERTEX_POINT('',#1639);
#466=VERTEX_POINT('',#1641);
#467=VERTEX_POINT('',#1643);
#468=VERTEX_POINT('',#1645);
#469=VERTEX_POINT('',#1647);
#470=VERTEX_POINT('',#1649);
#471=VERTEX_POINT('',#1651);
#472=VERTEX_POINT('',#1653);
#473=VERTEX_POINT('',#1656);
#474=VERTEX_POINT('',#1658);
#475=VERTEX_POINT('',#1660);
#476=VERTEX_POINT('',#1662);
#477=VERTEX_POINT('',#1664);
#478=VERTEX_POINT('',#1666);
#479=VERTEX_POINT('',#1669);
#480=VERTEX_POINT('',#1673);
#481=VERTEX_POINT('',#1675);
#482=VERTEX_POINT('',#1678);
#483=VERTEX_POINT('',#1680);
#484=VERTEX_POINT('',#1685);
#485=VERTEX_POINT('',#1687);
#486=VERTEX_POINT('',#1693);
#487=VERTEX_POINT('',#1697);
#488=VERTEX_POINT('',#1701);
#489=VERTEX_POINT('',#1705);
#490=VERTEX_POINT('',#1709);
#491=VERTEX_POINT('',#1713);
#492=VERTEX_POINT('',#1720);
#493=VERTEX_POINT('',#1725);
#494=VERTEX_POINT('',#1729);
#495=VERTEX_POINT('',#1733);
#496=VERTEX_POINT('',#1737);
#497=VERTEX_POINT('',#1741);
#498=VERTEX_POINT('',#1744);
#499=VERTEX_POINT('',#1846);
#500=VERTEX_POINT('',#1848);
#501=VERTEX_POINT('',#1901);
#502=VERTEX_POINT('',#1903);
#503=VERTEX_POINT('',#1908);
#504=VERTEX_POINT('',#1910);
#505=VERTEX_POINT('',#1912);
#506=VERTEX_POINT('',#1918);
#507=VERTEX_POINT('',#1920);
#508=VERTEX_POINT('',#1928);
#509=VERTEX_POINT('',#1930);
#510=VERTEX_POINT('',#1934);
#511=VERTEX_POINT('',#1938);
#512=VERTEX_POINT('',#1946);
#513=EDGE_CURVE('',#423,#424,#421,.F.);
#514=EDGE_CURVE('',#423,#425,#257,.T.);
#515=EDGE_CURVE('',#425,#426,#209,.T.);
#516=EDGE_CURVE('',#426,#424,#258,.T.);
#517=EDGE_CURVE('',#423,#427,#259,.T.);
#518=EDGE_CURVE('',#427,#428,#260,.T.);
#519=EDGE_CURVE('',#428,#429,#261,.T.);
#520=EDGE_CURVE('',#430,#429,#262,.T.);
#521=EDGE_CURVE('',#431,#430,#263,.T.);
#522=EDGE_CURVE('',#432,#431,#264,.T.);
#523=EDGE_CURVE('',#425,#432,#265,.T.);
#524=EDGE_CURVE('',#433,#434,#210,.T.);
#525=EDGE_CURVE('',#434,#435,#266,.T.);
#526=EDGE_CURVE('',#435,#436,#422,.T.);
#527=EDGE_CURVE('',#436,#433,#267,.T.);
#528=EDGE_CURVE('',#434,#437,#268,.T.);
#529=EDGE_CURVE('',#438,#437,#269,.T.);
#530=EDGE_CURVE('',#435,#438,#270,.T.);
#531=EDGE_CURVE('',#439,#439,#211,.T.);
#532=EDGE_CURVE('',#439,#440,#271,.T.);
#533=EDGE_CURVE('',#440,#440,#212,.T.);
#534=EDGE_CURVE('',#441,#441,#213,.T.);
#535=EDGE_CURVE('',#442,#442,#214,.T.);
#536=EDGE_CURVE('',#443,#443,#215,.T.);
#537=EDGE_CURVE('',#444,#444,#216,.T.);
#538=EDGE_CURVE('',#445,#445,#217,.T.);
#539=EDGE_CURVE('',#446,#446,#218,.T.);
#540=EDGE_CURVE('',#447,#447,#219,.T.);
#541=EDGE_CURVE('',#447,#448,#272,.T.);
#542=EDGE_CURVE('',#448,#448,#220,.T.);
#543=EDGE_CURVE('',#449,#449,#221,.T.);
#544=EDGE_CURVE('',#449,#450,#273,.T.);
#545=EDGE_CURVE('',#450,#450,#222,.T.);
#546=EDGE_CURVE('',#451,#451,#223,.T.);
#547=EDGE_CURVE('',#451,#452,#274,.T.);
#548=EDGE_CURVE('',#452,#452,#224,.T.);
#549=EDGE_CURVE('',#453,#453,#225,.T.);
#550=EDGE_CURVE('',#453,#454,#275,.T.);
#551=EDGE_CURVE('',#454,#454,#226,.T.);
#552=EDGE_CURVE('',#455,#455,#227,.T.);
#553=EDGE_CURVE('',#455,#456,#276,.T.);
#554=EDGE_CURVE('',#456,#456,#228,.T.);
#555=EDGE_CURVE('',#457,#457,#229,.T.);
#556=EDGE_CURVE('',#457,#458,#277,.T.);
#557=EDGE_CURVE('',#458,#458,#230,.T.);
#558=EDGE_CURVE('',#459,#460,#17,.T.);
#559=EDGE_CURVE('',#459,#461,#278,.T.);
#560=EDGE_CURVE('',#462,#461,#18,.T.);
#561=EDGE_CURVE('',#460,#462,#279,.T.);
#562=EDGE_CURVE('',#437,#463,#280,.T.);
#563=EDGE_CURVE('',#463,#464,#231,.T.);
#564=EDGE_CURVE('',#464,#465,#232,.T.);
#565=EDGE_CURVE('',#465,#466,#233,.T.);
#566=EDGE_CURVE('',#466,#467,#281,.T.);
#567=EDGE_CURVE('',#467,#468,#234,.T.);
#568=EDGE_CURVE('',#468,#469,#235,.T.);
#569=EDGE_CURVE('',#470,#469,#236,.T.);
#570=EDGE_CURVE('',#470,#471,#237,.T.);
#571=EDGE_CURVE('',#471,#472,#238,.T.);
#572=EDGE_CURVE('',#472,#432,#282,.T.);
#573=EDGE_CURVE('',#431,#473,#283,.T.);
#574=EDGE_CURVE('',#473,#474,#284,.T.);
#575=EDGE_CURVE('',#474,#475,#285,.T.);
#576=EDGE_CURVE('',#475,#476,#286,.T.);
#577=EDGE_CURVE('',#476,#477,#287,.T.);
#578=EDGE_CURVE('',#477,#478,#288,.T.);
#579=EDGE_CURVE('',#478,#462,#289,.T.);
#580=EDGE_CURVE('',#461,#479,#290,.T.);
#581=EDGE_CURVE('',#479,#438,#291,.T.);
#582=EDGE_CURVE('',#480,#480,#239,.T.);
#583=EDGE_CURVE('',#480,#481,#292,.T.);
#584=EDGE_CURVE('',#481,#481,#240,.T.);
#585=EDGE_CURVE('',#482,#470,#293,.T.);
#586=EDGE_CURVE('',#469,#483,#294,.T.);
#587=EDGE_CURVE('',#483,#482,#241,.T.);
#588=EDGE_CURVE('',#471,#484,#295,.T.);
#589=EDGE_CURVE('',#484,#485,#242,.T.);
#590=EDGE_CURVE('',#485,#472,#296,.T.);
#591=EDGE_CURVE('',#482,#484,#243,.T.);
#592=EDGE_CURVE('',#468,#486,#297,.T.);
#593=EDGE_CURVE('',#486,#483,#244,.T.);
#594=EDGE_CURVE('',#487,#467,#298,.T.);
#595=EDGE_CURVE('',#487,#486,#245,.T.);
#596=EDGE_CURVE('',#488,#466,#299,.T.);
#597=EDGE_CURVE('',#488,#487,#300,.T.);
#598=EDGE_CURVE('',#465,#489,#301,.T.);
#599=EDGE_CURVE('',#489,#488,#246,.T.);
#600=EDGE_CURVE('',#464,#490,#302,.T.);
#601=EDGE_CURVE('',#490,#489,#247,.T.);
#602=EDGE_CURVE('',#491,#463,#303,.T.);
#603=EDGE_CURVE('',#491,#490,#248,.T.);
#604=EDGE_CURVE('',#485,#491,#304,.T.);
#605=EDGE_CURVE('',#433,#426,#305,.T.);
#606=EDGE_CURVE('',#430,#492,#306,.T.);
#607=EDGE_CURVE('',#492,#473,#307,.T.);
#608=EDGE_CURVE('',#444,#493,#308,.T.);
#609=EDGE_CURVE('',#493,#493,#249,.T.);
#610=EDGE_CURVE('',#494,#494,#250,.T.);
#611=EDGE_CURVE('',#494,#445,#309,.T.);
#612=EDGE_CURVE('',#443,#495,#310,.T.);
#613=EDGE_CURVE('',#495,#495,#251,.T.);
#614=EDGE_CURVE('',#496,#496,#252,.T.);
#615=EDGE_CURVE('',#496,#446,#311,.T.);
#616=EDGE_CURVE('',#497,#497,#253,.T.);
#617=EDGE_CURVE('',#498,#498,#254,.T.);
#618=EDGE_CURVE('',#460,#499,#312,.T.);
#619=EDGE_CURVE('',#499,#500,#15,.T.);
#620=EDGE_CURVE('',#459,#500,#313,.T.);
#621=EDGE_CURVE('',#501,#501,#255,.T.);
#622=EDGE_CURVE('',#501,#502,#314,.T.);
#623=EDGE_CURVE('',#502,#502,#256,.T.);
#624=EDGE_CURVE('',#503,#479,#315,.T.);
#625=EDGE_CURVE('',#503,#504,#316,.T.);
#626=EDGE_CURVE('',#504,#505,#317,.T.);
#627=EDGE_CURVE('',#427,#505,#318,.T.);
#628=EDGE_CURVE('',#436,#424,#319,.T.);
#629=EDGE_CURVE('',#428,#506,#320,.T.);
#630=EDGE_CURVE('',#506,#507,#321,.T.);
#631=EDGE_CURVE('',#429,#507,#322,.T.);
#632=EDGE_CURVE('',#507,#492,#323,.T.);
#633=EDGE_CURVE('',#505,#506,#324,.T.);
#634=EDGE_CURVE('',#508,#476,#325,.T.);
#635=EDGE_CURVE('',#509,#508,#326,.T.);
#636=EDGE_CURVE('',#477,#509,#327,.T.);
#637=EDGE_CURVE('',#475,#510,#328,.T.);
#638=EDGE_CURVE('',#508,#510,#329,.T.);
#639=EDGE_CURVE('',#511,#504,#330,.T.);
#640=EDGE_CURVE('',#511,#474,#331,.T.);
#641=EDGE_CURVE('',#510,#511,#332,.T.);
#642=EDGE_CURVE('',#500,#503,#333,.T.);
#643=EDGE_CURVE('',#512,#499,#334,.T.);
#644=EDGE_CURVE('',#512,#509,#335,.T.);
#645=EDGE_CURVE('',#478,#512,#336,.T.);
#646=EDGE_CURVE('',#442,#497,#337,.T.);
#647=EDGE_CURVE('',#441,#498,#338,.T.);
#648=ORIENTED_EDGE('',*,*,#513,.F.);
#649=ORIENTED_EDGE('',*,*,#514,.T.);
#650=ORIENTED_EDGE('',*,*,#515,.T.);
#651=ORIENTED_EDGE('',*,*,#516,.T.);
#652=ORIENTED_EDGE('',*,*,#514,.F.);
#653=ORIENTED_EDGE('',*,*,#517,.T.);
#654=ORIENTED_EDGE('',*,*,#518,.T.);
#655=ORIENTED_EDGE('',*,*,#519,.T.);
#656=ORIENTED_EDGE('',*,*,#520,.F.);
#657=ORIENTED_EDGE('',*,*,#521,.F.);
#658=ORIENTED_EDGE('',*,*,#522,.F.);
#659=ORIENTED_EDGE('',*,*,#523,.F.);
#660=ORIENTED_EDGE('',*,*,#524,.T.);
#661=ORIENTED_EDGE('',*,*,#525,.T.);
#662=ORIENTED_EDGE('',*,*,#526,.T.);
#663=ORIENTED_EDGE('',*,*,#527,.T.);
#664=ORIENTED_EDGE('',*,*,#525,.F.);
#665=ORIENTED_EDGE('',*,*,#528,.T.);
#666=ORIENTED_EDGE('',*,*,#529,.F.);
#667=ORIENTED_EDGE('',*,*,#530,.F.);
#668=ORIENTED_EDGE('',*,*,#531,.F.);
#669=ORIENTED_EDGE('',*,*,#532,.T.);
#670=ORIENTED_EDGE('',*,*,#533,.F.);
#671=ORIENTED_EDGE('',*,*,#532,.F.);
#672=ORIENTED_EDGE('',*,*,#534,.F.);
#673=ORIENTED_EDGE('',*,*,#535,.F.);
#674=ORIENTED_EDGE('',*,*,#536,.F.);
#675=ORIENTED_EDGE('',*,*,#537,.F.);
#676=ORIENTED_EDGE('',*,*,#538,.F.);
#677=ORIENTED_EDGE('',*,*,#539,.F.);
#678=ORIENTED_EDGE('',*,*,#540,.F.);
#679=ORIENTED_EDGE('',*,*,#541,.T.);
#680=ORIENTED_EDGE('',*,*,#542,.T.);
#681=ORIENTED_EDGE('',*,*,#541,.F.);
#682=ORIENTED_EDGE('',*,*,#542,.F.);
#683=ORIENTED_EDGE('',*,*,#543,.F.);
#684=ORIENTED_EDGE('',*,*,#544,.T.);
#685=ORIENTED_EDGE('',*,*,#545,.T.);
#686=ORIENTED_EDGE('',*,*,#544,.F.);
#687=ORIENTED_EDGE('',*,*,#545,.F.);
#688=ORIENTED_EDGE('',*,*,#546,.F.);
#689=ORIENTED_EDGE('',*,*,#547,.T.);
#690=ORIENTED_EDGE('',*,*,#548,.T.);
#691=ORIENTED_EDGE('',*,*,#547,.F.);
#692=ORIENTED_EDGE('',*,*,#548,.F.);
#693=ORIENTED_EDGE('',*,*,#549,.F.);
#694=ORIENTED_EDGE('',*,*,#550,.T.);
#695=ORIENTED_EDGE('',*,*,#551,.T.);
#696=ORIENTED_EDGE('',*,*,#550,.F.);
#697=ORIENTED_EDGE('',*,*,#551,.F.);
#698=ORIENTED_EDGE('',*,*,#552,.F.);
#699=ORIENTED_EDGE('',*,*,#553,.T.);
#700=ORIENTED_EDGE('',*,*,#554,.T.);
#701=ORIENTED_EDGE('',*,*,#553,.F.);
#702=ORIENTED_EDGE('',*,*,#554,.F.);
#703=ORIENTED_EDGE('',*,*,#555,.F.);
#704=ORIENTED_EDGE('',*,*,#556,.T.);
#705=ORIENTED_EDGE('',*,*,#557,.T.);
#706=ORIENTED_EDGE('',*,*,#556,.F.);
#707=ORIENTED_EDGE('',*,*,#557,.F.);
#708=ORIENTED_EDGE('',*,*,#558,.F.);
#709=ORIENTED_EDGE('',*,*,#559,.T.);
#710=ORIENTED_EDGE('',*,*,#560,.F.);
#711=ORIENTED_EDGE('',*,*,#561,.F.);
#712=ORIENTED_EDGE('',*,*,#529,.T.);
#713=ORIENTED_EDGE('',*,*,#562,.T.);
#714=ORIENTED_EDGE('',*,*,#563,.T.);
#715=ORIENTED_EDGE('',*,*,#564,.T.);
#716=ORIENTED_EDGE('',*,*,#565,.T.);
#717=ORIENTED_EDGE('',*,*,#566,.T.);
#718=ORIENTED_EDGE('',*,*,#567,.T.);
#719=ORIENTED_EDGE('',*,*,#568,.T.);
#720=ORIENTED_EDGE('',*,*,#569,.F.);
#721=ORIENTED_EDGE('',*,*,#570,.T.);
#722=ORIENTED_EDGE('',*,*,#571,.T.);
#723=ORIENTED_EDGE('',*,*,#572,.T.);
#724=ORIENTED_EDGE('',*,*,#522,.T.);
#725=ORIENTED_EDGE('',*,*,#573,.T.);
#726=ORIENTED_EDGE('',*,*,#574,.T.);
#727=ORIENTED_EDGE('',*,*,#575,.T.);
#728=ORIENTED_EDGE('',*,*,#576,.T.);
#729=ORIENTED_EDGE('',*,*,#577,.T.);
#730=ORIENTED_EDGE('',*,*,#578,.T.);
#731=ORIENTED_EDGE('',*,*,#579,.T.);
#732=ORIENTED_EDGE('',*,*,#560,.T.);
#733=ORIENTED_EDGE('',*,*,#580,.T.);
#734=ORIENTED_EDGE('',*,*,#581,.T.);
#735=ORIENTED_EDGE('',*,*,#555,.T.);
#736=ORIENTED_EDGE('',*,*,#552,.T.);
#737=ORIENTED_EDGE('',*,*,#549,.T.);
#738=ORIENTED_EDGE('',*,*,#546,.T.);
#739=ORIENTED_EDGE('',*,*,#543,.T.);
#740=ORIENTED_EDGE('',*,*,#540,.T.);
#741=ORIENTED_EDGE('',*,*,#582,.F.);
#742=ORIENTED_EDGE('',*,*,#583,.T.);
#743=ORIENTED_EDGE('',*,*,#584,.F.);
#744=ORIENTED_EDGE('',*,*,#583,.F.);
#745=ORIENTED_EDGE('',*,*,#585,.T.);
#746=ORIENTED_EDGE('',*,*,#569,.T.);
#747=ORIENTED_EDGE('',*,*,#586,.T.);
#748=ORIENTED_EDGE('',*,*,#587,.T.);
#749=ORIENTED_EDGE('',*,*,#582,.T.);
#750=ORIENTED_EDGE('',*,*,#588,.T.);
#751=ORIENTED_EDGE('',*,*,#589,.T.);
#752=ORIENTED_EDGE('',*,*,#590,.T.);
#753=ORIENTED_EDGE('',*,*,#571,.F.);
#754=ORIENTED_EDGE('',*,*,#585,.F.);
#755=ORIENTED_EDGE('',*,*,#591,.T.);
#756=ORIENTED_EDGE('',*,*,#588,.F.);
#757=ORIENTED_EDGE('',*,*,#570,.F.);
#758=ORIENTED_EDGE('',*,*,#592,.T.);
#759=ORIENTED_EDGE('',*,*,#593,.T.);
#760=ORIENTED_EDGE('',*,*,#586,.F.);
#761=ORIENTED_EDGE('',*,*,#568,.F.);
#762=ORIENTED_EDGE('',*,*,#594,.F.);
#763=ORIENTED_EDGE('',*,*,#595,.T.);
#764=ORIENTED_EDGE('',*,*,#592,.F.);
#765=ORIENTED_EDGE('',*,*,#567,.F.);
#766=ORIENTED_EDGE('',*,*,#596,.F.);
#767=ORIENTED_EDGE('',*,*,#597,.T.);
#768=ORIENTED_EDGE('',*,*,#594,.T.);
#769=ORIENTED_EDGE('',*,*,#566,.F.);
#770=ORIENTED_EDGE('',*,*,#598,.T.);
#771=ORIENTED_EDGE('',*,*,#599,.T.);
#772=ORIENTED_EDGE('',*,*,#596,.T.);
#773=ORIENTED_EDGE('',*,*,#565,.F.);
#774=ORIENTED_EDGE('',*,*,#600,.T.);
#775=ORIENTED_EDGE('',*,*,#601,.T.);
#776=ORIENTED_EDGE('',*,*,#598,.F.);
#777=ORIENTED_EDGE('',*,*,#564,.F.);
#778=ORIENTED_EDGE('',*,*,#602,.F.);
#779=ORIENTED_EDGE('',*,*,#603,.T.);
#780=ORIENTED_EDGE('',*,*,#600,.F.);
#781=ORIENTED_EDGE('',*,*,#563,.F.);
#782=ORIENTED_EDGE('',*,*,#590,.F.);
#783=ORIENTED_EDGE('',*,*,#604,.T.);
#784=ORIENTED_EDGE('',*,*,#602,.T.);
#785=ORIENTED_EDGE('',*,*,#562,.F.);
#786=ORIENTED_EDGE('',*,*,#528,.F.);
#787=ORIENTED_EDGE('',*,*,#524,.F.);
#788=ORIENTED_EDGE('',*,*,#605,.T.);
#789=ORIENTED_EDGE('',*,*,#515,.F.);
#790=ORIENTED_EDGE('',*,*,#523,.T.);
#791=ORIENTED_EDGE('',*,*,#572,.F.);
#792=ORIENTED_EDGE('',*,*,#521,.T.);
#793=ORIENTED_EDGE('',*,*,#606,.T.);
#794=ORIENTED_EDGE('',*,*,#607,.T.);
#795=ORIENTED_EDGE('',*,*,#573,.F.);
#796=ORIENTED_EDGE('',*,*,#595,.F.);
#797=ORIENTED_EDGE('',*,*,#597,.F.);
#798=ORIENTED_EDGE('',*,*,#599,.F.);
#799=ORIENTED_EDGE('',*,*,#601,.F.);
#800=ORIENTED_EDGE('',*,*,#603,.F.);
#801=ORIENTED_EDGE('',*,*,#604,.F.);
#802=ORIENTED_EDGE('',*,*,#589,.F.);
#803=ORIENTED_EDGE('',*,*,#591,.F.);
#804=ORIENTED_EDGE('',*,*,#587,.F.);
#805=ORIENTED_EDGE('',*,*,#593,.F.);
#806=ORIENTED_EDGE('',*,*,#531,.T.);
#807=ORIENTED_EDGE('',*,*,#537,.T.);
#808=ORIENTED_EDGE('',*,*,#608,.T.);
#809=ORIENTED_EDGE('',*,*,#609,.F.);
#810=ORIENTED_EDGE('',*,*,#608,.F.);
#811=ORIENTED_EDGE('',*,*,#610,.F.);
#812=ORIENTED_EDGE('',*,*,#611,.T.);
#813=ORIENTED_EDGE('',*,*,#538,.T.);
#814=ORIENTED_EDGE('',*,*,#611,.F.);
#815=ORIENTED_EDGE('',*,*,#536,.T.);
#816=ORIENTED_EDGE('',*,*,#612,.T.);
#817=ORIENTED_EDGE('',*,*,#613,.F.);
#818=ORIENTED_EDGE('',*,*,#612,.F.);
#819=ORIENTED_EDGE('',*,*,#614,.F.);
#820=ORIENTED_EDGE('',*,*,#615,.T.);
#821=ORIENTED_EDGE('',*,*,#539,.T.);
#822=ORIENTED_EDGE('',*,*,#615,.F.);
#823=ORIENTED_EDGE('',*,*,#616,.F.);
#824=ORIENTED_EDGE('',*,*,#584,.T.);
#825=ORIENTED_EDGE('',*,*,#617,.F.);
#826=ORIENTED_EDGE('',*,*,#558,.T.);
#827=ORIENTED_EDGE('',*,*,#618,.T.);
#828=ORIENTED_EDGE('',*,*,#619,.T.);
#829=ORIENTED_EDGE('',*,*,#620,.F.);
#830=ORIENTED_EDGE('',*,*,#621,.T.);
#831=ORIENTED_EDGE('',*,*,#622,.T.);
#832=ORIENTED_EDGE('',*,*,#623,.F.);
#833=ORIENTED_EDGE('',*,*,#622,.F.);
#834=ORIENTED_EDGE('',*,*,#621,.F.);
#835=ORIENTED_EDGE('',*,*,#533,.T.);
#836=ORIENTED_EDGE('',*,*,#624,.F.);
#837=ORIENTED_EDGE('',*,*,#625,.T.);
#838=ORIENTED_EDGE('',*,*,#626,.T.);
#839=ORIENTED_EDGE('',*,*,#627,.F.);
#840=ORIENTED_EDGE('',*,*,#517,.F.);
#841=ORIENTED_EDGE('',*,*,#513,.T.);
#842=ORIENTED_EDGE('',*,*,#628,.F.);
#843=ORIENTED_EDGE('',*,*,#526,.F.);
#844=ORIENTED_EDGE('',*,*,#530,.T.);
#845=ORIENTED_EDGE('',*,*,#581,.F.);
#846=ORIENTED_EDGE('',*,*,#516,.F.);
#847=ORIENTED_EDGE('',*,*,#605,.F.);
#848=ORIENTED_EDGE('',*,*,#527,.F.);
#849=ORIENTED_EDGE('',*,*,#628,.T.);
#850=ORIENTED_EDGE('',*,*,#519,.F.);
#851=ORIENTED_EDGE('',*,*,#629,.T.);
#852=ORIENTED_EDGE('',*,*,#630,.T.);
#853=ORIENTED_EDGE('',*,*,#631,.F.);
#854=ORIENTED_EDGE('',*,*,#520,.T.);
#855=ORIENTED_EDGE('',*,*,#631,.T.);
#856=ORIENTED_EDGE('',*,*,#632,.T.);
#857=ORIENTED_EDGE('',*,*,#606,.F.);
#858=ORIENTED_EDGE('',*,*,#518,.F.);
#859=ORIENTED_EDGE('',*,*,#627,.T.);
#860=ORIENTED_EDGE('',*,*,#633,.T.);
#861=ORIENTED_EDGE('',*,*,#629,.F.);
#862=ORIENTED_EDGE('',*,*,#634,.F.);
#863=ORIENTED_EDGE('',*,*,#635,.F.);
#864=ORIENTED_EDGE('',*,*,#636,.F.);
#865=ORIENTED_EDGE('',*,*,#577,.F.);
#866=ORIENTED_EDGE('',*,*,#637,.T.);
#867=ORIENTED_EDGE('',*,*,#638,.F.);
#868=ORIENTED_EDGE('',*,*,#634,.T.);
#869=ORIENTED_EDGE('',*,*,#576,.F.);
#870=ORIENTED_EDGE('',*,*,#607,.F.);
#871=ORIENTED_EDGE('',*,*,#632,.F.);
#872=ORIENTED_EDGE('',*,*,#630,.F.);
#873=ORIENTED_EDGE('',*,*,#633,.F.);
#874=ORIENTED_EDGE('',*,*,#626,.F.);
#875=ORIENTED_EDGE('',*,*,#639,.F.);
#876=ORIENTED_EDGE('',*,*,#640,.T.);
#877=ORIENTED_EDGE('',*,*,#574,.F.);
#878=ORIENTED_EDGE('',*,*,#640,.F.);
#879=ORIENTED_EDGE('',*,*,#641,.F.);
#880=ORIENTED_EDGE('',*,*,#637,.F.);
#881=ORIENTED_EDGE('',*,*,#575,.F.);
#882=ORIENTED_EDGE('',*,*,#620,.T.);
#883=ORIENTED_EDGE('',*,*,#642,.T.);
#884=ORIENTED_EDGE('',*,*,#624,.T.);
#885=ORIENTED_EDGE('',*,*,#580,.F.);
#886=ORIENTED_EDGE('',*,*,#559,.F.);
#887=ORIENTED_EDGE('',*,*,#610,.T.);
#888=ORIENTED_EDGE('',*,*,#614,.T.);
#889=ORIENTED_EDGE('',*,*,#642,.F.);
#890=ORIENTED_EDGE('',*,*,#619,.F.);
#891=ORIENTED_EDGE('',*,*,#643,.F.);
#892=ORIENTED_EDGE('',*,*,#644,.T.);
#893=ORIENTED_EDGE('',*,*,#635,.T.);
#894=ORIENTED_EDGE('',*,*,#638,.T.);
#895=ORIENTED_EDGE('',*,*,#641,.T.);
#896=ORIENTED_EDGE('',*,*,#639,.T.);
#897=ORIENTED_EDGE('',*,*,#625,.F.);
#898=ORIENTED_EDGE('',*,*,#623,.T.);
#899=ORIENTED_EDGE('',*,*,#645,.T.);
#900=ORIENTED_EDGE('',*,*,#643,.T.);
#901=ORIENTED_EDGE('',*,*,#618,.F.);
#902=ORIENTED_EDGE('',*,*,#561,.T.);
#903=ORIENTED_EDGE('',*,*,#579,.F.);
#904=ORIENTED_EDGE('',*,*,#609,.T.);
#905=ORIENTED_EDGE('',*,*,#613,.T.);
#906=ORIENTED_EDGE('',*,*,#636,.T.);
#907=ORIENTED_EDGE('',*,*,#644,.F.);
#908=ORIENTED_EDGE('',*,*,#645,.F.);
#909=ORIENTED_EDGE('',*,*,#578,.F.);
#910=ORIENTED_EDGE('',*,*,#535,.T.);
#911=ORIENTED_EDGE('',*,*,#646,.T.);
#912=ORIENTED_EDGE('',*,*,#616,.T.);
#913=ORIENTED_EDGE('',*,*,#646,.F.);
#914=ORIENTED_EDGE('',*,*,#534,.T.);
#915=ORIENTED_EDGE('',*,*,#647,.T.);
#916=ORIENTED_EDGE('',*,*,#617,.T.);
#917=ORIENTED_EDGE('',*,*,#647,.F.);
#918=CYLINDRICAL_SURFACE('',#1017,2.5);
#919=CYLINDRICAL_SURFACE('',#1021,2.5);
#920=CYLINDRICAL_SURFACE('',#1025,10.);
#921=CYLINDRICAL_SURFACE('',#1039,1.99999999999999);
#922=CYLINDRICAL_SURFACE('',#1043,2.);
#923=CYLINDRICAL_SURFACE('',#1047,1.99999999999999);
#924=CYLINDRICAL_SURFACE('',#1051,2.00000000000001);
#925=CYLINDRICAL_SURFACE('',#1055,2.);
#926=CYLINDRICAL_SURFACE('',#1059,2.);
#927=CYLINDRICAL_SURFACE('',#1072,19.);
#928=CYLINDRICAL_SURFACE('',#1077,75.);
#929=CYLINDRICAL_SURFACE('',#1079,27.5);
#930=CYLINDRICAL_SURFACE('',#1081,27.5);
#931=CYLINDRICAL_SURFACE('',#1083,75.);
#932=CYLINDRICAL_SURFACE('',#1086,25.);
#933=CYLINDRICAL_SURFACE('',#1088,27.5);
#934=CYLINDRICAL_SURFACE('',#1090,25.);
#935=CYLINDRICAL_SURFACE('',#1095,2.5);
#936=CYLINDRICAL_SURFACE('',#1097,2.5);
#937=CYLINDRICAL_SURFACE('',#1099,2.5);
#938=CYLINDRICAL_SURFACE('',#1101,2.5);
#939=CYLINDRICAL_SURFACE('',#1107,22.5);
#940=CYLINDRICAL_SURFACE('',#1124,4.);
#941=CYLINDRICAL_SURFACE('',#1125,12.5);
#942=ADVANCED_FACE('',(#71),#918,.F.);
#943=ADVANCED_FACE('',(#72),#36,.F.);
#944=ADVANCED_FACE('',(#73),#919,.F.);
#945=ADVANCED_FACE('',(#74),#37,.F.);
#946=ADVANCED_FACE('',(#75),#920,.F.);
#947=ADVANCED_FACE('',(#76,#20),#38,.T.);
#948=ADVANCED_FACE('',(#77),#39,.F.);
#949=ADVANCED_FACE('',(#78),#40,.F.);
#950=ADVANCED_FACE('',(#79),#41,.F.);
#951=ADVANCED_FACE('',(#80),#42,.F.);
#952=ADVANCED_FACE('',(#81),#921,.F.);
#953=ADVANCED_FACE('',(#82),#43,.T.);
#954=ADVANCED_FACE('',(#83),#922,.F.);
#955=ADVANCED_FACE('',(#84),#44,.T.);
#956=ADVANCED_FACE('',(#85),#923,.F.);
#957=ADVANCED_FACE('',(#86),#45,.T.);
#958=ADVANCED_FACE('',(#87),#924,.F.);
#959=ADVANCED_FACE('',(#88),#46,.T.);
#960=ADVANCED_FACE('',(#89),#925,.F.);
#961=ADVANCED_FACE('',(#90),#47,.T.);
#962=ADVANCED_FACE('',(#91),#926,.F.);
#963=ADVANCED_FACE('',(#92),#48,.T.);
#964=ADVANCED_FACE('',(#93),#19,.T.);
#965=ADVANCED_FACE('',(#94,#21,#22,#23,#24,#25,#26),#49,.T.);
#966=ADVANCED_FACE('',(#95,#27),#927,.T.);
#967=ADVANCED_FACE('',(#96),#50,.F.);
#968=ADVANCED_FACE('',(#97),#928,.T.);
#969=ADVANCED_FACE('',(#98),#929,.T.);
#970=ADVANCED_FACE('',(#99),#930,.T.);
#971=ADVANCED_FACE('',(#100),#931,.T.);
#972=ADVANCED_FACE('',(#101),#51,.T.);
#973=ADVANCED_FACE('',(#102),#932,.T.);
#974=ADVANCED_FACE('',(#103),#933,.T.);
#975=ADVANCED_FACE('',(#104),#934,.T.);
#976=ADVANCED_FACE('',(#105),#52,.T.);
#977=ADVANCED_FACE('',(#106),#53,.F.);
#978=ADVANCED_FACE('',(#107,#28),#54,.F.);
#979=ADVANCED_FACE('',(#108),#935,.F.);
#980=ADVANCED_FACE('',(#109),#936,.F.);
#981=ADVANCED_FACE('',(#110),#937,.F.);
#982=ADVANCED_FACE('',(#111),#938,.F.);
#983=ADVANCED_FACE('',(#112),#55,.T.);
#984=ADVANCED_FACE('',(#113,#29),#56,.T.);
#985=ADVANCED_FACE('',(#114),#16,.F.);
#986=ADVANCED_FACE('',(#115),#939,.F.);
#987=ADVANCED_FACE('',(#116,#30),#57,.F.);
#988=ADVANCED_FACE('',(#117),#58,.F.);
#989=ADVANCED_FACE('',(#118),#59,.F.);
#990=ADVANCED_FACE('',(#119),#60,.F.);
#991=ADVANCED_FACE('',(#120),#61,.F.);
#992=ADVANCED_FACE('',(#121),#62,.F.);
#993=ADVANCED_FACE('',(#122),#63,.T.);
#994=ADVANCED_FACE('',(#123),#64,.T.);
#995=ADVANCED_FACE('',(#124),#65,.F.);
#996=ADVANCED_FACE('',(#125),#66,.T.);
#997=ADVANCED_FACE('',(#126,#31,#32),#67,.F.);
#998=ADVANCED_FACE('',(#127,#33),#68,.F.);
#999=ADVANCED_FACE('',(#128,#34,#35),#69,.F.);
#1000=ADVANCED_FACE('',(#129),#70,.T.);
#1001=ADVANCED_FACE('',(#130),#940,.F.);
#1002=ADVANCED_FACE('',(#131),#941,.T.);
#1003=CLOSED_SHELL('',(#942,#943,#944,#945,#946,#947,#948,#949,#950,#951,
#952,#953,#954,#955,#956,#957,#958,#959,#960,#961,#962,#963,#964,#965,#966,
#967,#968,#969,#970,#971,#972,#973,#974,#975,#976,#977,#978,#979,#980,#981,
#982,#983,#984,#985,#986,#987,#988,#989,#990,#991,#992,#993,#994,#995,#996,
#997,#998,#999,#1000,#1001,#1002));
#1004=DERIVED_UNIT_ELEMENT(#1006,1.);
#1005=DERIVED_UNIT_ELEMENT(#1961,-3.);
#1006=(
MASS_UNIT()
NAMED_UNIT(*)
SI_UNIT(.KILO.,.GRAM.)
);
#1007=DERIVED_UNIT((#1004,#1005));
#1008=MEASURE_REPRESENTATION_ITEM('density measure',
POSITIVE_RATIO_MEASURE(7850.),#1007);
#1009=PROPERTY_DEFINITION_REPRESENTATION(#1014,#1011);
#1010=PROPERTY_DEFINITION_REPRESENTATION(#1015,#1012);
#1011=REPRESENTATION('material name',(#1013),#1958);
#1012=REPRESENTATION('density',(#1008),#1958);
#1013=DESCRIPTIVE_REPRESENTATION_ITEM('Steel','Steel');
#1014=PROPERTY_DEFINITION('material property','material name',#1968);
#1015=PROPERTY_DEFINITION('material property','density of part',#1968);
#1016=AXIS2_PLACEMENT_3D('',#1428,#1126,#1127);
#1017=AXIS2_PLACEMENT_3D('',#1429,#1128,#1129);
#1018=AXIS2_PLACEMENT_3D('',#1432,#1130,#1131);
#1019=AXIS2_PLACEMENT_3D('',#1436,#1133,#1134);
#1020=AXIS2_PLACEMENT_3D('',#1438,#1136,#1137);
#1021=AXIS2_PLACEMENT_3D('',#1452,#1145,#1146);
#1022=AXIS2_PLACEMENT_3D('',#1455,#1147,#1148);
#1023=AXIS2_PLACEMENT_3D('',#1459,#1150,#1151);
#1024=AXIS2_PLACEMENT_3D('',#1461,#1153,#1154);
#1025=AXIS2_PLACEMENT_3D('',#1467,#1158,#1159);
#1026=AXIS2_PLACEMENT_3D('',#1469,#1160,#1161);
#1027=AXIS2_PLACEMENT_3D('',#1472,#1163,#1164);
#1028=AXIS2_PLACEMENT_3D('',#1473,#1165,#1166);
#1029=AXIS2_PLACEMENT_3D('',#1475,#1167,#1168);
#1030=AXIS2_PLACEMENT_3D('',#1477,#1169,#1170);
#1031=AXIS2_PLACEMENT_3D('',#1478,#1171,#1172);
#1032=AXIS2_PLACEMENT_3D('',#1480,#1173,#1174);
#1033=AXIS2_PLACEMENT_3D('',#1481,#1175,#1176);
#1034=AXIS2_PLACEMENT_3D('',#1483,#1177,#1178);
#1035=AXIS2_PLACEMENT_3D('',#1484,#1179,#1180);
#1036=AXIS2_PLACEMENT_3D('',#1486,#1181,#1182);
#1037=AXIS2_PLACEMENT_3D('',#1487,#1183,#1184);
#1038=AXIS2_PLACEMENT_3D('',#1489,#1185,#1186);
#1039=AXIS2_PLACEMENT_3D('',#1490,#1187,#1188);
#1040=AXIS2_PLACEMENT_3D('',#1492,#1189,#1190);
#1041=AXIS2_PLACEMENT_3D('',#1495,#1192,#1193);
#1042=AXIS2_PLACEMENT_3D('',#1496,#1194,#1195);
#1043=AXIS2_PLACEMENT_3D('',#1497,#1196,#1197);
#1044=AXIS2_PLACEMENT_3D('',#1499,#1198,#1199);
#1045=AXIS2_PLACEMENT_3D('',#1502,#1201,#1202);
#1046=AXIS2_PLACEMENT_3D('',#1503,#1203,#1204);
#1047=AXIS2_PLACEMENT_3D('',#1504,#1205,#1206);
#1048=AXIS2_PLACEMENT_3D('',#1506,#1207,#1208);
#1049=AXIS2_PLACEMENT_3D('',#1509,#1210,#1211);
#1050=AXIS2_PLACEMENT_3D('',#1510,#1212,#1213);
#1051=AXIS2_PLACEMENT_3D('',#1511,#1214,#1215);
#1052=AXIS2_PLACEMENT_3D('',#1513,#1216,#1217);
#1053=AXIS2_PLACEMENT_3D('',#1516,#1219,#1220);
#1054=AXIS2_PLACEMENT_3D('',#1517,#1221,#1222);
#1055=AXIS2_PLACEMENT_3D('',#1518,#1223,#1224);
#1056=AXIS2_PLACEMENT_3D('',#1520,#1225,#1226);
#1057=AXIS2_PLACEMENT_3D('',#1523,#1228,#1229);
#1058=AXIS2_PLACEMENT_3D('',#1524,#1230,#1231);
#1059=AXIS2_PLACEMENT_3D('',#1525,#1232,#1233);
#1060=AXIS2_PLACEMENT_3D('',#1527,#1234,#1235);
#1061=AXIS2_PLACEMENT_3D('',#1530,#1237,#1238);
#1062=AXIS2_PLACEMENT_3D('',#1531,#1239,#1240);
#1063=AXIS2_PLACEMENT_3D('',#1634,#1243,#1244);
#1064=AXIS2_PLACEMENT_3D('',#1638,#1246,#1247);
#1065=AXIS2_PLACEMENT_3D('',#1640,#1248,#1249);
#1066=AXIS2_PLACEMENT_3D('',#1642,#1250,#1251);
#1067=AXIS2_PLACEMENT_3D('',#1646,#1253,#1254);
#1068=AXIS2_PLACEMENT_3D('',#1648,#1255,#1256);
#1069=AXIS2_PLACEMENT_3D('',#1650,#1257,#1258);
#1070=AXIS2_PLACEMENT_3D('',#1652,#1259,#1260);
#1071=AXIS2_PLACEMENT_3D('',#1654,#1261,#1262);
#1072=AXIS2_PLACEMENT_3D('',#1672,#1273,#1274);
#1073=AXIS2_PLACEMENT_3D('',#1674,#1275,#1276);
#1074=AXIS2_PLACEMENT_3D('',#1677,#1278,#1279);
#1075=AXIS2_PLACEMENT_3D('',#1682,#1282,#1283);
#1076=AXIS2_PLACEMENT_3D('',#1683,#1284,#1285);
#1077=AXIS2_PLACEMENT_3D('',#1684,#1286,#1287);
#1078=AXIS2_PLACEMENT_3D('',#1688,#1289,#1290);
#1079=AXIS2_PLACEMENT_3D('',#1690,#1292,#1293);
#1080=AXIS2_PLACEMENT_3D('',#1691,#1294,#1295);
#1081=AXIS2_PLACEMENT_3D('',#1692,#1296,#1297);
#1082=AXIS2_PLACEMENT_3D('',#1695,#1299,#1300);
#1083=AXIS2_PLACEMENT_3D('',#1696,#1301,#1302);
#1084=AXIS2_PLACEMENT_3D('',#1699,#1304,#1305);
#1085=AXIS2_PLACEMENT_3D('',#1700,#1306,#1307);
#1086=AXIS2_PLACEMENT_3D('',#1704,#1310,#1311);
#1087=AXIS2_PLACEMENT_3D('',#1707,#1313,#1314);
#1088=AXIS2_PLACEMENT_3D('',#1708,#1315,#1316);
#1089=AXIS2_PLACEMENT_3D('',#1711,#1318,#1319);
#1090=AXIS2_PLACEMENT_3D('',#1712,#1320,#1321);
#1091=AXIS2_PLACEMENT_3D('',#1715,#1323,#1324);
#1092=AXIS2_PLACEMENT_3D('',#1716,#1325,#1326);
#1093=AXIS2_PLACEMENT_3D('',#1719,#1329,#1330);
#1094=AXIS2_PLACEMENT_3D('',#1723,#1333,#1334);
#1095=AXIS2_PLACEMENT_3D('',#1724,#1335,#1336);
#1096=AXIS2_PLACEMENT_3D('',#1727,#1338,#1339);
#1097=AXIS2_PLACEMENT_3D('',#1728,#1340,#1341);
#1098=AXIS2_PLACEMENT_3D('',#1730,#1342,#1343);
#1099=AXIS2_PLACEMENT_3D('',#1732,#1345,#1346);
#1100=AXIS2_PLACEMENT_3D('',#1735,#1348,#1349);
#1101=AXIS2_PLACEMENT_3D('',#1736,#1350,#1351);
#1102=AXIS2_PLACEMENT_3D('',#1738,#1352,#1353);
#1103=AXIS2_PLACEMENT_3D('',#1740,#1355,#1356);
#1104=AXIS2_PLACEMENT_3D('',#1742,#1357,#1358);
#1105=AXIS2_PLACEMENT_3D('',#1743,#1359,#1360);
#1106=AXIS2_PLACEMENT_3D('',#1745,#1361,#1362);
#1107=AXIS2_PLACEMENT_3D('',#1900,#1365,#1366);
#1108=AXIS2_PLACEMENT_3D('',#1902,#1367,#1368);
#1109=AXIS2_PLACEMENT_3D('',#1905,#1370,#1371);
#1110=AXIS2_PLACEMENT_3D('',#1906,#1372,#1373);
#1111=AXIS2_PLACEMENT_3D('',#1907,#1374,#1375);
#1112=AXIS2_PLACEMENT_3D('',#1916,#1381,#1382);
#1113=AXIS2_PLACEMENT_3D('',#1917,#1383,#1384);
#1114=AXIS2_PLACEMENT_3D('',#1923,#1388,#1389);
#1115=AXIS2_PLACEMENT_3D('',#1925,#1391,#1392);
#1116=AXIS2_PLACEMENT_3D('',#1927,#1394,#1395);
#1117=AXIS2_PLACEMENT_3D('',#1933,#1399,#1400);
#1118=AXIS2_PLACEMENT_3D('',#1937,#1403,#1404);
#1119=AXIS2_PLACEMENT_3D('',#1941,#1407,#1408);
#1120=AXIS2_PLACEMENT_3D('',#1943,#1410,#1411);
#1121=AXIS2_PLACEMENT_3D('',#1945,#1413,#1414);
#1122=AXIS2_PLACEMENT_3D('',#1949,#1417,#1418);
#1123=AXIS2_PLACEMENT_3D('',#1951,#1420,#1421);
#1124=AXIS2_PLACEMENT_3D('',#1952,#1422,#1423);
#1125=AXIS2_PLACEMENT_3D('',#1954,#1425,#1426);
#1126=DIRECTION('axis',(0.,0.,1.));
#1127=DIRECTION('refdir',(1.,0.,0.));
#1128=DIRECTION('center_axis',(-0.224044299649276,2.40252263004637E-32,
0.974578961292858));
#1129=DIRECTION('ref_axis',(-0.689131392331921,-0.707106781186547,-0.158423243568196));
#1130=DIRECTION('center_axis',(0.177152998315265,-2.42619921204161E-32,
-0.984183323973695));
#1131=DIRECTION('ref_axis',(-0.984183323973695,4.99028059394454E-16,-0.177152998315265));
#1132=DIRECTION('',(-0.224044299649276,2.40252263004637E-32,0.974578961292858));
#1133=DIRECTION('center_axis',(-0.224044299649275,2.40252263004637E-32,
0.974578961292858));
#1134=DIRECTION('ref_axis',(-0.689131392331921,-0.707106781186547,-0.158423243568196));
#1135=DIRECTION('',(0.224044299649276,-2.40252263004637E-32,-0.974578961292858));
#1136=DIRECTION('center_axis',(-0.974578961292858,-5.52311840721674E-33,
-0.224044299649276));
#1137=DIRECTION('ref_axis',(0.,1.,-2.46519032881566E-32));
#1138=DIRECTION('',(0.,-1.,2.46519032881566E-32));
#1139=DIRECTION('',(0.224044299649276,-2.40252263004637E-32,-0.974578961292858));
#1140=DIRECTION('',(0.,1.,-2.46519032881566E-32));
#1141=DIRECTION('',(0.224044299649276,-2.40252263004637E-32,-0.974578961292858));
#1142=DIRECTION('',(0.,-1.,2.46519032881566E-32));
#1143=DIRECTION('',(0.224044299649276,-2.40252263004637E-32,-0.974578961292858));
#1144=DIRECTION('',(0.,1.,-2.46519032881566E-32));
#1145=DIRECTION('center_axis',(0.224044299649275,-2.40252263004637E-32,
-0.974578961292858));
#1146=DIRECTION('ref_axis',(0.689131392331922,-0.707106781186547,0.158423243568196));
#1147=DIRECTION('center_axis',(-0.224044299649275,2.40252263004637E-32,
0.974578961292858));
#1148=DIRECTION('ref_axis',(0.689131392331922,-0.707106781186547,0.158423243568196));
#1149=DIRECTION('',(0.224044299649275,-2.40252263004637E-32,-0.974578961292858));
#1150=DIRECTION('center_axis',(0.177152998315265,-2.42619921204161E-32,
-0.984183323973695));
#1151=DIRECTION('ref_axis',(0.984183323973695,4.94592254422059E-14,0.177152998315265));
#1152=DIRECTION('',(-0.224044299649275,2.40252263004637E-32,0.974578961292858));
#1153=DIRECTION('center_axis',(0.974578961292858,5.52311840721672E-33,0.224044299649275));
#1154=DIRECTION('ref_axis',(0.224044299649275,-2.40252263004637E-32,-0.974578961292858));
#1155=DIRECTION('',(0.,1.,-2.46519032881566E-32));
#1156=DIRECTION('',(-0.224044299649275,2.40252263004637E-32,0.974578961292858));
#1157=DIRECTION('',(0.,1.,-2.46519032881566E-32));
#1158=DIRECTION('center_axis',(0.,1.,0.));
#1159=DIRECTION('ref_axis',(1.,0.,0.));
#1160=DIRECTION('center_axis',(0.,1.,-2.46519032881566E-32));
#1161=DIRECTION('ref_axis',(1.,0.,0.));
#1162=DIRECTION('',(0.,1.,0.));
#1163=DIRECTION('center_axis',(0.,-1.,2.46519032881566E-32));
#1164=DIRECTION('ref_axis',(1.,0.,0.));
#1165=DIRECTION('center_axis',(0.,-1.,2.46519032881566E-32));
#1166=DIRECTION('ref_axis',(1.,1.3684555315672E-48,5.55111512312578E-17));
#1167=DIRECTION('center_axis',(0.,1.,-2.46519032881566E-32));
#1168=DIRECTION('ref_axis',(1.,0.,5.55111512312578E-17));
#1169=DIRECTION('center_axis',(0.,-1.,2.46519032881566E-32));
#1170=DIRECTION('ref_axis',(1.,0.,5.55111512312578E-17));
#1171=DIRECTION('center_axis',(0.224044299649276,-2.40252263004637E-32,
-0.974578961292858));
#1172=DIRECTION('ref_axis',(0.,1.,-2.46519032881566E-32));
#1173=DIRECTION('center_axis',(0.224044299649276,-2.40252263004637E-32,
-0.974578961292858));
#1174=DIRECTION('ref_axis',(6.65861881591756E-16,1.,1.18289266798501E-18));
#1175=DIRECTION('center_axis',(0.224044299649276,-2.40252263004637E-32,
-0.974578961292858));
#1176=DIRECTION('ref_axis',(0.,1.,-2.46519032881566E-32));
#1177=DIRECTION('center_axis',(0.224044299649276,-2.40252263004637E-32,
-0.974578961292858));
#1178=DIRECTION('ref_axis',(6.65861881591756E-16,1.,1.18289266798501E-18));
#1179=DIRECTION('center_axis',(-0.224044299649275,2.40252263004637E-32,
0.974578961292858));
#1180=DIRECTION('ref_axis',(0.,-1.,2.46519032881566E-32));
#1181=DIRECTION('center_axis',(-0.224044299649275,2.40252263004637E-32,
0.974578961292858));
#1182=DIRECTION('ref_axis',(6.65861881591756E-16,1.,1.18289266798501E-18));
#1183=DIRECTION('center_axis',(-0.224044299649275,2.40252263004637E-32,
0.974578961292858));
#1184=DIRECTION('ref_axis',(0.,-1.,2.46519032881566E-32));
#1185=DIRECTION('center_axis',(-0.224044299649275,2.40252263004637E-32,
0.974578961292858));
#1186=DIRECTION('ref_axis',(6.65861881591756E-16,1.,1.18289266798501E-18));
#1187=DIRECTION('center_axis',(0.,-1.,2.46519032881566E-32));
#1188=DIRECTION('ref_axis',(-1.,0.,0.));
#1189=DIRECTION('center_axis',(0.,-1.,2.46519032881566E-32));
#1190=DIRECTION('ref_axis',(-1.,0.,0.));
#1191=DIRECTION('',(0.,-1.,2.46519032881566E-32));
#1192=DIRECTION('center_axis',(0.,-1.,2.46519032881566E-32));
#1193=DIRECTION('ref_axis',(-1.,0.,0.));
#1194=DIRECTION('center_axis',(0.,1.,-2.46519032881566E-32));
#1195=DIRECTION('ref_axis',(-1.,0.,0.));
#1196=DIRECTION('center_axis',(0.,-1.,2.46519032881566E-32));
#1197=DIRECTION('ref_axis',(-1.,0.,0.));
#1198=DIRECTION('center_axis',(0.,-1.,2.46519032881566E-32));
#1199=DIRECTION('ref_axis',(-1.,0.,0.));
#1200=DIRECTION('',(0.,-1.,2.46519032881566E-32));
#1201=DIRECTION('center_axis',(0.,-1.,2.46519032881566E-32));
#1202=DIRECTION('ref_axis',(-1.,0.,0.));
#1203=DIRECTION('center_axis',(0.,1.,-2.46519032881566E-32));
#1204=DIRECTION('ref_axis',(-1.,0.,0.));
#1205=DIRECTION('center_axis',(0.,-1.,2.46519032881566E-32));
#1206=DIRECTION('ref_axis',(-1.,0.,0.));
#1207=DIRECTION('center_axis',(0.,-1.,2.46519032881566E-32));
#1208=DIRECTION('ref_axis',(-1.,0.,0.));
#1209=DIRECTION('',(0.,-1.,2.46519032881566E-32));
#1210=DIRECTION('center_axis',(0.,-1.,2.46519032881566E-32));
#1211=DIRECTION('ref_axis',(-1.,0.,0.));
#1212=DIRECTION('center_axis',(0.,1.,-2.46519032881566E-32));
#1213=DIRECTION('ref_axis',(-1.,0.,0.));
#1214=DIRECTION('center_axis',(0.,-1.,2.46519032881566E-32));
#1215=DIRECTION('ref_axis',(-1.,0.,0.));
#1216=DIRECTION('center_axis',(0.,-1.,2.46519032881566E-32));
#1217=DIRECTION('ref_axis',(-1.,0.,0.));
#1218=DIRECTION('',(0.,-1.,2.46519032881566E-32));
#1219=DIRECTION('center_axis',(0.,-1.,2.46519032881566E-32));
#1220=DIRECTION('ref_axis',(-1.,0.,0.));
#1221=DIRECTION('center_axis',(0.,1.,-2.46519032881566E-32));
#1222=DIRECTION('ref_axis',(-1.,0.,0.));
#1223=DIRECTION('center_axis',(0.,-1.,2.46519032881566E-32));
#1224=DIRECTION('ref_axis',(-1.,0.,0.));
#1225=DIRECTION('center_axis',(0.,-1.,2.46519032881566E-32));
#1226=DIRECTION('ref_axis',(-1.,0.,0.));
#1227=DIRECTION('',(0.,-1.,2.46519032881566E-32));
#1228=DIRECTION('center_axis',(0.,-1.,2.46519032881566E-32));
#1229=DIRECTION('ref_axis',(-1.,0.,0.));
#1230=DIRECTION('center_axis',(0.,1.,-2.46519032881566E-32));
#1231=DIRECTION('ref_axis',(-1.,0.,0.));
#1232=DIRECTION('center_axis',(0.,-1.,2.46519032881566E-32));
#1233=DIRECTION('ref_axis',(-1.,0.,0.));
#1234=DIRECTION('center_axis',(0.,-1.,2.46519032881566E-32));
#1235=DIRECTION('ref_axis',(-1.,0.,0.));
#1236=DIRECTION('',(0.,-1.,2.46519032881566E-32));
#1237=DIRECTION('center_axis',(0.,-1.,2.46519032881566E-32));
#1238=DIRECTION('ref_axis',(-1.,0.,0.));
#1239=DIRECTION('center_axis',(0.,1.,-2.46519032881566E-32));
#1240=DIRECTION('ref_axis',(-1.,0.,0.));
#1241=DIRECTION('',(0.,1.,-2.46519032881566E-32));
#1242=DIRECTION('',(0.,1.,-2.46519032881566E-32));
#1243=DIRECTION('center_axis',(0.,1.,-2.46519032881566E-32));
#1244=DIRECTION('ref_axis',(-1.,0.,0.));
#1245=DIRECTION('',(0.974578961292858,5.52311840721672E-33,0.224044299649275));
#1246=DIRECTION('center_axis',(0.,1.,-2.46519032881566E-32));
#1247=DIRECTION('ref_axis',(0.405511937056292,2.2534052084701E-32,0.914089748823853));
#1248=DIRECTION('center_axis',(0.,1.,-2.46519032881566E-32));
#1249=DIRECTION('ref_axis',(-0.224044299649276,2.40252263004637E-32,0.974578961292858));
#1250=DIRECTION('center_axis',(0.,1.,-2.46519032881566E-32));
#1251=DIRECTION('ref_axis',(0.763982816495135,-1.59063099960409E-32,-0.64523658924472));
#1252=DIRECTION('',(-0.974578961292858,-5.52311840721672E-33,-0.224044299649276));
#1253=DIRECTION('center_axis',(0.,1.,-2.46519032881566E-32));
#1254=DIRECTION('ref_axis',(-0.140776541935876,-2.44064047385781E-32,-0.990041395720692));
#1255=DIRECTION('center_axis',(0.,1.,-2.46519032881566E-32));
#1256=DIRECTION('ref_axis',(0.224044299649275,-2.40252263004637E-32,-0.974578961292858));
#1257=DIRECTION('center_axis',(0.,1.,-2.46519032881566E-32));
#1258=DIRECTION('ref_axis',(1.,1.3684555315672E-48,5.55111512312578E-17));
#1259=DIRECTION('center_axis',(0.,1.,-2.46519032881566E-32));
#1260=DIRECTION('ref_axis',(0.224044299649275,-2.40252263004637E-32,-0.974578961292858));
#1261=DIRECTION('center_axis',(0.,1.,-2.46519032881566E-32));
#1262=DIRECTION('ref_axis',(-0.558992567947855,2.04406843556208E-32,0.82917266535931));
#1263=DIRECTION('',(0.974578961292858,5.52311840721672E-33,0.224044299649275));
#1264=DIRECTION('',(-0.984183323973695,-4.36715858167488E-33,-0.177152998315265));
#1265=DIRECTION('',(0.177152998315257,-2.42619921204161E-32,-0.984183323973697));
#1266=DIRECTION('',(0.984183323973695,4.36715858167487E-33,0.177152998315264));
#1267=DIRECTION('',(-0.224044299649276,2.40252263004637E-32,0.974578961292858));
#1268=DIRECTION('',(0.974578961292858,5.52311840721673E-33,0.224044299649276));
#1269=DIRECTION('',(0.224044299649275,-2.40252263004637E-32,-0.974578961292858));
#1270=DIRECTION('',(0.974578961292858,5.52311840721673E-33,0.224044299649276));
#1271=DIRECTION('',(-0.974578961292858,-5.52311840721672E-33,-0.224044299649275));
#1272=DIRECTION('',(-0.984183323973695,-4.36715858167488E-33,-0.177152998315265));
#1273=DIRECTION('center_axis',(0.,1.,-2.46519032881566E-32));
#1274=DIRECTION('ref_axis',(1.,1.3684555315672E-48,5.55111512312578E-17));
#1275=DIRECTION('center_axis',(0.,1.,-2.46519032881566E-32));
#1276=DIRECTION('ref_axis',(-1.,0.,0.));
#1277=DIRECTION('',(0.,-1.,2.46519032881566E-32));
#1278=DIRECTION('center_axis',(0.,-1.,2.46519032881566E-32));
#1279=DIRECTION('ref_axis',(1.,1.3684555315672E-48,5.55111512312578E-17));
#1280=DIRECTION('',(0.,1.,-2.46519032881566E-32));
#1281=DIRECTION('',(0.,-1.,2.46519032881566E-32));
#1282=DIRECTION('center_axis',(0.,-1.,2.46519032881566E-32));
#1283=DIRECTION('ref_axis',(-1.,0.,0.));
#1284=DIRECTION('center_axis',(0.,-1.,2.46519032881566E-32));
#1285=DIRECTION('ref_axis',(1.,1.3684555315672E-48,5.55111512312578E-17));
#1286=DIRECTION('center_axis',(0.,1.,-2.46519032881566E-32));
#1287=DIRECTION('ref_axis',(-0.558992567947855,2.04406843556208E-32,0.82917266535931));
#1288=DIRECTION('',(0.,-1.,2.46519032881566E-32));
#1289=DIRECTION('center_axis',(0.,1.,-2.46519032881566E-32));
#1290=DIRECTION('ref_axis',(-0.558992567947855,2.04406843556208E-32,0.82917266535931));
#1291=DIRECTION('',(0.,1.,-2.46519032881566E-32));
#1292=DIRECTION('center_axis',(0.,-1.,2.46519032881566E-32));
#1293=DIRECTION('ref_axis',(0.224044299649275,-2.40252263004637E-32,-0.974578961292858));
#1294=DIRECTION('center_axis',(0.,1.,-2.46519032881566E-32));
#1295=DIRECTION('ref_axis',(0.224044299649275,-2.40252263004637E-32,-0.974578961292858));
#1296=DIRECTION('center_axis',(0.,-1.,2.46519032881566E-32));
#1297=DIRECTION('ref_axis',(0.224044299649275,-2.40252263004637E-32,-0.974578961292858));
#1298=DIRECTION('',(0.,-1.,2.46519032881566E-32));
#1299=DIRECTION('center_axis',(0.,1.,-2.46519032881566E-32));
#1300=DIRECTION('ref_axis',(0.224044299649275,-2.40252263004637E-32,-0.974578961292858));
#1301=DIRECTION('center_axis',(0.,-1.,2.46519032881566E-32));
#1302=DIRECTION('ref_axis',(-0.140776541935876,-2.44064047385781E-32,-0.990041395720692));
#1303=DIRECTION('',(0.,1.,-2.46519032881566E-32));
#1304=DIRECTION('center_axis',(0.,1.,-2.46519032881566E-32));
#1305=DIRECTION('ref_axis',(-0.140776541935876,-2.44064047385781E-32,-0.990041395720692));
#1306=DIRECTION('center_axis',(0.224044299649276,-2.40252263004637E-32,
-0.974578961292858));
#1307=DIRECTION('ref_axis',(0.974578961292858,5.52311840721672E-33,0.224044299649276));
#1308=DIRECTION('',(0.,1.,-2.46519032881566E-32));
#1309=DIRECTION('',(-0.974578961292858,-5.52311840721672E-33,-0.224044299649276));
#1310=DIRECTION('center_axis',(0.,1.,-2.46519032881566E-32));
#1311=DIRECTION('ref_axis',(0.763982816495135,-1.59063099960409E-32,-0.64523658924472));
#1312=DIRECTION('',(0.,-1.,2.46519032881566E-32));
#1313=DIRECTION('center_axis',(0.,1.,-2.46519032881566E-32));
#1314=DIRECTION('ref_axis',(0.763982816495135,-1.59063099960409E-32,-0.64523658924472));
#1315=DIRECTION('center_axis',(0.,-1.,2.46519032881566E-32));
#1316=DIRECTION('ref_axis',(-0.224044299649276,2.40252263004637E-32,0.974578961292858));
#1317=DIRECTION('',(0.,-1.,2.46519032881566E-32));
#1318=DIRECTION('center_axis',(0.,1.,-2.46519032881566E-32));
#1319=DIRECTION('ref_axis',(-0.224044299649276,2.40252263004637E-32,0.974578961292858));
#1320=DIRECTION('center_axis',(0.,-1.,2.46519032881566E-32));
#1321=DIRECTION('ref_axis',(0.405511937056292,2.2534052084701E-32,0.914089748823853));
#1322=DIRECTION('',(0.,1.,-2.46519032881566E-32));
#1323=DIRECTION('center_axis',(0.,1.,-2.46519032881566E-32));
#1324=DIRECTION('ref_axis',(0.405511937056292,2.2534052084701E-32,0.914089748823853));
#1325=DIRECTION('center_axis',(-0.224044299649275,2.40252263004637E-32,
0.974578961292858));
#1326=DIRECTION('ref_axis',(-0.974578961292858,-5.52311840721672E-33,-0.224044299649275));
#1327=DIRECTION('',(0.974578961292858,5.52311840721672E-33,0.224044299649275));
#1328=DIRECTION('',(-0.974578961292858,-5.52311840721672E-33,-0.224044299649275));
#1329=DIRECTION('center_axis',(-0.177152998315265,2.42619921204161E-32,
0.984183323973695));
#1330=DIRECTION('ref_axis',(0.,1.,-2.46519032881566E-32));
#1331=DIRECTION('',(-0.984183323973697,-4.3671585816747E-33,-0.177152998315257));
#1332=DIRECTION('',(0.,1.,-2.46519032881566E-32));
#1333=DIRECTION('center_axis',(0.,1.,-2.46519032881566E-32));
#1334=DIRECTION('ref_axis',(-1.,0.,0.));
#1335=DIRECTION('center_axis',(-0.224044299649275,1.48029736616688E-16,
0.974578961292858));
#1336=DIRECTION('ref_axis',(6.65861881591756E-16,1.,1.18289266798501E-18));
#1337=DIRECTION('',(-0.224044299649275,1.48029736616688E-16,0.974578961292858));
#1338=DIRECTION('center_axis',(0.224044299649276,-2.40252263004637E-32,
-0.974578961292858));
#1339=DIRECTION('ref_axis',(6.65861881591756E-16,1.,1.18289266798501E-18));
#1340=DIRECTION('center_axis',(-0.224044299649275,1.48029736616688E-16,
0.974578961292858));
#1341=DIRECTION('ref_axis',(6.65861881591756E-16,1.,1.18289266798501E-18));
#1342=DIRECTION('center_axis',(-0.224044299649275,2.40252263004637E-32,
0.974578961292858));
#1343=DIRECTION('ref_axis',(6.65861881591756E-16,1.,1.18289266798501E-18));
#1344=DIRECTION('',(-0.224044299649275,1.48029736616688E-16,0.974578961292858));
#1345=DIRECTION('center_axis',(-0.224044299649275,1.48029736616688E-16,
0.974578961292858));
#1346=DIRECTION('ref_axis',(6.65861881591756E-16,1.,1.18289266798501E-18));
#1347=DIRECTION('',(-0.224044299649275,1.48029736616688E-16,0.974578961292858));
#1348=DIRECTION('center_axis',(0.224044299649276,-2.40252263004637E-32,
-0.974578961292858));
#1349=DIRECTION('ref_axis',(6.65861881591756E-16,1.,1.18289266798501E-18));
#1350=DIRECTION('center_axis',(-0.224044299649275,1.48029736616688E-16,
0.974578961292858));
#1351=DIRECTION('ref_axis',(6.65861881591756E-16,1.,1.18289266798501E-18));
#1352=DIRECTION('center_axis',(-0.224044299649275,2.40252263004637E-32,
0.974578961292858));
#1353=DIRECTION('ref_axis',(6.65861881591756E-16,1.,1.18289266798501E-18));
#1354=DIRECTION('',(-0.224044299649275,1.48029736616688E-16,0.974578961292858));
#1355=DIRECTION('center_axis',(0.,-1.,2.46519032881566E-32));
#1356=DIRECTION('ref_axis',(1.,1.3684555315672E-48,5.55111512312578E-17));
#1357=DIRECTION('center_axis',(0.,1.,-2.46519032881566E-32));
#1358=DIRECTION('ref_axis',(1.,1.3684555315672E-48,5.55111512312578E-17));
#1359=DIRECTION('center_axis',(0.,-1.,2.46519032881566E-32));
#1360=DIRECTION('ref_axis',(1.,1.3684555315672E-48,5.55111512312578E-17));
#1361=DIRECTION('center_axis',(0.,-1.,2.46519032881566E-32));
#1362=DIRECTION('ref_axis',(1.,0.,5.55111512312578E-17));
#1363=DIRECTION('',(0.,-1.,2.46519032881566E-32));
#1364=DIRECTION('',(0.,-1.,2.46519032881566E-32));
#1365=DIRECTION('center_axis',(0.,1.,-2.46519032881566E-32));
#1366=DIRECTION('ref_axis',(1.,0.,0.));
#1367=DIRECTION('center_axis',(0.,-1.,2.46519032881566E-32));
#1368=DIRECTION('ref_axis',(1.,0.,0.));
#1369=DIRECTION('',(0.,1.,-2.46519032881566E-32));
#1370=DIRECTION('center_axis',(0.,-1.,2.46519032881566E-32));
#1371=DIRECTION('ref_axis',(1.,0.,0.));
#1372=DIRECTION('center_axis',(0.,-1.,2.46519032881566E-32));
#1373=DIRECTION('ref_axis',(1.,0.,0.));
#1374=DIRECTION('center_axis',(-0.177152998315265,2.42619921204161E-32,
0.984183323973695));
#1375=DIRECTION('ref_axis',(0.,1.,-2.46519032881566E-32));
#1376=DIRECTION('',(0.,1.,-2.46519032881566E-32));
#1377=DIRECTION('',(-0.984183323973695,-4.36715858167488E-33,-0.177152998315265));
#1378=DIRECTION('',(0.,1.,-2.46519032881566E-32));
#1379=DIRECTION('',(-0.984183323973697,-4.3671585816747E-33,-0.177152998315257));
#1380=DIRECTION('',(-0.984183323973697,-4.36715858167471E-33,-0.177152998315258));
#1381=DIRECTION('center_axis',(0.,-1.,2.46519032881566E-32));
#1382=DIRECTION('ref_axis',(-0.974578961292858,-5.52311840721673E-33,-0.224044299649276));
#1383=DIRECTION('center_axis',(-0.177152998315258,2.42619921204161E-32,
0.984183323973697));
#1384=DIRECTION('ref_axis',(0.,1.,-2.46519032881566E-32));
#1385=DIRECTION('',(-0.984183323973697,-4.36715858167471E-33,-0.177152998315258));
#1386=DIRECTION('',(0.,1.,-2.46519032881566E-32));
#1387=DIRECTION('',(-0.984183323973697,-4.36715858167471E-33,-0.177152998315258));
#1388=DIRECTION('center_axis',(0.,-1.,2.46519032881566E-32));
#1389=DIRECTION('ref_axis',(-0.177152998315265,2.42619921204161E-32,0.984183323973695));
#1390=DIRECTION('',(-0.177152998315258,2.42619921204161E-32,0.984183323973697));
#1391=DIRECTION('center_axis',(0.,1.,-2.46519032881566E-32));
#1392=DIRECTION('ref_axis',(0.177152998315265,-2.42619921204161E-32,-0.984183323973695));
#1393=DIRECTION('',(0.177152998315258,-2.42619921204161E-32,-0.984183323973697));
#1394=DIRECTION('center_axis',(-0.224044299649276,2.40252263004637E-32,
0.974578961292858));
#1395=DIRECTION('ref_axis',(0.974578961292858,5.52311840721673E-33,0.224044299649276));
#1396=DIRECTION('',(0.,1.,-2.46519032881566E-32));
#1397=DIRECTION('',(-0.974578961292858,-5.52311840721673E-33,-0.224044299649276));
#1398=DIRECTION('',(0.,-1.,2.46519032881566E-32));
#1399=DIRECTION('center_axis',(-0.974578961292858,-5.52311840721673E-33,
-0.224044299649276));
#1400=DIRECTION('ref_axis',(0.,-1.,2.46519032881566E-32));
#1401=DIRECTION('',(0.,-1.,2.46519032881566E-32));
#1402=DIRECTION('',(0.224044299649276,-2.40252263004637E-32,-0.974578961292858));
#1403=DIRECTION('center_axis',(-0.984183323973697,-4.3671585816747E-33,
-0.177152998315257));
#1404=DIRECTION('ref_axis',(-0.177152998315257,2.42619921204161E-32,0.984183323973697));
#1405=DIRECTION('',(-0.177152998315265,2.42619921204161E-32,0.984183323973695));
#1406=DIRECTION('',(0.,1.,-2.46519032881566E-32));
#1407=DIRECTION('center_axis',(-0.177152998315264,2.42619921204161E-32,
0.984183323973695));
#1408=DIRECTION('ref_axis',(0.984183323973695,4.36715858167487E-33,0.177152998315264));
#1409=DIRECTION('',(-0.984183323973695,-4.36715858167487E-33,-0.177152998315264));
#1410=DIRECTION('center_axis',(-0.224044299649275,2.40252263004637E-32,
0.974578961292858));
#1411=DIRECTION('ref_axis',(-0.974578961292858,-5.52311840721672E-33,-0.224044299649275));
#1412=DIRECTION('',(-0.974578961292858,-5.52311840721672E-33,-0.224044299649275));
#1413=DIRECTION('center_axis',(0.,-1.,2.46519032881566E-32));
#1414=DIRECTION('ref_axis',(1.,0.,0.));
#1415=DIRECTION('',(0.974578961292858,5.52311840721673E-33,0.224044299649276));
#1416=DIRECTION('',(-0.224044299649275,2.40252263004637E-32,0.974578961292858));
#1417=DIRECTION('center_axis',(0.224044299649276,-2.40252263004637E-32,
-0.974578961292858));
#1418=DIRECTION('ref_axis',(0.974578961292858,5.52311840721673E-33,0.224044299649276));
#1419=DIRECTION('',(9.94956560026573E-17,-1.,-4.3280000085704E-16));
#1420=DIRECTION('center_axis',(0.974578961292858,5.52311840721671E-33,0.224044299649275));
#1421=DIRECTION('ref_axis',(0.,1.,-2.46519032881566E-32));
#1422=DIRECTION('center_axis',(0.,-1.,0.));
#1423=DIRECTION('ref_axis',(1.,0.,5.55111512312578E-17));
#1424=DIRECTION('',(0.,1.,0.));
#1425=DIRECTION('center_axis',(0.,-1.,0.));
#1426=DIRECTION('ref_axis',(1.,0.,5.55111512312578E-17));
#1427=DIRECTION('',(0.,1.,0.));
#1428=CARTESIAN_POINT('',(0.,0.,0.));
#1429=CARTESIAN_POINT('Origin',(19.4847956079225,-2.64300047193979,191.868009652554));
#1430=CARTESIAN_POINT('',(17.2865840102844,-2.64300047193979,190.271587761741));
#1431=CARTESIAN_POINT('',(19.7498640542169,-5.14300047193979,190.714978169649));
#1432=CARTESIAN_POINT('Origin',(19.7498640542169,-2.64300047193979,190.714978169649));
#1433=CARTESIAN_POINT('',(15.9281267064439,-2.64300047193979,196.180793709895));
#1434=CARTESIAN_POINT('',(17.0483482046903,-2.64300047193979,191.307898903431));
#1435=CARTESIAN_POINT('',(18.3645741096761,-5.14300047193979,196.740904459018));
#1436=CARTESIAN_POINT('Origin',(18.3645741096761,-2.64300047193979,196.740904459018));
#1437=CARTESIAN_POINT('',(19.4847956079225,-5.14300047193979,191.868009652554));
#1438=CARTESIAN_POINT('Origin',(17.0483482046903,-5.14300047193979,191.307898903431));
#1439=CARTESIAN_POINT('',(17.2865840102844,-5.14300047193979,190.271587761741));
#1440=CARTESIAN_POINT('',(17.2865840102844,-11.0715002359699,190.271587761741));
#1441=CARTESIAN_POINT('',(18.1593509774776,-5.14300047193979,186.475104987266));
#1442=CARTESIAN_POINT('',(17.0483482046903,-5.14300047193979,191.307898903431));
#1443=CARTESIAN_POINT('',(18.1593509774776,11.7555464233583,186.475104987266));
#1444=CARTESIAN_POINT('',(18.1593509774776,-5.14300047193979,186.475104987266));
#1445=CARTESIAN_POINT('',(17.2865840102844,11.7555464233583,190.271587761741));
#1446=CARTESIAN_POINT('',(17.0483482046903,11.7555464233583,191.307898903431));
#1447=CARTESIAN_POINT('',(17.2865840102844,28.,190.271587761741));
#1448=CARTESIAN_POINT('',(17.2865840102844,-11.0715002359699,190.271587761741));
#1449=CARTESIAN_POINT('',(15.9281267064439,28.,196.180793709895));
#1450=CARTESIAN_POINT('',(20.167872775313,28.,177.738158363171));
#1451=CARTESIAN_POINT('',(15.9281267064439,25.,196.180793709895));
#1452=CARTESIAN_POINT('Origin',(25.5115849634887,-2.64300047193979,193.253498005915));
#1453=CARTESIAN_POINT('',(24.3913634652423,-5.14300047193979,198.126392812379));
#1454=CARTESIAN_POINT('',(26.8278108684744,-2.64300047193979,198.686503561502));
#1455=CARTESIAN_POINT('Origin',(24.3913634652423,-2.64300047193979,198.126392812379));
#1456=CARTESIAN_POINT('',(28.3063065973096,-2.64300047193979,192.255137827405));
#1457=CARTESIAN_POINT('',(27.9480323667208,-2.64300047193979,193.813608755038));
#1458=CARTESIAN_POINT('',(25.8430265533772,-5.14300047193979,191.811747419498));
#1459=CARTESIAN_POINT('Origin',(25.8430265533772,-2.64300047193979,191.811747419498));
#1460=CARTESIAN_POINT('',(25.5115849634887,-5.14300047193979,193.253498005915));
#1461=CARTESIAN_POINT('Origin',(27.9480323667208,11.7555464233583,193.813608755038));
#1462=CARTESIAN_POINT('',(26.8278108684744,28.,198.686503561502));
#1463=CARTESIAN_POINT('',(26.8278108684744,23.,198.686503561502));
#1464=CARTESIAN_POINT('',(28.3063065973096,28.,192.255137827405));
#1465=CARTESIAN_POINT('',(31.0675569373435,28.,180.243868214778));
#1466=CARTESIAN_POINT('',(28.3063065973096,-2.62222678832086,192.255137827405));
#1467=CARTESIAN_POINT('Origin',(135.614870823018,-23.,190.3476416895));
#1468=CARTESIAN_POINT('',(125.614870823018,-23.,190.3476416895));
#1469=CARTESIAN_POINT('Origin',(135.614870823018,-23.,190.3476416895));
#1470=CARTESIAN_POINT('',(125.614870823018,-21.,190.3476416895));
#1471=CARTESIAN_POINT('',(125.614870823018,-23.,190.3476416895));
#1472=CARTESIAN_POINT('Origin',(135.614870823018,-21.,190.3476416895));
#1473=CARTESIAN_POINT('Origin',(-32.5,-56.,151.7));
#1474=CARTESIAN_POINT('',(-45.,-56.,151.7));
#1475=CARTESIAN_POINT('Origin',(-32.5,-56.,151.7));
#1476=CARTESIAN_POINT('',(-36.5,-56.,151.7));
#1477=CARTESIAN_POINT('Origin',(-32.5,-56.,151.7));
#1478=CARTESIAN_POINT('Origin',(122.780951278872,-6.8623924133191,156.101707966749));
#1479=CARTESIAN_POINT('',(122.780951278872,-9.3623924133191,156.101707966749));
#1480=CARTESIAN_POINT('Origin',(122.780951278872,-6.8623924133191,156.101707966749));
#1481=CARTESIAN_POINT('Origin',(122.780951278872,18.6223031172487,156.101707966749));
#1482=CARTESIAN_POINT('',(122.780951278872,16.1223031172487,156.101707966749));
#1483=CARTESIAN_POINT('Origin',(122.780951278872,18.6223031172487,156.101707966749));
#1484=CARTESIAN_POINT('Origin',(109.114249000267,18.6223031172487,215.551024605613));
#1485=CARTESIAN_POINT('',(109.114249000267,16.1223031172487,215.551024605613));
#1486=CARTESIAN_POINT('Origin',(109.114249000267,18.6223031172487,215.551024605613));
#1487=CARTESIAN_POINT('Origin',(109.114249000267,-6.8623924133191,215.551024605613));
#1488=CARTESIAN_POINT('',(109.114249000267,-9.3623924133191,215.551024605613));
#1489=CARTESIAN_POINT('Origin',(109.114249000267,-6.8623924133191,215.551024605613));
#1490=CARTESIAN_POINT('Origin',(125.279252461431,31.,157.702122300227));
#1491=CARTESIAN_POINT('',(127.279252461431,28.,157.702122300227));
#1492=CARTESIAN_POINT('Origin',(125.279252461431,28.,157.702122300227));
#1493=CARTESIAN_POINT('',(127.279252461431,21.,157.702122300227));
#1494=CARTESIAN_POINT('',(127.279252461431,31.,157.702122300227));
#1495=CARTESIAN_POINT('Origin',(125.279252461431,21.,157.702122300227));
#1496=CARTESIAN_POINT('Origin',(125.279252461431,21.,157.702122300227));
#1497=CARTESIAN_POINT('Origin',(46.5948986998295,31.,200.152473386447));
#1498=CARTESIAN_POINT('',(48.5948986998295,28.,200.152473386447));
#1499=CARTESIAN_POINT('Origin',(46.5948986998295,28.,200.152473386447));
#1500=CARTESIAN_POINT('',(48.5948986998295,21.,200.152473386447));
#1501=CARTESIAN_POINT('',(48.5948986998295,31.,200.152473386447));
#1502=CARTESIAN_POINT('Origin',(46.5948986998295,21.,200.152473386447));
#1503=CARTESIAN_POINT('Origin',(46.5948986998295,21.,200.152473386447));
#1504=CARTESIAN_POINT('Origin',(91.1689888161811,31.,149.860571812502));
#1505=CARTESIAN_POINT('',(93.168988816181,28.,149.860571812502));
#1506=CARTESIAN_POINT('Origin',(91.1689888161811,28.,149.860571812502));
#1507=CARTESIAN_POINT('',(93.168988816181,21.,149.860571812502));
#1508=CARTESIAN_POINT('',(93.168988816181,31.,149.860571812502));
#1509=CARTESIAN_POINT('Origin',(91.1689888161811,21.,149.860571812502));
#1510=CARTESIAN_POINT('Origin',(91.1689888161811,21.,149.860571812502));
#1511=CARTESIAN_POINT('Origin',(114.808152553035,31.,215.867146436161));
#1512=CARTESIAN_POINT('',(116.808152553035,28.,215.867146436161));
#1513=CARTESIAN_POINT('Origin',(114.808152553035,28.,215.867146436161));
#1514=CARTESIAN_POINT('',(116.808152553035,21.,215.867146436161));
#1515=CARTESIAN_POINT('',(116.808152553035,31.,215.867146436161));
#1516=CARTESIAN_POINT('Origin',(114.808152553035,21.,215.867146436161));
#1517=CARTESIAN_POINT('Origin',(114.808152553035,21.,215.867146436161));
#1518=CARTESIAN_POINT('Origin',(80.7051623450795,31.,207.994023874172));
#1519=CARTESIAN_POINT('',(82.7051623450795,28.,207.994023874172));
#1520=CARTESIAN_POINT('Origin',(80.7051623450795,28.,207.994023874172));
#1521=CARTESIAN_POINT('',(82.7051623450795,21.,207.994023874172));
#1522=CARTESIAN_POINT('',(82.7051623450795,31.,207.994023874172));
#1523=CARTESIAN_POINT('Origin',(80.7051623450795,21.,207.994023874172));
#1524=CARTESIAN_POINT('Origin',(80.7051623450795,21.,207.994023874172));
#1525=CARTESIAN_POINT('Origin',(57.058725170931,31.,142.019021324777));
#1526=CARTESIAN_POINT('',(59.058725170931,28.,142.019021324777));
#1527=CARTESIAN_POINT('Origin',(57.058725170931,28.,142.019021324777));
#1528=CARTESIAN_POINT('',(59.058725170931,21.,142.019021324777));
#1529=CARTESIAN_POINT('',(59.058725170931,31.,142.019021324777));
#1530=CARTESIAN_POINT('Origin',(57.058725170931,21.,142.019021324777));
#1531=CARTESIAN_POINT('Origin',(57.058725170931,21.,142.019021324777));
#1532=CARTESIAN_POINT('Ctrl Pts',(141.776089063373,25.,165.787915736061));
#1533=CARTESIAN_POINT('Ctrl Pts',(141.776089063373,28.,165.787915736061));
#1534=CARTESIAN_POINT('Ctrl Pts',(147.455538366251,25.,168.067930040416));
#1535=CARTESIAN_POINT('Ctrl Pts',(147.455538366251,28.,168.067930040416));
#1536=CARTESIAN_POINT('Ctrl Pts',(151.019816718702,25.,170.395096317093));
#1537=CARTESIAN_POINT('Ctrl Pts',(151.019816718702,28.,170.395096317093));
#1538=CARTESIAN_POINT('Ctrl Pts',(155.562051507322,25.,174.353833327551));
#1539=CARTESIAN_POINT('Ctrl Pts',(155.562051507322,28.,174.353833327551));
#1540=CARTESIAN_POINT('Ctrl Pts',(157.280590966654,25.,176.502656504604));
#1541=CARTESIAN_POINT('Ctrl Pts',(157.280590966654,28.,176.502656504604));
#1542=CARTESIAN_POINT('Ctrl Pts',(159.883322154089,25.,181.798417551755));
#1543=CARTESIAN_POINT('Ctrl Pts',(159.883322154089,28.,181.798417551755));
#1544=CARTESIAN_POINT('Ctrl Pts',(160.539102726905,25.0000000000008,184.608414390245));
#1545=CARTESIAN_POINT('Ctrl Pts',(160.539102726905,28.0000000000008,184.608414390245));
#1546=CARTESIAN_POINT('Ctrl Pts',(161.261045470508,25.0000000000008,190.670716190697));
#1547=CARTESIAN_POINT('Ctrl Pts',(161.261045470508,28.0000000000008,190.670716190697));
#1548=CARTESIAN_POINT('Ctrl Pts',(161.022906155497,25.0000000000008,194.543590847009));
#1549=CARTESIAN_POINT('Ctrl Pts',(161.022906155497,28.0000000000008,194.543590847009));
#1550=CARTESIAN_POINT('Ctrl Pts',(159.083505209346,25.0000000000008,201.465207165568));
#1551=CARTESIAN_POINT('Ctrl Pts',(159.083505209346,28.0000000000008,201.465207165568));
#1552=CARTESIAN_POINT('Ctrl Pts',(157.593716465083,25.0000000000008,203.930061429025));
#1553=CARTESIAN_POINT('Ctrl Pts',(157.593716465083,28.0000000000008,203.930061429025));
#1554=CARTESIAN_POINT('Ctrl Pts',(153.929140233674,25.0000000000008,208.542634219097));
#1555=CARTESIAN_POINT('Ctrl Pts',(153.929140233674,28.0000000000008,208.542634219097));
#1556=CARTESIAN_POINT('Ctrl Pts',(151.289302478889,25.0000000000008,210.657990193128));
#1557=CARTESIAN_POINT('Ctrl Pts',(151.289302478889,28.0000000000008,210.657990193128));
#1558=CARTESIAN_POINT('Ctrl Pts',(148.191673291263,25.0000000000008,212.907885457148));
#1559=CARTESIAN_POINT('Ctrl Pts',(148.191673291263,28.0000000000008,212.907885457148));
#1560=CARTESIAN_POINT('Ctrl Pts',(145.464215686686,25.0000000000008,214.621142791252));
#1561=CARTESIAN_POINT('Ctrl Pts',(145.464215686686,28.0000000000008,214.621142791252));
#1562=CARTESIAN_POINT('Ctrl Pts',(138.882371243501,25.0000000000008,216.173285829967));
#1563=CARTESIAN_POINT('Ctrl Pts',(138.882371243501,28.0000000000008,216.173285829967));
#1564=CARTESIAN_POINT('Ctrl Pts',(136.767243597315,25.,216.192005361876));
#1565=CARTESIAN_POINT('Ctrl Pts',(136.767243597315,28.,216.192005361876));
#1566=CARTESIAN_POINT('Ctrl Pts',(133.896807215792,25.,216.046057914386));
#1567=CARTESIAN_POINT('Ctrl Pts',(133.896807215792,28.,216.046057914386));
#1568=CARTESIAN_POINT('Ctrl Pts',(132.326767290091,25.,215.790557053149));
#1569=CARTESIAN_POINT('Ctrl Pts',(132.326767290091,28.,215.790557053149));
#1570=CARTESIAN_POINT('Ctrl Pts',(131.043880837749,25.,215.389702109453));
#1571=CARTESIAN_POINT('Ctrl Pts',(131.043880837749,28.,215.389702109453));
#1572=CARTESIAN_POINT('',(131.043880837749,25.,215.389702109453));
#1573=CARTESIAN_POINT('',(141.776089063373,25.,165.787915736061));
#1574=CARTESIAN_POINT('Ctrl Pts',(131.043880837749,25.,215.389702109453));
#1575=CARTESIAN_POINT('Ctrl Pts',(132.326767290091,25.,215.790557053149));
#1576=CARTESIAN_POINT('Ctrl Pts',(133.896807215792,25.,216.046057914386));
#1577=CARTESIAN_POINT('Ctrl Pts',(135.450324878642,25.,216.125046579309));
#1578=CARTESIAN_POINT('Ctrl Pts',(136.767243597315,25.,216.192005361876));
#1579=CARTESIAN_POINT('Ctrl Pts',(138.882371243501,25.0000000000008,216.173285829967));
#1580=CARTESIAN_POINT('Ctrl Pts',(141.522578677354,25.0000000000008,215.550667105901));
#1581=CARTESIAN_POINT('Ctrl Pts',(145.464215686686,25.0000000000008,214.621142791252));
#1582=CARTESIAN_POINT('Ctrl Pts',(148.191673291263,25.0000000000008,212.907885457148));
#1583=CARTESIAN_POINT('Ctrl Pts',(149.856821326463,25.0000000000008,211.698441572369));
#1584=CARTESIAN_POINT('Ctrl Pts',(151.289302478889,25.0000000000008,210.657990193128));
#1585=CARTESIAN_POINT('Ctrl Pts',(153.929140233674,25.0000000000008,208.542634219097));
#1586=CARTESIAN_POINT('Ctrl Pts',(156.083174246491,25.0000000000008,205.831368836963));
#1587=CARTESIAN_POINT('Ctrl Pts',(157.593716465083,25.0000000000008,203.930061429025));
#1588=CARTESIAN_POINT('Ctrl Pts',(159.083505209346,25.0000000000008,201.465207165568));
#1589=CARTESIAN_POINT('Ctrl Pts',(160.040195213605,25.0000000000008,198.050832660687));
#1590=CARTESIAN_POINT('Ctrl Pts',(161.022906155497,25.0000000000008,194.543590847009));
#1591=CARTESIAN_POINT('Ctrl Pts',(161.261045470508,25.0000000000008,190.670716190697));
#1592=CARTESIAN_POINT('Ctrl Pts',(160.831169656543,25.0000000000008,187.060960508458));
#1593=CARTESIAN_POINT('Ctrl Pts',(160.539102726905,25.0000000000008,184.608414390245));
#1594=CARTESIAN_POINT('Ctrl Pts',(159.883322154089,25.,181.798417551755));
#1595=CARTESIAN_POINT('Ctrl Pts',(158.55093671259,25.,179.08742113578));
#1596=CARTESIAN_POINT('Ctrl Pts',(157.280590966654,25.,176.502656504604));
#1597=CARTESIAN_POINT('Ctrl Pts',(155.562051507322,25.,174.353833327551));
#1598=CARTESIAN_POINT('Ctrl Pts',(153.394686981964,25.,172.464889545256));
#1599=CARTESIAN_POINT('Ctrl Pts',(151.019816718702,25.,170.395096317093));
#1600=CARTESIAN_POINT('Ctrl Pts',(147.455538366251,25.,168.067930040416));
#1601=CARTESIAN_POINT('Ctrl Pts',(141.776089063373,25.,165.787915736061));
#1602=CARTESIAN_POINT('',(131.043880837749,28.,215.389702109453));
#1603=CARTESIAN_POINT('',(131.043880837749,25.,215.389702109453));
#1604=CARTESIAN_POINT('',(141.776089063373,28.,165.787915736061));
#1605=CARTESIAN_POINT('Ctrl Pts',(141.776089063373,28.,165.787915736061));
#1606=CARTESIAN_POINT('Ctrl Pts',(147.455538366251,28.,168.067930040416));
#1607=CARTESIAN_POINT('Ctrl Pts',(151.019816718702,28.,170.395096317093));
#1608=CARTESIAN_POINT('Ctrl Pts',(153.394686981964,28.,172.464889545256));
#1609=CARTESIAN_POINT('Ctrl Pts',(155.562051507322,28.,174.353833327551));
#1610=CARTESIAN_POINT('Ctrl Pts',(157.280590966654,28.,176.502656504604));
#1611=CARTESIAN_POINT('Ctrl Pts',(158.55093671259,28.,179.08742113578));
#1612=CARTESIAN_POINT('Ctrl Pts',(159.883322154089,28.,181.798417551755));
#1613=CARTESIAN_POINT('Ctrl Pts',(160.539102726905,28.0000000000008,184.608414390245));
#1614=CARTESIAN_POINT('Ctrl Pts',(160.831169656543,28.0000000000008,187.060960508458));
#1615=CARTESIAN_POINT('Ctrl Pts',(161.261045470508,28.0000000000008,190.670716190697));
#1616=CARTESIAN_POINT('Ctrl Pts',(161.022906155497,28.0000000000008,194.543590847009));
#1617=CARTESIAN_POINT('Ctrl Pts',(160.040195213605,28.0000000000008,198.050832660687));
#1618=CARTESIAN_POINT('Ctrl Pts',(159.083505209346,28.0000000000008,201.465207165568));
#1619=CARTESIAN_POINT('Ctrl Pts',(157.593716465083,28.0000000000008,203.930061429025));
#1620=CARTESIAN_POINT('Ctrl Pts',(156.083174246491,28.0000000000008,205.831368836963));
#1621=CARTESIAN_POINT('Ctrl Pts',(153.929140233674,28.0000000000008,208.542634219097));
#1622=CARTESIAN_POINT('Ctrl Pts',(151.289302478889,28.0000000000008,210.657990193128));
#1623=CARTESIAN_POINT('Ctrl Pts',(149.856821326463,28.0000000000008,211.698441572369));
#1624=CARTESIAN_POINT('Ctrl Pts',(148.191673291263,28.0000000000008,212.907885457148));
#1625=CARTESIAN_POINT('Ctrl Pts',(145.464215686686,28.0000000000008,214.621142791252));
#1626=CARTESIAN_POINT('Ctrl Pts',(141.522578677354,28.0000000000008,215.550667105901));
#1627=CARTESIAN_POINT('Ctrl Pts',(138.882371243501,28.0000000000008,216.173285829967));
#1628=CARTESIAN_POINT('Ctrl Pts',(136.767243597315,28.,216.192005361876));
#1629=CARTESIAN_POINT('Ctrl Pts',(135.450324878642,28.,216.125046579309));
#1630=CARTESIAN_POINT('Ctrl Pts',(133.896807215792,28.,216.046057914386));
#1631=CARTESIAN_POINT('Ctrl Pts',(132.326767290091,28.,215.790557053149));
#1632=CARTESIAN_POINT('Ctrl Pts',(131.043880837749,28.,215.389702109453));
#1633=CARTESIAN_POINT('',(141.776089063373,25.,165.787915736061));
#1634=CARTESIAN_POINT('Origin',(66.5084407195853,28.,174.104429964928));
#1635=CARTESIAN_POINT('',(113.714746665024,28.,218.660793436779));
#1636=CARTESIAN_POINT('',(93.7413005822551,28.,214.069131891715));
#1637=CARTESIAN_POINT('',(129.453652582663,28.,217.148563125054));
#1638=CARTESIAN_POINT('Origin',(119.315854156256,28.,194.296319404457));
#1639=CARTESIAN_POINT('',(141.776089063373,28.,163.546720253946));
#1640=CARTESIAN_POINT('Origin',(135.614870823018,28.,190.3476416895));
#1641=CARTESIAN_POINT('',(128.277626142227,28.,155.313160952743));
#1642=CARTESIAN_POINT('Origin',(122.676518650995,28.,179.677634985064));
#1643=CARTESIAN_POINT('',(27.823702794795,28.,132.219979386889));
#1644=CARTESIAN_POINT('',(37.6472053657258,28.,134.478287683107));
#1645=CARTESIAN_POINT('',(0.462139675908659,28.,131.060296804802));
#1646=CARTESIAN_POINT('Origin',(11.0203803210993,28.,205.313401483853));
#1647=CARTESIAN_POINT('',(-22.1084467969992,28.,135.793535212713));
#1648=CARTESIAN_POINT('Origin',(-5.69907856444642,28.,157.861218240355));
#1649=CARTESIAN_POINT('',(-30.0979893838473,28.,170.547555411774));
#1650=CARTESIAN_POINT('Origin',(-32.5,28.,151.7));
#1651=CARTESIAN_POINT('',(-11.8602968048015,28.,184.662139675909));
#1652=CARTESIAN_POINT('Origin',(-5.69907856444642,28.,157.861218240355));
#1653=CARTESIAN_POINT('',(13.260823317592,28.,195.567611870925));
#1654=CARTESIAN_POINT('Origin',(30.0641457912876,28.,122.47418977396));
#1655=CARTESIAN_POINT('',(93.7413005822551,28.,214.069131891715));
#1656=CARTESIAN_POINT('',(16.3479674388228,28.,190.102636778878));
#1657=CARTESIAN_POINT('',(50.0724710493426,28.,196.173047428771));
#1658=CARTESIAN_POINT('',(24.6747861793353,28.,143.84253266492));
#1659=CARTESIAN_POINT('',(18.5297170323948,28.,177.981805703477));
#1660=CARTESIAN_POINT('',(46.1476559846536,28.,147.707649229877));
#1661=CARTESIAN_POINT('',(58.399289789855,28.,149.912943314813));
#1662=CARTESIAN_POINT('',(45.946992492003,28.,148.580523114832));
#1663=CARTESIAN_POINT('',(44.2029882708371,28.,156.166834505101));
#1664=CARTESIAN_POINT('',(108.871500155629,28.,163.046131146808));
#1665=CARTESIAN_POINT('',(58.4982249311358,28.,151.465904590572));
#1666=CARTESIAN_POINT('',(109.92450836398,28.,158.465610028731));
#1667=CARTESIAN_POINT('',(104.2851944732,28.,182.996279555626));
#1668=CARTESIAN_POINT('',(59.5512331394874,28.,146.885383472496));
#1669=CARTESIAN_POINT('',(38.0000005662441,28.,194.000002741814));
#1670=CARTESIAN_POINT('',(95.8885702856591,28.,207.307907565943));
#1671=CARTESIAN_POINT('',(50.0724710493426,28.,196.173047428771));
#1672=CARTESIAN_POINT('Origin',(-32.5,-45.,151.7));
#1673=CARTESIAN_POINT('',(-51.5,45.,151.7));
#1674=CARTESIAN_POINT('Origin',(-32.5,45.,151.7));
#1675=CARTESIAN_POINT('',(-51.5,-45.,151.7));
#1676=CARTESIAN_POINT('',(-51.5,-45.,151.7));
#1677=CARTESIAN_POINT('Origin',(-32.5,-45.,151.7));
#1678=CARTESIAN_POINT('',(-30.0979893838473,-23.,170.547555411774));
#1679=CARTESIAN_POINT('',(-30.0979893838473,25.,170.547555411774));
#1680=CARTESIAN_POINT('',(-22.1084467969992,-23.,135.793535212713));
#1681=CARTESIAN_POINT('',(-22.1084467969992,40.,135.793535212713));
#1682=CARTESIAN_POINT('Origin',(-32.5,-23.,151.7));
#1683=CARTESIAN_POINT('Origin',(-32.5,45.,151.7));
#1684=CARTESIAN_POINT('Origin',(30.0641457912876,40.,122.47418977396));
#1685=CARTESIAN_POINT('',(-11.8602968048015,-23.,184.662139675909));
#1686=CARTESIAN_POINT('',(-11.8602968048015,40.,184.662139675909));
#1687=CARTESIAN_POINT('',(13.260823317592,-23.,195.567611870925));
#1688=CARTESIAN_POINT('Origin',(30.0641457912876,-23.,122.47418977396));
#1689=CARTESIAN_POINT('',(13.260823317592,25.,195.567611870925));
#1690=CARTESIAN_POINT('Origin',(-5.69907856444642,40.,157.861218240355));
#1691=CARTESIAN_POINT('Origin',(-5.69907856444642,-23.,157.861218240355));
#1692=CARTESIAN_POINT('Origin',(-5.69907856444642,40.,157.861218240355));
#1693=CARTESIAN_POINT('',(0.462139675908659,-23.,131.060296804802));
#1694=CARTESIAN_POINT('',(0.462139675908659,40.,131.060296804802));
#1695=CARTESIAN_POINT('Origin',(-5.69907856444642,-23.,157.861218240355));
#1696=CARTESIAN_POINT('Origin',(11.0203803210993,40.,205.313401483853));
#1697=CARTESIAN_POINT('',(27.823702794795,-23.,132.219979386889));
#1698=CARTESIAN_POINT('',(27.823702794795,25.,132.219979386889));
#1699=CARTESIAN_POINT('Origin',(11.0203803210993,-23.,205.313401483853));
#1700=CARTESIAN_POINT('Origin',(1.58236117415502,40.,126.187401998337));
#1701=CARTESIAN_POINT('',(128.277626142227,-23.,155.313160952743));
#1702=CARTESIAN_POINT('',(128.277626142227,25.,155.313160952743));
#1703=CARTESIAN_POINT('',(37.6472053657258,-23.,134.478287683107));
#1704=CARTESIAN_POINT('Origin',(122.676518650995,40.,179.677634985064));
#1705=CARTESIAN_POINT('',(141.776089063373,-23.,163.546720253946));
#1706=CARTESIAN_POINT('',(141.776089063373,40.,163.546720253946));
#1707=CARTESIAN_POINT('Origin',(122.676518650995,-23.,179.677634985064));
#1708=CARTESIAN_POINT('Origin',(135.614870823018,40.,190.3476416895));
#1709=CARTESIAN_POINT('',(129.453652582663,-23.,217.148563125054));
#1710=CARTESIAN_POINT('',(129.453652582663,40.,217.148563125054));
#1711=CARTESIAN_POINT('Origin',(135.614870823018,-23.,190.3476416895));
#1712=CARTESIAN_POINT('Origin',(119.315854156256,40.,194.296319404457));
#1713=CARTESIAN_POINT('',(113.714746665024,-23.,218.660793436779));
#1714=CARTESIAN_POINT('',(113.714746665024,25.,218.660793436779));
#1715=CARTESIAN_POINT('Origin',(119.315854156256,-23.,194.296319404457));
#1716=CARTESIAN_POINT('Origin',(128.333431084417,40.,222.021457931518));
#1717=CARTESIAN_POINT('',(93.7413005822551,-23.,214.069131891715));
#1718=CARTESIAN_POINT('',(76.6060420151526,-5.14300047193979,210.129936446861));
#1719=CARTESIAN_POINT('Origin',(38.0000005662441,-17.,194.000002741814));
#1720=CARTESIAN_POINT('',(16.3479674388228,11.7555464233583,190.102636778878));
#1721=CARTESIAN_POINT('',(17.3321507627965,11.7555464233583,190.279789777193));
#1722=CARTESIAN_POINT('',(16.3479674388228,23.,190.102636778878));
#1723=CARTESIAN_POINT('Origin',(66.5084407195853,-23.,174.104429964928));
#1724=CARTESIAN_POINT('Origin',(121.606226563158,18.6223031172487,161.211688426141));
#1725=CARTESIAN_POINT('',(121.619455899495,16.1223031172487,161.154141624523));
#1726=CARTESIAN_POINT('',(121.606226563158,16.1223031172487,161.211688426141));
#1727=CARTESIAN_POINT('Origin',(121.619455899495,18.6223031172487,161.154141624523));
#1728=CARTESIAN_POINT('Origin',(121.606226563158,18.6223031172487,161.211688426141));
#1729=CARTESIAN_POINT('',(110.250250054443,16.1223031172487,210.60948969872));
#1730=CARTESIAN_POINT('Origin',(110.250250054443,18.6223031172487,210.60948969872));
#1731=CARTESIAN_POINT('',(121.606226563158,16.1223031172487,161.211688426141));
#1732=CARTESIAN_POINT('Origin',(121.606226563158,-6.8623924133191,161.211688426141));
#1733=CARTESIAN_POINT('',(121.619455899495,-9.3623924133191,161.154141624523));
#1734=CARTESIAN_POINT('',(121.606226563158,-9.3623924133191,161.211688426141));
#1735=CARTESIAN_POINT('Origin',(121.619455899495,-6.8623924133191,161.154141624523));
#1736=CARTESIAN_POINT('Origin',(121.606226563158,-6.8623924133191,161.211688426141));
#1737=CARTESIAN_POINT('',(110.250250054443,-9.3623924133191,210.60948969872));
#1738=CARTESIAN_POINT('Origin',(110.250250054443,-6.8623924133191,210.60948969872));
#1739=CARTESIAN_POINT('',(121.606226563158,-9.3623924133191,161.211688426141));
#1740=CARTESIAN_POINT('Origin',(-32.5,-30.,151.7));
#1741=CARTESIAN_POINT('',(-36.5,-30.,151.7));
#1742=CARTESIAN_POINT('Origin',(-32.5,-30.,151.7));
#1743=CARTESIAN_POINT('Origin',(-32.5,-45.,151.7));
#1744=CARTESIAN_POINT('',(-45.,-45.,151.7));
#1745=CARTESIAN_POINT('Origin',(-32.5,-45.,151.7));
#1746=CARTESIAN_POINT('Ctrl Pts',(141.776089063373,28.,165.787915736061));
#1747=CARTESIAN_POINT('Ctrl Pts',(141.776089063373,-17.,165.787915736061));
#1748=CARTESIAN_POINT('Ctrl Pts',(142.296891618779,28.,165.996991865232));
#1749=CARTESIAN_POINT('Ctrl Pts',(142.296891618779,-17.,165.996991865232));
#1750=CARTESIAN_POINT('Ctrl Pts',(143.319031836817,28.,166.419903415526));
#1751=CARTESIAN_POINT('Ctrl Pts',(143.319031836817,-17.,166.419903415526));
#1752=CARTESIAN_POINT('Ctrl Pts',(144.793847460844,28.,167.068548615852));
#1753=CARTESIAN_POINT('Ctrl Pts',(144.793847460844,-17.,167.068548615852));
#1754=CARTESIAN_POINT('Ctrl Pts',(146.643385177119,28.,167.96198760496));
#1755=CARTESIAN_POINT('Ctrl Pts',(146.643385177119,-17.,167.96198760496));
#1756=CARTESIAN_POINT('Ctrl Pts',(148.760341633422,28.,169.126600417024));
#1757=CARTESIAN_POINT('Ctrl Pts',(148.760341633422,-17.,169.126600417024));
#1758=CARTESIAN_POINT('Ctrl Pts',(150.682801212106,28.,170.339345043999));
#1759=CARTESIAN_POINT('Ctrl Pts',(150.682801212106,-17.,170.339345043999));
#1760=CARTESIAN_POINT('Ctrl Pts',(152.412411503526,28.,171.600682428235));
#1761=CARTESIAN_POINT('Ctrl Pts',(152.412411503526,-17.,171.600682428235));
#1762=CARTESIAN_POINT('Ctrl Pts',(153.952587134278,28.,172.911223807205));
#1763=CARTESIAN_POINT('Ctrl Pts',(153.952587134278,-17.,172.911223807205));
#1764=CARTESIAN_POINT('Ctrl Pts',(155.309038834331,28.,174.271736976205));
#1765=CARTESIAN_POINT('Ctrl Pts',(155.309038834331,-17.,174.271736976205));
#1766=CARTESIAN_POINT('Ctrl Pts',(156.490478880819,28.,175.683150715952));
#1767=CARTESIAN_POINT('Ctrl Pts',(156.490478880819,-17.,175.683150715952));
#1768=CARTESIAN_POINT('Ctrl Pts',(157.508854784896,28.,177.146560530239));
#1769=CARTESIAN_POINT('Ctrl Pts',(157.508854784896,-17.,177.146560530239));
#1770=CARTESIAN_POINT('Ctrl Pts',(158.377602745905,28.,178.663251930981));
#1771=CARTESIAN_POINT('Ctrl Pts',(158.377602745905,-17.,178.663251930981));
#1772=CARTESIAN_POINT('Ctrl Pts',(159.110210923202,28.,180.234713004601));
#1773=CARTESIAN_POINT('Ctrl Pts',(159.110210923202,-17.,180.234713004601));
#1774=CARTESIAN_POINT('Ctrl Pts',(159.718653437498,28.,181.862663712441));
#1775=CARTESIAN_POINT('Ctrl Pts',(159.718653437498,-17.,181.862663712441));
#1776=CARTESIAN_POINT('Ctrl Pts',(160.211919794596,28.,183.549043787221));
#1777=CARTESIAN_POINT('Ctrl Pts',(160.211919794596,-17.,183.549043787221));
#1778=CARTESIAN_POINT('Ctrl Pts',(160.594397423227,28.,185.296103538334));
#1779=CARTESIAN_POINT('Ctrl Pts',(160.594397423227,-17.,185.296103538334));
#1780=CARTESIAN_POINT('Ctrl Pts',(160.866459646765,28.,187.104838885045));
#1781=CARTESIAN_POINT('Ctrl Pts',(160.866459646765,-17.,187.104838885045));
#1782=CARTESIAN_POINT('Ctrl Pts',(161.025206900811,28.,188.973375240746));
#1783=CARTESIAN_POINT('Ctrl Pts',(161.025206900811,-17.,188.973375240746));
#1784=CARTESIAN_POINT('Ctrl Pts',(161.0651156674,28.,190.89523649033));
#1785=CARTESIAN_POINT('Ctrl Pts',(161.0651156674,-17.,190.89523649033));
#1786=CARTESIAN_POINT('Ctrl Pts',(160.978790147064,28.,192.857924054066));
#1787=CARTESIAN_POINT('Ctrl Pts',(160.978790147064,-17.,192.857924054066));
#1788=CARTESIAN_POINT('Ctrl Pts',(160.757499821674,28.,194.840661057268));
#1789=CARTESIAN_POINT('Ctrl Pts',(160.757499821674,-17.,194.840661057268));
#1790=CARTESIAN_POINT('Ctrl Pts',(160.392437130832,28.,196.814979782881));
#1791=CARTESIAN_POINT('Ctrl Pts',(160.392437130832,-17.,196.814979782881));
#1792=CARTESIAN_POINT('Ctrl Pts',(159.876976173652,28.,198.749064140349));
#1793=CARTESIAN_POINT('Ctrl Pts',(159.876976173652,-17.,198.749064140349));
#1794=CARTESIAN_POINT('Ctrl Pts',(159.208593941408,28.,200.611054323159));
#1795=CARTESIAN_POINT('Ctrl Pts',(159.208593941408,-17.,200.611054323159));
#1796=CARTESIAN_POINT('Ctrl Pts',(158.391155955779,28.,202.372948692964));
#1797=CARTESIAN_POINT('Ctrl Pts',(158.391155955779,-17.,202.372948692964));
#1798=CARTESIAN_POINT('Ctrl Pts',(157.436588183714,28.,204.013849437933));
#1799=CARTESIAN_POINT('Ctrl Pts',(157.436588183714,-17.,204.013849437933));
#1800=CARTESIAN_POINT('Ctrl Pts',(156.368058556202,28.,205.524550912994));
#1801=CARTESIAN_POINT('Ctrl Pts',(156.368058556202,-17.,205.524550912994));
#1802=CARTESIAN_POINT('Ctrl Pts',(155.216959027134,28.,206.906784881118));
#1803=CARTESIAN_POINT('Ctrl Pts',(155.216959027134,-17.,206.906784881118));
#1804=CARTESIAN_POINT('Ctrl Pts',(154.016189501793,28.,208.169187166855));
#1805=CARTESIAN_POINT('Ctrl Pts',(154.016189501793,-17.,208.169187166855));
#1806=CARTESIAN_POINT('Ctrl Pts',(152.794248144547,28.,209.324200069655));
#1807=CARTESIAN_POINT('Ctrl Pts',(152.794248144547,-17.,209.324200069655));
#1808=CARTESIAN_POINT('Ctrl Pts',(151.569688188771,28.,210.384785734514));
#1809=CARTESIAN_POINT('Ctrl Pts',(151.569688188771,-17.,210.384785734514));
#1810=CARTESIAN_POINT('Ctrl Pts',(150.343690453068,28.,211.360805721731));
#1811=CARTESIAN_POINT('Ctrl Pts',(150.343690453068,-17.,211.360805721731));
#1812=CARTESIAN_POINT('Ctrl Pts',(149.099115817327,28.,212.256983492114));
#1813=CARTESIAN_POINT('Ctrl Pts',(149.099115817327,-17.,212.256983492114));
#1814=CARTESIAN_POINT('Ctrl Pts',(147.811711077801,28.,213.074088322883));
#1815=CARTESIAN_POINT('Ctrl Pts',(147.811711077801,-17.,213.074088322883));
#1816=CARTESIAN_POINT('Ctrl Pts',(146.459101741899,28.,213.80936046104));
#1817=CARTESIAN_POINT('Ctrl Pts',(146.459101741899,-17.,213.80936046104));
#1818=CARTESIAN_POINT('Ctrl Pts',(145.02967360782,28.,214.457320648761));
#1819=CARTESIAN_POINT('Ctrl Pts',(145.02967360782,-17.,214.457320648761));
#1820=CARTESIAN_POINT('Ctrl Pts',(143.534039783177,28.,215.010185380563));
#1821=CARTESIAN_POINT('Ctrl Pts',(143.534039783177,-17.,215.010185380563));
#1822=CARTESIAN_POINT('Ctrl Pts',(142.001751336758,28.,215.459667712778));
#1823=CARTESIAN_POINT('Ctrl Pts',(142.001751336758,-17.,215.459667712778));
#1824=CARTESIAN_POINT('Ctrl Pts',(140.471360817704,28.,215.799344003247));
#1825=CARTESIAN_POINT('Ctrl Pts',(140.471360817704,-17.,215.799344003247));
#1826=CARTESIAN_POINT('Ctrl Pts',(138.9826550435,28.,216.026853409745));
#1827=CARTESIAN_POINT('Ctrl Pts',(138.9826550435,-17.,216.026853409745));
#1828=CARTESIAN_POINT('Ctrl Pts',(137.56800386618,28.,216.146176496825));
#1829=CARTESIAN_POINT('Ctrl Pts',(137.56800386618,-17.,216.146176496825));
#1830=CARTESIAN_POINT('Ctrl Pts',(136.244053537148,28.,216.16992013876));
#1831=CARTESIAN_POINT('Ctrl Pts',(136.244053537148,-17.,216.16992013876));
#1832=CARTESIAN_POINT('Ctrl Pts',(135.016180370106,28.,216.115258564306));
#1833=CARTESIAN_POINT('Ctrl Pts',(135.016180370106,-17.,216.115258564306));
#1834=CARTESIAN_POINT('Ctrl Pts',(133.882930404591,28.,215.999960184377));
#1835=CARTESIAN_POINT('Ctrl Pts',(133.882930404591,-17.,215.999960184377));
#1836=CARTESIAN_POINT('Ctrl Pts',(132.840555905305,28.,215.838228758505));
#1837=CARTESIAN_POINT('Ctrl Pts',(132.840555905305,-17.,215.838228758505));
#1838=CARTESIAN_POINT('Ctrl Pts',(132.077823785967,28.,215.677305636584));
#1839=CARTESIAN_POINT('Ctrl Pts',(132.077823785967,-17.,215.677305636584));
#1840=CARTESIAN_POINT('Ctrl Pts',(131.545438309398,28.,215.539972302209));
#1841=CARTESIAN_POINT('Ctrl Pts',(131.545438309398,-17.,215.539972302209));
#1842=CARTESIAN_POINT('Ctrl Pts',(131.208130725691,28.,215.441024172651));
#1843=CARTESIAN_POINT('Ctrl Pts',(131.208130725691,-17.,215.441024172651));
#1844=CARTESIAN_POINT('Ctrl Pts',(131.043880837749,28.,215.389702109453));
#1845=CARTESIAN_POINT('Ctrl Pts',(131.043880837749,-17.,215.389702109453));
#1846=CARTESIAN_POINT('',(141.776089063373,-17.,165.787915736061));
#1847=CARTESIAN_POINT('',(141.776089063373,23.,165.787915736061));
#1848=CARTESIAN_POINT('',(131.043880837749,-17.,215.389702109453));
#1849=CARTESIAN_POINT('Ctrl Pts',(141.776089063373,-17.,165.787915736061));
#1850=CARTESIAN_POINT('Ctrl Pts',(142.296891618779,-17.,165.996991865232));
#1851=CARTESIAN_POINT('Ctrl Pts',(143.319031836817,-17.,166.419903415526));
#1852=CARTESIAN_POINT('Ctrl Pts',(144.793847460844,-17.,167.068548615852));
#1853=CARTESIAN_POINT('Ctrl Pts',(146.643385177119,-17.,167.96198760496));
#1854=CARTESIAN_POINT('Ctrl Pts',(148.760341633422,-17.,169.126600417024));
#1855=CARTESIAN_POINT('Ctrl Pts',(150.682801212106,-17.,170.339345043999));
#1856=CARTESIAN_POINT('Ctrl Pts',(152.412411503526,-17.,171.600682428235));
#1857=CARTESIAN_POINT('Ctrl Pts',(153.952587134278,-17.,172.911223807205));
#1858=CARTESIAN_POINT('Ctrl Pts',(155.309038834331,-17.,174.271736976205));
#1859=CARTESIAN_POINT('Ctrl Pts',(156.490478880819,-17.,175.683150715952));
#1860=CARTESIAN_POINT('Ctrl Pts',(157.508854784896,-17.,177.146560530239));
#1861=CARTESIAN_POINT('Ctrl Pts',(158.377602745905,-17.,178.663251930981));
#1862=CARTESIAN_POINT('Ctrl Pts',(159.110210923202,-17.,180.234713004601));
#1863=CARTESIAN_POINT('Ctrl Pts',(159.718653437498,-17.,181.862663712441));
#1864=CARTESIAN_POINT('Ctrl Pts',(160.211919794596,-17.,183.549043787221));
#1865=CARTESIAN_POINT('Ctrl Pts',(160.594397423227,-17.,185.296103538334));
#1866=CARTESIAN_POINT('Ctrl Pts',(160.866459646765,-17.,187.104838885045));
#1867=CARTESIAN_POINT('Ctrl Pts',(161.025206900811,-17.,188.973375240746));
#1868=CARTESIAN_POINT('Ctrl Pts',(161.0651156674,-17.,190.89523649033));
#1869=CARTESIAN_POINT('Ctrl Pts',(160.978790147064,-17.,192.857924054066));
#1870=CARTESIAN_POINT('Ctrl Pts',(160.757499821674,-17.,194.840661057268));
#1871=CARTESIAN_POINT('Ctrl Pts',(160.392437130832,-17.,196.814979782881));
#1872=CARTESIAN_POINT('Ctrl Pts',(159.876976173652,-17.,198.749064140349));
#1873=CARTESIAN_POINT('Ctrl Pts',(159.208593941408,-17.,200.611054323159));
#1874=CARTESIAN_POINT('Ctrl Pts',(158.391155955779,-17.,202.372948692964));
#1875=CARTESIAN_POINT('Ctrl Pts',(157.436588183714,-17.,204.013849437933));
#1876=CARTESIAN_POINT('Ctrl Pts',(156.368058556202,-17.,205.524550912994));
#1877=CARTESIAN_POINT('Ctrl Pts',(155.216959027134,-17.,206.906784881118));
#1878=CARTESIAN_POINT('Ctrl Pts',(154.016189501793,-17.,208.169187166855));
#1879=CARTESIAN_POINT('Ctrl Pts',(152.794248144547,-17.,209.324200069655));
#1880=CARTESIAN_POINT('Ctrl Pts',(151.569688188771,-17.,210.384785734514));
#1881=CARTESIAN_POINT('Ctrl Pts',(150.343690453068,-17.,211.360805721731));
#1882=CARTESIAN_POINT('Ctrl Pts',(149.099115817327,-17.,212.256983492114));
#1883=CARTESIAN_POINT('Ctrl Pts',(147.811711077801,-17.,213.074088322883));
#1884=CARTESIAN_POINT('Ctrl Pts',(146.459101741899,-17.,213.80936046104));
#1885=CARTESIAN_POINT('Ctrl Pts',(145.02967360782,-17.,214.457320648761));
#1886=CARTESIAN_POINT('Ctrl Pts',(143.534039783177,-17.,215.010185380563));
#1887=CARTESIAN_POINT('Ctrl Pts',(142.001751336758,-17.,215.459667712778));
#1888=CARTESIAN_POINT('Ctrl Pts',(140.471360817704,-17.,215.799344003247));
#1889=CARTESIAN_POINT('Ctrl Pts',(138.9826550435,-17.,216.026853409745));
#1890=CARTESIAN_POINT('Ctrl Pts',(137.56800386618,-17.,216.146176496825));
#1891=CARTESIAN_POINT('Ctrl Pts',(136.244053537148,-17.,216.16992013876));
#1892=CARTESIAN_POINT('Ctrl Pts',(135.016180370106,-17.,216.115258564306));
#1893=CARTESIAN_POINT('Ctrl Pts',(133.882930404591,-17.,215.999960184377));
#1894=CARTESIAN_POINT('Ctrl Pts',(132.840555905305,-17.,215.838228758505));
#1895=CARTESIAN_POINT('Ctrl Pts',(132.077823785967,-17.,215.677305636584));
#1896=CARTESIAN_POINT('Ctrl Pts',(131.545438309398,-17.,215.539972302209));
#1897=CARTESIAN_POINT('Ctrl Pts',(131.208130725691,-17.,215.441024172651));
#1898=CARTESIAN_POINT('Ctrl Pts',(131.043880837749,-17.,215.389702109453));
#1899=CARTESIAN_POINT('',(131.043880837749,23.,215.389702109453));
#1900=CARTESIAN_POINT('Origin',(135.614870823018,-23.,190.3476416895));
#1901=CARTESIAN_POINT('',(113.114870823018,-21.,190.3476416895));
#1902=CARTESIAN_POINT('Origin',(135.614870823018,-21.,190.3476416895));
#1903=CARTESIAN_POINT('',(113.114870823018,-17.,190.3476416895));
#1904=CARTESIAN_POINT('',(113.114870823018,-23.,190.3476416895));
#1905=CARTESIAN_POINT('Origin',(135.614870823018,-17.,190.3476416895));
#1906=CARTESIAN_POINT('Origin',(135.614870823018,-21.,190.3476416895));
#1907=CARTESIAN_POINT('Origin',(38.0000005662441,-17.,194.000002741814));
#1908=CARTESIAN_POINT('',(38.0000005662441,-17.,194.000002741814));
#1909=CARTESIAN_POINT('',(38.0000005662441,23.,194.000002741814));
#1910=CARTESIAN_POINT('',(16.3479674388228,-17.,190.102636778878));
#1911=CARTESIAN_POINT('',(38.0000005662441,-17.,194.000002741814));
#1912=CARTESIAN_POINT('',(16.3479674388228,-5.14300047193979,190.102636778878));
#1913=CARTESIAN_POINT('',(16.3479674388228,23.,190.102636778878));
#1914=CARTESIAN_POINT('',(17.3321507627965,-5.14300047193979,190.279789777193));
#1915=CARTESIAN_POINT('',(22.2906096998109,-5.14300047193979,191.172312385856));
#1916=CARTESIAN_POINT('Origin',(25.9988744441351,-5.14300047193979,193.365520155739));
#1917=CARTESIAN_POINT('Origin',(19.0056449635065,-5.14300047193979,186.627437904751));
#1918=CARTESIAN_POINT('',(17.0372783155591,-5.14300047193979,186.273131908121));
#1919=CARTESIAN_POINT('',(19.0056449635065,-5.14300047193979,186.627437904751));
#1920=CARTESIAN_POINT('',(17.0372783155591,11.7555464233583,186.273131908121));
#1921=CARTESIAN_POINT('',(17.0372783155591,13.1531364878546,186.273131908121));
#1922=CARTESIAN_POINT('',(19.0056449635065,11.7555464233583,186.627437904751));
#1923=CARTESIAN_POINT('Origin',(19.0056449635065,11.7555464233583,186.627437904751));
#1924=CARTESIAN_POINT('',(16.2538881838803,11.7555464233583,190.625299306337));
#1925=CARTESIAN_POINT('Origin',(18.3163340867702,-5.14300047193979,190.456942775508));
#1926=CARTESIAN_POINT('',(16.2149620044646,-5.14300047193979,190.841555858646));
#1927=CARTESIAN_POINT('Origin',(45.946992492003,23.,148.580523114832));
#1928=CARTESIAN_POINT('',(45.946992492003,-17.,148.580523114832));
#1929=CARTESIAN_POINT('',(45.946992492003,23.,148.580523114832));
#1930=CARTESIAN_POINT('',(108.871500155629,-17.,163.046131146808));
#1931=CARTESIAN_POINT('',(74.8343679145086,-17.,155.221392713182));
#1932=CARTESIAN_POINT('',(108.871500155629,3.,163.046131146808));
#1933=CARTESIAN_POINT('Origin',(47.0000007003546,23.,144.000001996756));
#1934=CARTESIAN_POINT('',(46.1476559846536,-17.,147.707649229877));
#1935=CARTESIAN_POINT('',(46.1476559846536,23.,147.707649229877));
#1936=CARTESIAN_POINT('',(44.3789039860826,-17.,155.401611933907));
#1937=CARTESIAN_POINT('Origin',(16.3479674388228,23.,190.102636778878));
#1938=CARTESIAN_POINT('',(24.6747861793353,-17.,143.84253266492));
#1939=CARTESIAN_POINT('',(16.3479674388228,-17.,190.102636778878));
#1940=CARTESIAN_POINT('',(24.6747861793349,23.,143.84253266492));
#1941=CARTESIAN_POINT('Origin',(46.3268193067566,23.,147.739898627856));
#1942=CARTESIAN_POINT('',(74.9145033678025,-17.,152.885681758844));
#1943=CARTESIAN_POINT('Origin',(131.043880837749,23.,215.389702109453));
#1944=CARTESIAN_POINT('',(38.0000005662441,-17.,194.000002741814));
#1945=CARTESIAN_POINT('Origin',(99.5325581168219,-17.,180.084961067758));
#1946=CARTESIAN_POINT('',(109.92450836398,-17.,158.465610028731));
#1947=CARTESIAN_POINT('',(47.0000007003546,-17.,144.000001996756));
#1948=CARTESIAN_POINT('',(98.5553025189292,-17.,207.920958102929));
#1949=CARTESIAN_POINT('Origin',(47.0000007003546,23.,144.000001996756));
#1950=CARTESIAN_POINT('',(109.92450836398,-17.,158.465610028731));
#1951=CARTESIAN_POINT('Origin',(104.239905441455,3.,183.19328406583));
#1952=CARTESIAN_POINT('Origin',(-32.5,-43.,151.7));
#1953=CARTESIAN_POINT('',(-36.5,-43.,151.7));
#1954=CARTESIAN_POINT('Origin',(-32.5,-43.,151.7));
#1955=CARTESIAN_POINT('',(-45.,-43.,151.7));
#1956=UNCERTAINTY_MEASURE_WITH_UNIT(LENGTH_MEASURE(0.01),#1960,
'DISTANCE_ACCURACY_VALUE',
'Maximum model space distance between geometric entities at asserted c
onnectivities');
#1957=UNCERTAINTY_MEASURE_WITH_UNIT(LENGTH_MEASURE(0.01),#1960,
'DISTANCE_ACCURACY_VALUE',
'Maximum model space distance between geometric entities at asserted c
onnectivities');
#1958=(
GEOMETRIC_REPRESENTATION_CONTEXT(3)
GLOBAL_UNCERTAINTY_ASSIGNED_CONTEXT((#1956))
GLOBAL_UNIT_ASSIGNED_CONTEXT((#1960,#1962,#1963))
REPRESENTATION_CONTEXT('','3D')
);
#1959=(
GEOMETRIC_REPRESENTATION_CONTEXT(3)
GLOBAL_UNCERTAINTY_ASSIGNED_CONTEXT((#1957))
GLOBAL_UNIT_ASSIGNED_CONTEXT((#1960,#1962,#1963))
REPRESENTATION_CONTEXT('','3D')
);
#1960=(
LENGTH_UNIT()
NAMED_UNIT(*)
SI_UNIT(.MILLI.,.METRE.)
);
#1961=(
LENGTH_UNIT()
NAMED_UNIT(*)
SI_UNIT($,.METRE.)
);
#1962=(
NAMED_UNIT(*)
PLANE_ANGLE_UNIT()
SI_UNIT($,.RADIAN.)
);
#1963=(
NAMED_UNIT(*)
SI_UNIT($,.STERADIAN.)
SOLID_ANGLE_UNIT()
);
#1964=SHAPE_DEFINITION_REPRESENTATION(#1965,#1966);
#1965=PRODUCT_DEFINITION_SHAPE('',$,#1968);
#1966=SHAPE_REPRESENTATION('',(#1016),#1958);
#1967=PRODUCT_DEFINITION_CONTEXT('part definition',#1972,'design');
#1968=PRODUCT_DEFINITION('Linkage1','Linkage1',#1969,#1967);
#1969=PRODUCT_DEFINITION_FORMATION('',$,#1974);
#1970=PRODUCT_RELATED_PRODUCT_CATEGORY('Linkage1','Linkage1',(#1974));
#1971=APPLICATION_PROTOCOL_DEFINITION('international standard',
'automotive_design',2009,#1972);
#1972=APPLICATION_CONTEXT(
'Core Data for Automotive Mechanical Design Process');
#1973=PRODUCT_CONTEXT('part definition',#1972,'mechanical');
#1974=PRODUCT('Linkage1','Linkage1',$,(#1973));
#1975=PRESENTATION_STYLE_ASSIGNMENT((#1976));
#1976=SURFACE_STYLE_USAGE(.BOTH.,#1977);
#1977=SURFACE_SIDE_STYLE('',(#1978));
#1978=SURFACE_STYLE_FILL_AREA(#1979);
#1979=FILL_AREA_STYLE('Steel - Satin',(#1980));
#1980=FILL_AREA_STYLE_COLOUR('Steel - Satin',#1981);
#1981=COLOUR_RGB('Steel - Satin',0.627450980392157,0.627450980392157,0.627450980392157);
ENDSEC;
END-ISO-10303-21;
