ISO-10303-21;
HEADER;
/* Generated by software containing ST-Developer
 * from STEP Tools, Inc. (www.steptools.com) 
 */

FILE_DESCRIPTION(
/* description */ (''),
/* implementation_level */ '2;1');

FILE_NAME(
/* name */ 'StepperMountJ5.step',
/* time_stamp */ '2026-08-05T16:39:21-05:00',
/* author */ (''),
/* organization */ (''),
/* preprocessor_version */ 'ST-DEVELOPER v20.1',
/* originating_system */ 'Autodesk Translation Framework v15.8.0.0',
/* authorisation */ '');

FILE_SCHEMA (('AUTOMOTIVE_DESIGN { 1 0 10303 214 3 1 1 }'));
ENDSEC;

DATA;
#10=MECHANICAL_DESIGN_GEOMETRIC_PRESENTATION_REPRESENTATION('',(#13),#2338);
#11=SHAPE_REPRESENTATION_RELATIONSHIP('SRR','None',#2345,#12);
#12=ADVANCED_BREP_SHAPE_REPRESENTATION('',(#14),#2337);
#13=STYLED_ITEM('',(#2354),#14);
#14=MANIFOLD_SOLID_BREP('Body1',#1354);
#15=FACE_BOUND('',#155,.T.);
#16=FACE_BOUND('',#156,.T.);
#17=FACE_BOUND('',#157,.T.);
#18=FACE_BOUND('',#158,.T.);
#19=FACE_BOUND('',#159,.T.);
#20=FACE_BOUND('',#160,.T.);
#21=FACE_BOUND('',#161,.T.);
#22=FACE_BOUND('',#181,.T.);
#23=FACE_BOUND('',#182,.T.);
#24=FACE_BOUND('',#183,.T.);
#25=FACE_BOUND('',#184,.T.);
#26=FACE_BOUND('',#199,.T.);
#27=FACE_BOUND('',#200,.T.);
#28=FACE_BOUND('',#201,.T.);
#29=FACE_BOUND('',#202,.T.);
#30=PLANE('',#1378);
#31=PLANE('',#1379);
#32=PLANE('',#1380);
#33=PLANE('',#1381);
#34=PLANE('',#1382);
#35=PLANE('',#1405);
#36=PLANE('',#1406);
#37=PLANE('',#1407);
#38=PLANE('',#1408);
#39=PLANE('',#1409);
#40=PLANE('',#1410);
#41=PLANE('',#1411);
#42=PLANE('',#1412);
#43=PLANE('',#1413);
#44=PLANE('',#1414);
#45=PLANE('',#1415);
#46=PLANE('',#1416);
#47=PLANE('',#1417);
#48=PLANE('',#1418);
#49=PLANE('',#1419);
#50=PLANE('',#1420);
#51=PLANE('',#1421);
#52=PLANE('',#1422);
#53=PLANE('',#1426);
#54=PLANE('',#1427);
#55=PLANE('',#1431);
#56=PLANE('',#1438);
#57=PLANE('',#1442);
#58=PLANE('',#1443);
#59=PLANE('',#1447);
#60=PLANE('',#1456);
#61=PLANE('',#1457);
#62=PLANE('',#1460);
#63=PLANE('',#1461);
#64=PLANE('',#1468);
#65=PLANE('',#1469);
#66=PLANE('',#1472);
#67=PLANE('',#1473);
#68=FACE_OUTER_BOUND('',#128,.T.);
#69=FACE_OUTER_BOUND('',#129,.T.);
#70=FACE_OUTER_BOUND('',#130,.T.);
#71=FACE_OUTER_BOUND('',#131,.T.);
#72=FACE_OUTER_BOUND('',#132,.T.);
#73=FACE_OUTER_BOUND('',#133,.T.);
#74=FACE_OUTER_BOUND('',#134,.T.);
#75=FACE_OUTER_BOUND('',#135,.T.);
#76=FACE_OUTER_BOUND('',#136,.T.);
#77=FACE_OUTER_BOUND('',#137,.T.);
#78=FACE_OUTER_BOUND('',#138,.T.);
#79=FACE_OUTER_BOUND('',#139,.T.);
#80=FACE_OUTER_BOUND('',#140,.T.);
#81=FACE_OUTER_BOUND('',#141,.T.);
#82=FACE_OUTER_BOUND('',#142,.T.);
#83=FACE_OUTER_BOUND('',#143,.T.);
#84=FACE_OUTER_BOUND('',#144,.T.);
#85=FACE_OUTER_BOUND('',#145,.T.);
#86=FACE_OUTER_BOUND('',#146,.T.);
#87=FACE_OUTER_BOUND('',#147,.T.);
#88=FACE_OUTER_BOUND('',#148,.T.);
#89=FACE_OUTER_BOUND('',#149,.T.);
#90=FACE_OUTER_BOUND('',#150,.T.);
#91=FACE_OUTER_BOUND('',#151,.T.);
#92=FACE_OUTER_BOUND('',#152,.T.);
#93=FACE_OUTER_BOUND('',#153,.T.);
#94=FACE_OUTER_BOUND('',#154,.T.);
#95=FACE_OUTER_BOUND('',#162,.T.);
#96=FACE_OUTER_BOUND('',#163,.T.);
#97=FACE_OUTER_BOUND('',#164,.T.);
#98=FACE_OUTER_BOUND('',#165,.T.);
#99=FACE_OUTER_BOUND('',#166,.T.);
#100=FACE_OUTER_BOUND('',#167,.T.);
#101=FACE_OUTER_BOUND('',#168,.T.);
#102=FACE_OUTER_BOUND('',#169,.T.);
#103=FACE_OUTER_BOUND('',#170,.T.);
#104=FACE_OUTER_BOUND('',#171,.T.);
#105=FACE_OUTER_BOUND('',#172,.T.);
#106=FACE_OUTER_BOUND('',#173,.T.);
#107=FACE_OUTER_BOUND('',#174,.T.);
#108=FACE_OUTER_BOUND('',#175,.T.);
#109=FACE_OUTER_BOUND('',#176,.T.);
#110=FACE_OUTER_BOUND('',#177,.T.);
#111=FACE_OUTER_BOUND('',#178,.T.);
#112=FACE_OUTER_BOUND('',#179,.T.);
#113=FACE_OUTER_BOUND('',#180,.T.);
#114=FACE_OUTER_BOUND('',#185,.T.);
#115=FACE_OUTER_BOUND('',#186,.T.);
#116=FACE_OUTER_BOUND('',#187,.T.);
#117=FACE_OUTER_BOUND('',#188,.T.);
#118=FACE_OUTER_BOUND('',#189,.T.);
#119=FACE_OUTER_BOUND('',#190,.T.);
#120=FACE_OUTER_BOUND('',#191,.T.);
#121=FACE_OUTER_BOUND('',#192,.T.);
#122=FACE_OUTER_BOUND('',#193,.T.);
#123=FACE_OUTER_BOUND('',#194,.T.);
#124=FACE_OUTER_BOUND('',#195,.T.);
#125=FACE_OUTER_BOUND('',#196,.T.);
#126=FACE_OUTER_BOUND('',#197,.T.);
#127=FACE_OUTER_BOUND('',#198,.T.);
#128=EDGE_LOOP('',(#874,#875,#876,#877,#878,#879,#880,#881,#882,#883,#884,
#885));
#129=EDGE_LOOP('',(#886,#887,#888,#889,#890,#891,#892,#893));
#130=EDGE_LOOP('',(#894,#895,#896,#897,#898,#899,#900,#901,#902));
#131=EDGE_LOOP('',(#903,#904,#905,#906,#907,#908));
#132=EDGE_LOOP('',(#909,#910,#911,#912,#913));
#133=EDGE_LOOP('',(#914,#915,#916,#917));
#134=EDGE_LOOP('',(#918,#919,#920,#921));
#135=EDGE_LOOP('',(#922,#923,#924,#925));
#136=EDGE_LOOP('',(#926,#927,#928,#929,#930));
#137=EDGE_LOOP('',(#931,#932,#933,#934,#935,#936));
#138=EDGE_LOOP('',(#937,#938,#939,#940,#941,#942));
#139=EDGE_LOOP('',(#943,#944,#945,#946,#947,#948,#949));
#140=EDGE_LOOP('',(#950,#951,#952,#953,#954,#955));
#141=EDGE_LOOP('',(#956,#957,#958,#959,#960,#961));
#142=EDGE_LOOP('',(#962,#963,#964,#965,#966,#967,#968));
#143=EDGE_LOOP('',(#969,#970,#971,#972));
#144=EDGE_LOOP('',(#973,#974,#975,#976));
#145=EDGE_LOOP('',(#977,#978,#979,#980));
#146=EDGE_LOOP('',(#981,#982,#983,#984));
#147=EDGE_LOOP('',(#985,#986,#987,#988));
#148=EDGE_LOOP('',(#989,#990,#991,#992));
#149=EDGE_LOOP('',(#993,#994,#995,#996));
#150=EDGE_LOOP('',(#997,#998,#999,#1000));
#151=EDGE_LOOP('',(#1001,#1002,#1003,#1004));
#152=EDGE_LOOP('',(#1005,#1006,#1007,#1008));
#153=EDGE_LOOP('',(#1009,#1010,#1011,#1012));
#154=EDGE_LOOP('',(#1013,#1014,#1015,#1016,#1017,#1018,#1019,#1020,#1021,
#1022,#1023,#1024,#1025,#1026,#1027,#1028));
#155=EDGE_LOOP('',(#1029));
#156=EDGE_LOOP('',(#1030));
#157=EDGE_LOOP('',(#1031));
#158=EDGE_LOOP('',(#1032));
#159=EDGE_LOOP('',(#1033));
#160=EDGE_LOOP('',(#1034));
#161=EDGE_LOOP('',(#1035));
#162=EDGE_LOOP('',(#1036,#1037,#1038,#1039,#1040,#1041,#1042,#1043));
#163=EDGE_LOOP('',(#1044,#1045,#1046,#1047));
#164=EDGE_LOOP('',(#1048,#1049,#1050,#1051,#1052,#1053,#1054,#1055));
#165=EDGE_LOOP('',(#1056,#1057,#1058,#1059,#1060,#1061,#1062,#1063,#1064,
#1065,#1066,#1067,#1068,#1069,#1070,#1071,#1072,#1073,#1074,#1075,#1076,
#1077,#1078,#1079));
#166=EDGE_LOOP('',(#1080,#1081,#1082,#1083));
#167=EDGE_LOOP('',(#1084,#1085,#1086,#1087));
#168=EDGE_LOOP('',(#1088,#1089,#1090,#1091));
#169=EDGE_LOOP('',(#1092,#1093,#1094,#1095));
#170=EDGE_LOOP('',(#1096,#1097,#1098,#1099));
#171=EDGE_LOOP('',(#1100,#1101,#1102,#1103));
#172=EDGE_LOOP('',(#1104,#1105,#1106,#1107));
#173=EDGE_LOOP('',(#1108,#1109,#1110,#1111));
#174=EDGE_LOOP('',(#1112,#1113,#1114,#1115));
#175=EDGE_LOOP('',(#1116,#1117,#1118,#1119));
#176=EDGE_LOOP('',(#1120,#1121,#1122,#1123));
#177=EDGE_LOOP('',(#1124,#1125,#1126,#1127));
#178=EDGE_LOOP('',(#1128,#1129,#1130,#1131));
#179=EDGE_LOOP('',(#1132,#1133,#1134,#1135));
#180=EDGE_LOOP('',(#1136,#1137,#1138,#1139,#1140,#1141,#1142,#1143,#1144,
#1145,#1146,#1147,#1148,#1149,#1150,#1151,#1152,#1153,#1154,#1155,#1156,
#1157,#1158,#1159,#1160,#1161,#1162,#1163,#1164,#1165,#1166,#1167,#1168,
#1169,#1170,#1171,#1172,#1173));
#181=EDGE_LOOP('',(#1174));
#182=EDGE_LOOP('',(#1175));
#183=EDGE_LOOP('',(#1176));
#184=EDGE_LOOP('',(#1177));
#185=EDGE_LOOP('',(#1178,#1179,#1180,#1181));
#186=EDGE_LOOP('',(#1182,#1183,#1184,#1185));
#187=EDGE_LOOP('',(#1186,#1187,#1188,#1189));
#188=EDGE_LOOP('',(#1190,#1191,#1192,#1193));
#189=EDGE_LOOP('',(#1194,#1195,#1196,#1197));
#190=EDGE_LOOP('',(#1198,#1199,#1200,#1201));
#191=EDGE_LOOP('',(#1202,#1203,#1204,#1205));
#192=EDGE_LOOP('',(#1206,#1207,#1208,#1209));
#193=EDGE_LOOP('',(#1210,#1211,#1212,#1213));
#194=EDGE_LOOP('',(#1214,#1215,#1216,#1217));
#195=EDGE_LOOP('',(#1218,#1219,#1220,#1221));
#196=EDGE_LOOP('',(#1222,#1223,#1224,#1225));
#197=EDGE_LOOP('',(#1226,#1227,#1228,#1229));
#198=EDGE_LOOP('',(#1230,#1231,#1232,#1233,#1234,#1235,#1236,#1237,#1238,
#1239,#1240,#1241,#1242,#1243,#1244,#1245,#1246,#1247,#1248,#1249,#1250,
#1251,#1252,#1253,#1254,#1255,#1256,#1257,#1258,#1259,#1260,#1261,#1262,
#1263,#1264,#1265,#1266,#1267));
#199=EDGE_LOOP('',(#1268));
#200=EDGE_LOOP('',(#1269));
#201=EDGE_LOOP('',(#1270));
#202=EDGE_LOOP('',(#1271));
#203=CIRCLE('',#1370,2.5);
#204=CIRCLE('',#1374,2.5);
#205=CIRCLE('',#1376,2.00000000000001);
#206=CIRCLE('',#1377,2.00000000000001);
#207=CIRCLE('',#1384,2.00000000000001);
#208=CIRCLE('',#1385,2.00000000000001);
#209=CIRCLE('',#1386,2.00000000000001);
#210=CIRCLE('',#1388,2.00000000000001);
#211=CIRCLE('',#1389,2.00000000000001);
#212=CIRCLE('',#1390,2.00000000000001);
#213=CIRCLE('',#1392,2.00000000000001);
#214=CIRCLE('',#1393,2.00000000000001);
#215=CIRCLE('',#1395,2.00000000000001);
#216=CIRCLE('',#1396,2.00000000000001);
#217=CIRCLE('',#1397,2.00000000000001);
#218=CIRCLE('',#1399,2.00000000000001);
#219=CIRCLE('',#1400,2.00000000000001);
#220=CIRCLE('',#1402,2.00000000000001);
#221=CIRCLE('',#1403,2.00000000000001);
#222=CIRCLE('',#1404,2.00000000000001);
#223=CIRCLE('',#1424,2.1);
#224=CIRCLE('',#1425,2.1);
#225=CIRCLE('',#1429,11.0052558883258);
#226=CIRCLE('',#1430,11.0052558883258);
#227=CIRCLE('',#1433,0.750000000000001);
#228=CIRCLE('',#1434,0.750000000000001);
#229=CIRCLE('',#1436,0.750000000000001);
#230=CIRCLE('',#1437,0.750000000000001);
#231=CIRCLE('',#1440,2.);
#232=CIRCLE('',#1441,2.);
#233=CIRCLE('',#1445,2.1);
#234=CIRCLE('',#1446,2.1);
#235=CIRCLE('',#1448,2.);
#236=CIRCLE('',#1449,2.1);
#237=CIRCLE('',#1450,2.1);
#238=CIRCLE('',#1451,11.0052558883258);
#239=CIRCLE('',#1452,0.750000000000001);
#240=CIRCLE('',#1453,0.750000000000001);
#241=CIRCLE('',#1455,2.1);
#242=CIRCLE('',#1459,2.);
#243=CIRCLE('',#1463,0.750000000000001);
#244=CIRCLE('',#1465,0.750000000000001);
#245=CIRCLE('',#1467,11.0052558883258);
#246=CIRCLE('',#1471,2.1);
#247=ELLIPSE('',#1369,3.53553391857109,2.5);
#248=ELLIPSE('',#1372,3.53553390593272,2.5);
#249=LINE('',#1851,#390);
#250=LINE('',#1873,#391);
#251=LINE('',#1877,#392);
#252=LINE('',#1896,#393);
#253=LINE('',#1912,#394);
#254=LINE('',#1927,#395);
#255=LINE('',#1940,#396);
#256=LINE('',#1960,#397);
#257=LINE('',#1963,#398);
#258=LINE('',#1981,#399);
#259=LINE('',#1998,#400);
#260=LINE('',#2002,#401);
#261=LINE('',#2006,#402);
#262=LINE('',#2008,#403);
#263=LINE('',#2010,#404);
#264=LINE('',#2011,#405);
#265=LINE('',#2014,#406);
#266=LINE('',#2015,#407);
#267=LINE('',#2018,#408);
#268=LINE('',#2019,#409);
#269=LINE('',#2022,#410);
#270=LINE('',#2023,#411);
#271=LINE('',#2026,#412);
#272=LINE('',#2028,#413);
#273=LINE('',#2029,#414);
#274=LINE('',#2034,#415);
#275=LINE('',#2041,#416);
#276=LINE('',#2047,#417);
#277=LINE('',#2053,#418);
#278=LINE('',#2059,#419);
#279=LINE('',#2065,#420);
#280=LINE('',#2071,#421);
#281=LINE('',#2073,#422);
#282=LINE('',#2075,#423);
#283=LINE('',#2076,#424);
#284=LINE('',#2079,#425);
#285=LINE('',#2081,#426);
#286=LINE('',#2082,#427);
#287=LINE('',#2086,#428);
#288=LINE('',#2088,#429);
#289=LINE('',#2090,#430);
#290=LINE('',#2091,#431);
#291=LINE('',#2095,#432);
#292=LINE('',#2097,#433);
#293=LINE('',#2099,#434);
#294=LINE('',#2100,#435);
#295=LINE('',#2102,#436);
#296=LINE('',#2103,#437);
#297=LINE('',#2107,#438);
#298=LINE('',#2109,#439);
#299=LINE('',#2111,#440);
#300=LINE('',#2112,#441);
#301=LINE('',#2116,#442);
#302=LINE('',#2118,#443);
#303=LINE('',#2120,#444);
#304=LINE('',#2121,#445);
#305=LINE('',#2125,#446);
#306=LINE('',#2127,#447);
#307=LINE('',#2129,#448);
#308=LINE('',#2130,#449);
#309=LINE('',#2134,#450);
#310=LINE('',#2135,#451);
#311=LINE('',#2136,#452);
#312=LINE('',#2140,#453);
#313=LINE('',#2142,#454);
#314=LINE('',#2144,#455);
#315=LINE('',#2145,#456);
#316=LINE('',#2149,#457);
#317=LINE('',#2150,#458);
#318=LINE('',#2151,#459);
#319=LINE('',#2154,#460);
#320=LINE('',#2156,#461);
#321=LINE('',#2158,#462);
#322=LINE('',#2160,#463);
#323=LINE('',#2162,#464);
#324=LINE('',#2163,#465);
#325=LINE('',#2165,#466);
#326=LINE('',#2166,#467);
#327=LINE('',#2167,#468);
#328=LINE('',#2169,#469);
#329=LINE('',#2171,#470);
#330=LINE('',#2172,#471);
#331=LINE('',#2173,#472);
#332=LINE('',#2176,#473);
#333=LINE('',#2177,#474);
#334=LINE('',#2179,#475);
#335=LINE('',#2180,#476);
#336=LINE('',#2181,#477);
#337=LINE('',#2185,#478);
#338=LINE('',#2187,#479);
#339=LINE('',#2188,#480);
#340=LINE('',#2191,#481);
#341=LINE('',#2193,#482);
#342=LINE('',#2194,#483);
#343=LINE('',#2199,#484);
#344=LINE('',#2203,#485);
#345=LINE('',#2205,#486);
#346=LINE('',#2206,#487);
#347=LINE('',#2209,#488);
#348=LINE('',#2211,#489);
#349=LINE('',#2212,#490);
#350=LINE('',#2218,#491);
#351=LINE('',#2220,#492);
#352=LINE('',#2221,#493);
#353=LINE('',#2226,#494);
#354=LINE('',#2232,#495);
#355=LINE('',#2236,#496);
#356=LINE('',#2238,#497);
#357=LINE('',#2239,#498);
#358=LINE('',#2244,#499);
#359=LINE('',#2248,#500);
#360=LINE('',#2250,#501);
#361=LINE('',#2251,#502);
#362=LINE('',#2254,#503);
#363=LINE('',#2256,#504);
#364=LINE('',#2257,#505);
#365=LINE('',#2263,#506);
#366=LINE('',#2265,#507);
#367=LINE('',#2269,#508);
#368=LINE('',#2271,#509);
#369=LINE('',#2274,#510);
#370=LINE('',#2278,#511);
#371=LINE('',#2280,#512);
#372=LINE('',#2288,#513);
#373=LINE('',#2292,#514);
#374=LINE('',#2293,#515);
#375=LINE('',#2296,#516);
#376=LINE('',#2297,#517);
#377=LINE('',#2300,#518);
#378=LINE('',#2304,#519);
#379=LINE('',#2305,#520);
#380=LINE('',#2307,#521);
#381=LINE('',#2310,#522);
#382=LINE('',#2314,#523);
#383=LINE('',#2318,#524);
#384=LINE('',#2322,#525);
#385=LINE('',#2323,#526);
#386=LINE('',#2326,#527);
#387=LINE('',#2327,#528);
#388=LINE('',#2330,#529);
#389=LINE('',#2333,#530);
#390=VECTOR('',#1478,10.);
#391=VECTOR('',#1481,10.);
#392=VECTOR('',#1484,10.);
#393=VECTOR('',#1485,10.);
#394=VECTOR('',#1488,10.);
#395=VECTOR('',#1491,10.);
#396=VECTOR('',#1492,10.);
#397=VECTOR('',#1495,10.);
#398=VECTOR('',#1498,10.);
#399=VECTOR('',#1499,10.);
#400=VECTOR('',#1500,10.);
#401=VECTOR('',#1505,2.00000000000001);
#402=VECTOR('',#1510,10.);
#403=VECTOR('',#1511,10.);
#404=VECTOR('',#1512,10.);
#405=VECTOR('',#1513,10.);
#406=VECTOR('',#1516,10.);
#407=VECTOR('',#1517,10.);
#408=VECTOR('',#1520,10.);
#409=VECTOR('',#1521,10.);
#410=VECTOR('',#1524,10.);
#411=VECTOR('',#1525,10.);
#412=VECTOR('',#1528,10.);
#413=VECTOR('',#1529,10.);
#414=VECTOR('',#1530,10.);
#415=VECTOR('',#1535,2.00000000000001);
#416=VECTOR('',#1544,2.00000000000001);
#417=VECTOR('',#1553,2.00000000000001);
#418=VECTOR('',#1560,2.00000000000001);
#419=VECTOR('',#1569,2.00000000000001);
#420=VECTOR('',#1576,2.00000000000001);
#421=VECTOR('',#1583,10.);
#422=VECTOR('',#1584,10.);
#423=VECTOR('',#1585,10.);
#424=VECTOR('',#1586,10.);
#425=VECTOR('',#1589,10.);
#426=VECTOR('',#1590,10.);
#427=VECTOR('',#1591,1000.);
#428=VECTOR('',#1594,10.);
#429=VECTOR('',#1595,10.);
#430=VECTOR('',#1596,10.);
#431=VECTOR('',#1597,10.);
#432=VECTOR('',#1600,10.);
#433=VECTOR('',#1601,10.);
#434=VECTOR('',#1602,10.);
#435=VECTOR('',#1603,10.);
#436=VECTOR('',#1606,10.);
#437=VECTOR('',#1607,10.);
#438=VECTOR('',#1610,10.);
#439=VECTOR('',#1611,10.);
#440=VECTOR('',#1612,10.);
#441=VECTOR('',#1613,10.);
#442=VECTOR('',#1616,10.);
#443=VECTOR('',#1617,10.);
#444=VECTOR('',#1618,10.);
#445=VECTOR('',#1619,10.);
#446=VECTOR('',#1622,10.);
#447=VECTOR('',#1623,10.);
#448=VECTOR('',#1624,10.);
#449=VECTOR('',#1625,10.);
#450=VECTOR('',#1628,10.);
#451=VECTOR('',#1629,10.);
#452=VECTOR('',#1630,10.);
#453=VECTOR('',#1633,10.);
#454=VECTOR('',#1634,10.);
#455=VECTOR('',#1635,10.);
#456=VECTOR('',#1636,10.);
#457=VECTOR('',#1639,10.);
#458=VECTOR('',#1640,10.);
#459=VECTOR('',#1641,10.);
#460=VECTOR('',#1644,10.);
#461=VECTOR('',#1645,10.);
#462=VECTOR('',#1646,10.);
#463=VECTOR('',#1647,10.);
#464=VECTOR('',#1648,10.);
#465=VECTOR('',#1649,10.);
#466=VECTOR('',#1650,10.);
#467=VECTOR('',#1651,10.);
#468=VECTOR('',#1652,10.);
#469=VECTOR('',#1655,10.);
#470=VECTOR('',#1656,10.);
#471=VECTOR('',#1657,10.);
#472=VECTOR('',#1658,10.);
#473=VECTOR('',#1661,10.);
#474=VECTOR('',#1662,10.);
#475=VECTOR('',#1665,10.);
#476=VECTOR('',#1666,10.);
#477=VECTOR('',#1667,10.);
#478=VECTOR('',#1672,1000.);
#479=VECTOR('',#1673,10.);
#480=VECTOR('',#1674,10.);
#481=VECTOR('',#1677,10.);
#482=VECTOR('',#1678,10.);
#483=VECTOR('',#1679,1000.);
#484=VECTOR('',#1684,10.);
#485=VECTOR('',#1689,10.);
#486=VECTOR('',#1690,10.);
#487=VECTOR('',#1691,1000.);
#488=VECTOR('',#1694,10.);
#489=VECTOR('',#1695,10.);
#490=VECTOR('',#1696,1000.);
#491=VECTOR('',#1705,10.);
#492=VECTOR('',#1706,10.);
#493=VECTOR('',#1707,1000.);
#494=VECTOR('',#1712,0.750000000000001);
#495=VECTOR('',#1719,0.750000000000001);
#496=VECTOR('',#1724,10.);
#497=VECTOR('',#1725,10.);
#498=VECTOR('',#1726,1000.);
#499=VECTOR('',#1731,10.);
#500=VECTOR('',#1736,10.);
#501=VECTOR('',#1737,10.);
#502=VECTOR('',#1738,1000.);
#503=VECTOR('',#1741,10.);
#504=VECTOR('',#1742,10.);
#505=VECTOR('',#1743,1000.);
#506=VECTOR('',#1752,10.);
#507=VECTOR('',#1753,10.);
#508=VECTOR('',#1756,10.);
#509=VECTOR('',#1757,10.);
#510=VECTOR('',#1760,10.);
#511=VECTOR('',#1763,10.);
#512=VECTOR('',#1764,10.);
#513=VECTOR('',#1773,10.);
#514=VECTOR('',#1778,10.);
#515=VECTOR('',#1779,1000.);
#516=VECTOR('',#1782,10.);
#517=VECTOR('',#1783,1000.);
#518=VECTOR('',#1786,10.);
#519=VECTOR('',#1791,10.);
#520=VECTOR('',#1792,1000.);
#521=VECTOR('',#1795,1000.);
#522=VECTOR('',#1798,0.750000000000001);
#523=VECTOR('',#1803,0.750000000000001);
#524=VECTOR('',#1808,10.);
#525=VECTOR('',#1813,10.);
#526=VECTOR('',#1814,1000.);
#527=VECTOR('',#1817,10.);
#528=VECTOR('',#1818,1000.);
#529=VECTOR('',#1821,10.);
#530=VECTOR('',#1826,1000.);
#531=B_SPLINE_CURVE_WITH_KNOTS('',3,(#1833,#1834,#1835,#1836,#1837,#1838,
#1839,#1840),.UNSPECIFIED.,.F.,.F.,(4,2,2,4),(2.200345507686,2.24658050816897,
2.32424102382184,2.40190153947471),.UNSPECIFIED.);
#532=B_SPLINE_CURVE_WITH_KNOTS('',3,(#1842,#1843,#1844,#1845,#1846,#1847,
#1848,#1849),.UNSPECIFIED.,.F.,.F.,(4,2,2,4),(2.40190153947471,2.47956205512759,
2.55722257078046,2.60345757126344),.UNSPECIFIED.);
#533=B_SPLINE_CURVE_WITH_KNOTS('',3,(#1853,#1854,#1855,#1856,#1857,#1858,
#1859,#1860),.UNSPECIFIED.,.F.,.F.,(4,2,2,4),(2.20034550768425,2.24658050816686,
2.32424102381971,2.40190153947257),.UNSPECIFIED.);
#534=B_SPLINE_CURVE_WITH_KNOTS('',3,(#1862,#1863,#1864,#1865,#1866,#1867,
#1868,#1869),.UNSPECIFIED.,.F.,.F.,(4,2,2,4),(2.40190153947257,2.47956205512542,
2.55722257077827,2.58799011516466),.UNSPECIFIED.);
#535=B_SPLINE_CURVE_WITH_KNOTS('',3,(#1879,#1880,#1881,#1882,#1883,#1884,
#1885,#1886),.UNSPECIFIED.,.F.,.F.,(4,2,2,4),(2.20034550768618,2.24658050816919,
2.32424102382207,2.40190153947495),.UNSPECIFIED.);
#536=B_SPLINE_CURVE_WITH_KNOTS('',3,(#1888,#1889,#1890,#1891,#1892,#1893,
#1894,#1895),.UNSPECIFIED.,.F.,.F.,(4,2,2,4),(2.40190153947495,2.47956205512782,
2.5572225707807,2.60345757126371),.UNSPECIFIED.);
#537=B_SPLINE_CURVE_WITH_KNOTS('',3,(#1900,#1901,#1902,#1903,#1904,#1905,
#1906,#1907,#1908,#1909,#1910),.UNSPECIFIED.,.F.,.F.,(4,2,3,2,4),(2.00941957533643,
2.07384702481753,2.1479237434713,2.22200046212507,2.28642791160616),
 .UNSPECIFIED.);
#538=B_SPLINE_CURVE_WITH_KNOTS('',3,(#1914,#1915,#1916,#1917,#1918,#1919,
#1920,#1921,#1922,#1923,#1924),.UNSPECIFIED.,.F.,.F.,(4,2,3,2,4),(2.00941957533638,
2.07384702481746,2.14792374347122,2.22200046212498,2.26409007750084),
 .UNSPECIFIED.);
#539=B_SPLINE_CURVE_WITH_KNOTS('',3,(#1929,#1930,#1931,#1932,#1933,#1934,
#1935,#1936,#1937,#1938,#1939),.UNSPECIFIED.,.F.,.F.,(4,2,3,2,4),(2.0317574086334,
2.07384702481758,2.14792374347135,2.22200046212512,2.28642791160623),
 .UNSPECIFIED.);
#540=B_SPLINE_CURVE_WITH_KNOTS('',3,(#1944,#1945,#1946,#1947,#1948,#1949,
#1950,#1951,#1952,#1953,#1954,#1955,#1956,#1957,#1958),.UNSPECIFIED.,.F.,
 .F.,(4,2,2,3,2,2,4),(2.20034550768087,2.24658050816278,2.3242410238156,
2.40190153946841,2.47956205512122,2.55722257077404,2.60345757125595),
 .UNSPECIFIED.);
#541=B_SPLINE_CURVE_WITH_KNOTS('',3,(#1965,#1966,#1967,#1968,#1969,#1970,
#1971,#1972,#1973,#1974,#1975,#1976,#1977,#1978,#1979),.UNSPECIFIED.,.F.,
 .F.,(4,2,2,3,2,2,4),(2.21581296431469,2.24658050816106,2.32424102381385,
2.40190153946665,2.47956205511945,2.55722257077225,2.60345757125387),
 .UNSPECIFIED.);
#542=B_SPLINE_CURVE_WITH_KNOTS('',3,(#1983,#1984,#1985,#1986,#1987,#1988,
#1989,#1990,#1991,#1992,#1993,#1994,#1995,#1996,#1997),.UNSPECIFIED.,.F.,
 .F.,(4,2,2,3,2,2,4),(2.20034550767927,2.24658050816086,2.32424102381365,
2.40190153946645,2.47956205511924,2.55722257077203,2.60345757125362),
 .UNSPECIFIED.);
#543=VERTEX_POINT('',#1831);
#544=VERTEX_POINT('',#1832);
#545=VERTEX_POINT('',#1841);
#546=VERTEX_POINT('',#1850);
#547=VERTEX_POINT('',#1852);
#548=VERTEX_POINT('',#1861);
#549=VERTEX_POINT('',#1870);
#550=VERTEX_POINT('',#1872);
#551=VERTEX_POINT('',#1874);
#552=VERTEX_POINT('',#1876);
#553=VERTEX_POINT('',#1878);
#554=VERTEX_POINT('',#1887);
#555=VERTEX_POINT('',#1898);
#556=VERTEX_POINT('',#1899);
#557=VERTEX_POINT('',#1911);
#558=VERTEX_POINT('',#1913);
#559=VERTEX_POINT('',#1925);
#560=VERTEX_POINT('',#1928);
#561=VERTEX_POINT('',#1942);
#562=VERTEX_POINT('',#1943);
#563=VERTEX_POINT('',#1959);
#564=VERTEX_POINT('',#1961);
#565=VERTEX_POINT('',#1964);
#566=VERTEX_POINT('',#1980);
#567=VERTEX_POINT('',#1982);
#568=VERTEX_POINT('',#2001);
#569=VERTEX_POINT('',#2005);
#570=VERTEX_POINT('',#2007);
#571=VERTEX_POINT('',#2009);
#572=VERTEX_POINT('',#2013);
#573=VERTEX_POINT('',#2017);
#574=VERTEX_POINT('',#2021);
#575=VERTEX_POINT('',#2025);
#576=VERTEX_POINT('',#2027);
#577=VERTEX_POINT('',#2031);
#578=VERTEX_POINT('',#2033);
#579=VERTEX_POINT('',#2038);
#580=VERTEX_POINT('',#2040);
#581=VERTEX_POINT('',#2046);
#582=VERTEX_POINT('',#2050);
#583=VERTEX_POINT('',#2052);
#584=VERTEX_POINT('',#2058);
#585=VERTEX_POINT('',#2062);
#586=VERTEX_POINT('',#2064);
#587=VERTEX_POINT('',#2069);
#588=VERTEX_POINT('',#2070);
#589=VERTEX_POINT('',#2072);
#590=VERTEX_POINT('',#2074);
#591=VERTEX_POINT('',#2078);
#592=VERTEX_POINT('',#2080);
#593=VERTEX_POINT('',#2084);
#594=VERTEX_POINT('',#2085);
#595=VERTEX_POINT('',#2087);
#596=VERTEX_POINT('',#2089);
#597=VERTEX_POINT('',#2093);
#598=VERTEX_POINT('',#2094);
#599=VERTEX_POINT('',#2096);
#600=VERTEX_POINT('',#2098);
#601=VERTEX_POINT('',#2105);
#602=VERTEX_POINT('',#2106);
#603=VERTEX_POINT('',#2108);
#604=VERTEX_POINT('',#2110);
#605=VERTEX_POINT('',#2114);
#606=VERTEX_POINT('',#2115);
#607=VERTEX_POINT('',#2117);
#608=VERTEX_POINT('',#2119);
#609=VERTEX_POINT('',#2123);
#610=VERTEX_POINT('',#2124);
#611=VERTEX_POINT('',#2126);
#612=VERTEX_POINT('',#2128);
#613=VERTEX_POINT('',#2132);
#614=VERTEX_POINT('',#2133);
#615=VERTEX_POINT('',#2138);
#616=VERTEX_POINT('',#2139);
#617=VERTEX_POINT('',#2141);
#618=VERTEX_POINT('',#2143);
#619=VERTEX_POINT('',#2147);
#620=VERTEX_POINT('',#2148);
#621=VERTEX_POINT('',#2153);
#622=VERTEX_POINT('',#2155);
#623=VERTEX_POINT('',#2157);
#624=VERTEX_POINT('',#2159);
#625=VERTEX_POINT('',#2161);
#626=VERTEX_POINT('',#2164);
#627=VERTEX_POINT('',#2170);
#628=VERTEX_POINT('',#2175);
#629=VERTEX_POINT('',#2184);
#630=VERTEX_POINT('',#2186);
#631=VERTEX_POINT('',#2190);
#632=VERTEX_POINT('',#2192);
#633=VERTEX_POINT('',#2196);
#634=VERTEX_POINT('',#2198);
#635=VERTEX_POINT('',#2202);
#636=VERTEX_POINT('',#2204);
#637=VERTEX_POINT('',#2208);
#638=VERTEX_POINT('',#2210);
#639=VERTEX_POINT('',#2217);
#640=VERTEX_POINT('',#2219);
#641=VERTEX_POINT('',#2223);
#642=VERTEX_POINT('',#2225);
#643=VERTEX_POINT('',#2229);
#644=VERTEX_POINT('',#2231);
#645=VERTEX_POINT('',#2235);
#646=VERTEX_POINT('',#2237);
#647=VERTEX_POINT('',#2241);
#648=VERTEX_POINT('',#2243);
#649=VERTEX_POINT('',#2247);
#650=VERTEX_POINT('',#2249);
#651=VERTEX_POINT('',#2253);
#652=VERTEX_POINT('',#2255);
#653=VERTEX_POINT('',#2262);
#654=VERTEX_POINT('',#2264);
#655=VERTEX_POINT('',#2266);
#656=VERTEX_POINT('',#2268);
#657=VERTEX_POINT('',#2270);
#658=VERTEX_POINT('',#2273);
#659=VERTEX_POINT('',#2275);
#660=VERTEX_POINT('',#2277);
#661=VERTEX_POINT('',#2279);
#662=VERTEX_POINT('',#2282);
#663=VERTEX_POINT('',#2284);
#664=VERTEX_POINT('',#2287);
#665=VERTEX_POINT('',#2291);
#666=VERTEX_POINT('',#2295);
#667=VERTEX_POINT('',#2299);
#668=VERTEX_POINT('',#2303);
#669=VERTEX_POINT('',#2309);
#670=VERTEX_POINT('',#2313);
#671=VERTEX_POINT('',#2317);
#672=VERTEX_POINT('',#2321);
#673=VERTEX_POINT('',#2325);
#674=VERTEX_POINT('',#2329);
#675=EDGE_CURVE('',#543,#544,#531,.T.);
#676=EDGE_CURVE('',#544,#545,#532,.T.);
#677=EDGE_CURVE('',#545,#546,#249,.T.);
#678=EDGE_CURVE('',#546,#547,#533,.T.);
#679=EDGE_CURVE('',#547,#548,#534,.T.);
#680=EDGE_CURVE('',#548,#549,#247,.T.);
#681=EDGE_CURVE('',#549,#550,#250,.T.);
#682=EDGE_CURVE('',#550,#551,#203,.T.);
#683=EDGE_CURVE('',#551,#552,#251,.T.);
#684=EDGE_CURVE('',#552,#553,#535,.T.);
#685=EDGE_CURVE('',#553,#554,#536,.T.);
#686=EDGE_CURVE('',#554,#543,#252,.T.);
#687=EDGE_CURVE('',#555,#556,#537,.T.);
#688=EDGE_CURVE('',#556,#557,#253,.T.);
#689=EDGE_CURVE('',#557,#558,#538,.T.);
#690=EDGE_CURVE('',#558,#559,#248,.T.);
#691=EDGE_CURVE('',#559,#549,#254,.T.);
#692=EDGE_CURVE('',#548,#560,#539,.T.);
#693=EDGE_CURVE('',#560,#555,#255,.T.);
#694=EDGE_CURVE('',#561,#562,#540,.T.);
#695=EDGE_CURVE('',#562,#563,#256,.T.);
#696=EDGE_CURVE('',#563,#564,#204,.T.);
#697=EDGE_CURVE('',#564,#559,#257,.T.);
#698=EDGE_CURVE('',#558,#565,#541,.T.);
#699=EDGE_CURVE('',#565,#566,#258,.T.);
#700=EDGE_CURVE('',#566,#567,#542,.T.);
#701=EDGE_CURVE('',#567,#561,#259,.T.);
#702=EDGE_CURVE('',#554,#552,#205,.T.);
#703=EDGE_CURVE('',#553,#568,#260,.T.);
#704=EDGE_CURVE('',#568,#568,#206,.T.);
#705=EDGE_CURVE('',#569,#550,#261,.T.);
#706=EDGE_CURVE('',#569,#570,#262,.T.);
#707=EDGE_CURVE('',#570,#571,#263,.T.);
#708=EDGE_CURVE('',#551,#571,#264,.T.);
#709=EDGE_CURVE('',#572,#549,#265,.T.);
#710=EDGE_CURVE('',#569,#572,#266,.T.);
#711=EDGE_CURVE('',#573,#559,#267,.T.);
#712=EDGE_CURVE('',#572,#573,#268,.T.);
#713=EDGE_CURVE('',#574,#564,#269,.T.);
#714=EDGE_CURVE('',#574,#573,#270,.T.);
#715=EDGE_CURVE('',#575,#563,#271,.T.);
#716=EDGE_CURVE('',#576,#575,#272,.T.);
#717=EDGE_CURVE('',#576,#574,#273,.T.);
#718=EDGE_CURVE('',#577,#561,#207,.T.);
#719=EDGE_CURVE('',#577,#578,#274,.T.);
#720=EDGE_CURVE('',#578,#578,#208,.T.);
#721=EDGE_CURVE('',#562,#577,#209,.T.);
#722=EDGE_CURVE('',#579,#566,#210,.T.);
#723=EDGE_CURVE('',#579,#580,#275,.T.);
#724=EDGE_CURVE('',#580,#580,#211,.T.);
#725=EDGE_CURVE('',#567,#579,#212,.T.);
#726=EDGE_CURVE('',#560,#546,#213,.T.);
#727=EDGE_CURVE('',#547,#581,#276,.T.);
#728=EDGE_CURVE('',#581,#581,#214,.T.);
#729=EDGE_CURVE('',#582,#555,#215,.T.);
#730=EDGE_CURVE('',#582,#583,#277,.T.);
#731=EDGE_CURVE('',#583,#583,#216,.T.);
#732=EDGE_CURVE('',#556,#582,#217,.T.);
#733=EDGE_CURVE('',#545,#543,#218,.T.);
#734=EDGE_CURVE('',#544,#584,#278,.T.);
#735=EDGE_CURVE('',#584,#584,#219,.T.);
#736=EDGE_CURVE('',#585,#557,#220,.T.);
#737=EDGE_CURVE('',#585,#586,#279,.T.);
#738=EDGE_CURVE('',#586,#586,#221,.T.);
#739=EDGE_CURVE('',#565,#585,#222,.T.);
#740=EDGE_CURVE('',#587,#588,#280,.T.);
#741=EDGE_CURVE('',#587,#589,#281,.T.);
#742=EDGE_CURVE('',#590,#589,#282,.T.);
#743=EDGE_CURVE('',#590,#588,#283,.T.);
#744=EDGE_CURVE('',#588,#591,#284,.T.);
#745=EDGE_CURVE('',#592,#591,#285,.T.);
#746=EDGE_CURVE('',#587,#592,#286,.T.);
#747=EDGE_CURVE('',#593,#594,#287,.T.);
#748=EDGE_CURVE('',#593,#595,#288,.T.);
#749=EDGE_CURVE('',#596,#595,#289,.T.);
#750=EDGE_CURVE('',#594,#596,#290,.T.);
#751=EDGE_CURVE('',#597,#598,#291,.T.);
#752=EDGE_CURVE('',#598,#599,#292,.T.);
#753=EDGE_CURVE('',#600,#599,#293,.T.);
#754=EDGE_CURVE('',#597,#600,#294,.T.);
#755=EDGE_CURVE('',#599,#596,#295,.T.);
#756=EDGE_CURVE('',#595,#600,#296,.T.);
#757=EDGE_CURVE('',#601,#602,#297,.T.);
#758=EDGE_CURVE('',#601,#603,#298,.T.);
#759=EDGE_CURVE('',#604,#603,#299,.T.);
#760=EDGE_CURVE('',#602,#604,#300,.T.);
#761=EDGE_CURVE('',#605,#606,#301,.T.);
#762=EDGE_CURVE('',#607,#605,#302,.T.);
#763=EDGE_CURVE('',#608,#607,#303,.T.);
#764=EDGE_CURVE('',#608,#606,#304,.T.);
#765=EDGE_CURVE('',#609,#610,#305,.T.);
#766=EDGE_CURVE('',#611,#610,#306,.T.);
#767=EDGE_CURVE('',#612,#611,#307,.T.);
#768=EDGE_CURVE('',#609,#612,#308,.T.);
#769=EDGE_CURVE('',#613,#614,#309,.T.);
#770=EDGE_CURVE('',#613,#608,#310,.T.);
#771=EDGE_CURVE('',#607,#614,#311,.T.);
#772=EDGE_CURVE('',#615,#616,#312,.T.);
#773=EDGE_CURVE('',#617,#615,#313,.T.);
#774=EDGE_CURVE('',#618,#617,#314,.T.);
#775=EDGE_CURVE('',#616,#618,#315,.T.);
#776=EDGE_CURVE('',#619,#620,#316,.T.);
#777=EDGE_CURVE('',#619,#604,#317,.T.);
#778=EDGE_CURVE('',#603,#620,#318,.T.);
#779=EDGE_CURVE('',#621,#619,#319,.T.);
#780=EDGE_CURVE('',#620,#622,#320,.T.);
#781=EDGE_CURVE('',#622,#623,#321,.T.);
#782=EDGE_CURVE('',#623,#624,#322,.T.);
#783=EDGE_CURVE('',#624,#625,#323,.T.);
#784=EDGE_CURVE('',#625,#613,#324,.T.);
#785=EDGE_CURVE('',#614,#626,#325,.T.);
#786=EDGE_CURVE('',#626,#570,#326,.T.);
#787=EDGE_CURVE('',#576,#621,#327,.T.);
#788=EDGE_CURVE('',#611,#621,#328,.T.);
#789=EDGE_CURVE('',#627,#575,#329,.T.);
#790=EDGE_CURVE('',#623,#627,#330,.T.);
#791=EDGE_CURVE('',#622,#612,#331,.T.);
#792=EDGE_CURVE('',#628,#627,#332,.T.);
#793=EDGE_CURVE('',#624,#628,#333,.T.);
#794=EDGE_CURVE('',#617,#625,#334,.T.);
#795=EDGE_CURVE('',#571,#628,#335,.T.);
#796=EDGE_CURVE('',#626,#618,#336,.T.);
#797=EDGE_CURVE('',#589,#629,#337,.T.);
#798=EDGE_CURVE('',#629,#630,#338,.T.);
#799=EDGE_CURVE('',#630,#590,#339,.T.);
#800=EDGE_CURVE('',#602,#631,#340,.T.);
#801=EDGE_CURVE('',#632,#631,#341,.T.);
#802=EDGE_CURVE('',#601,#632,#342,.T.);
#803=EDGE_CURVE('',#631,#633,#223,.T.);
#804=EDGE_CURVE('',#634,#633,#343,.T.);
#805=EDGE_CURVE('',#632,#634,#224,.T.);
#806=EDGE_CURVE('',#633,#635,#344,.T.);
#807=EDGE_CURVE('',#636,#635,#345,.T.);
#808=EDGE_CURVE('',#634,#636,#346,.T.);
#809=EDGE_CURVE('',#635,#637,#347,.T.);
#810=EDGE_CURVE('',#638,#637,#348,.T.);
#811=EDGE_CURVE('',#636,#638,#349,.T.);
#812=EDGE_CURVE('',#637,#630,#225,.T.);
#813=EDGE_CURVE('',#638,#629,#226,.T.);
#814=EDGE_CURVE('',#594,#639,#350,.T.);
#815=EDGE_CURVE('',#640,#639,#351,.T.);
#816=EDGE_CURVE('',#593,#640,#352,.T.);
#817=EDGE_CURVE('',#641,#641,#227,.T.);
#818=EDGE_CURVE('',#641,#642,#353,.T.);
#819=EDGE_CURVE('',#642,#642,#228,.T.);
#820=EDGE_CURVE('',#643,#643,#229,.T.);
#821=EDGE_CURVE('',#643,#644,#354,.T.);
#822=EDGE_CURVE('',#644,#644,#230,.T.);
#823=EDGE_CURVE('',#639,#645,#355,.T.);
#824=EDGE_CURVE('',#646,#645,#356,.T.);
#825=EDGE_CURVE('',#646,#640,#357,.T.);
#826=EDGE_CURVE('',#645,#647,#231,.T.);
#827=EDGE_CURVE('',#648,#647,#358,.T.);
#828=EDGE_CURVE('',#648,#646,#232,.T.);
#829=EDGE_CURVE('',#647,#649,#359,.T.);
#830=EDGE_CURVE('',#650,#649,#360,.T.);
#831=EDGE_CURVE('',#650,#648,#361,.T.);
#832=EDGE_CURVE('',#649,#651,#362,.T.);
#833=EDGE_CURVE('',#652,#651,#363,.T.);
#834=EDGE_CURVE('',#650,#652,#364,.T.);
#835=EDGE_CURVE('',#651,#610,#233,.T.);
#836=EDGE_CURVE('',#652,#609,#234,.T.);
#837=EDGE_CURVE('',#653,#598,#365,.T.);
#838=EDGE_CURVE('',#654,#653,#366,.T.);
#839=EDGE_CURVE('',#655,#654,#235,.T.);
#840=EDGE_CURVE('',#656,#655,#367,.T.);
#841=EDGE_CURVE('',#657,#656,#368,.T.);
#842=EDGE_CURVE('',#616,#657,#236,.T.);
#843=EDGE_CURVE('',#658,#605,#369,.T.);
#844=EDGE_CURVE('',#659,#658,#237,.T.);
#845=EDGE_CURVE('',#660,#659,#370,.T.);
#846=EDGE_CURVE('',#661,#660,#371,.T.);
#847=EDGE_CURVE('',#591,#661,#238,.T.);
#848=EDGE_CURVE('',#662,#662,#239,.T.);
#849=EDGE_CURVE('',#663,#663,#240,.T.);
#850=EDGE_CURVE('',#664,#657,#372,.T.);
#851=EDGE_CURVE('',#664,#615,#241,.T.);
#852=EDGE_CURVE('',#665,#656,#373,.T.);
#853=EDGE_CURVE('',#665,#664,#374,.T.);
#854=EDGE_CURVE('',#666,#655,#375,.T.);
#855=EDGE_CURVE('',#665,#666,#376,.T.);
#856=EDGE_CURVE('',#667,#654,#377,.T.);
#857=EDGE_CURVE('',#666,#667,#242,.T.);
#858=EDGE_CURVE('',#668,#653,#378,.T.);
#859=EDGE_CURVE('',#667,#668,#379,.T.);
#860=EDGE_CURVE('',#597,#668,#380,.T.);
#861=EDGE_CURVE('',#662,#669,#381,.T.);
#862=EDGE_CURVE('',#669,#669,#243,.T.);
#863=EDGE_CURVE('',#663,#670,#382,.T.);
#864=EDGE_CURVE('',#670,#670,#244,.T.);
#865=EDGE_CURVE('',#671,#661,#383,.T.);
#866=EDGE_CURVE('',#671,#592,#245,.T.);
#867=EDGE_CURVE('',#672,#660,#384,.T.);
#868=EDGE_CURVE('',#672,#671,#385,.T.);
#869=EDGE_CURVE('',#673,#659,#386,.T.);
#870=EDGE_CURVE('',#673,#672,#387,.T.);
#871=EDGE_CURVE('',#674,#658,#388,.T.);
#872=EDGE_CURVE('',#674,#673,#246,.T.);
#873=EDGE_CURVE('',#606,#674,#389,.T.);
#874=ORIENTED_EDGE('',*,*,#675,.T.);
#875=ORIENTED_EDGE('',*,*,#676,.T.);
#876=ORIENTED_EDGE('',*,*,#677,.T.);
#877=ORIENTED_EDGE('',*,*,#678,.T.);
#878=ORIENTED_EDGE('',*,*,#679,.T.);
#879=ORIENTED_EDGE('',*,*,#680,.T.);
#880=ORIENTED_EDGE('',*,*,#681,.T.);
#881=ORIENTED_EDGE('',*,*,#682,.T.);
#882=ORIENTED_EDGE('',*,*,#683,.T.);
#883=ORIENTED_EDGE('',*,*,#684,.T.);
#884=ORIENTED_EDGE('',*,*,#685,.T.);
#885=ORIENTED_EDGE('',*,*,#686,.T.);
#886=ORIENTED_EDGE('',*,*,#687,.T.);
#887=ORIENTED_EDGE('',*,*,#688,.T.);
#888=ORIENTED_EDGE('',*,*,#689,.T.);
#889=ORIENTED_EDGE('',*,*,#690,.T.);
#890=ORIENTED_EDGE('',*,*,#691,.T.);
#891=ORIENTED_EDGE('',*,*,#680,.F.);
#892=ORIENTED_EDGE('',*,*,#692,.T.);
#893=ORIENTED_EDGE('',*,*,#693,.T.);
#894=ORIENTED_EDGE('',*,*,#694,.T.);
#895=ORIENTED_EDGE('',*,*,#695,.T.);
#896=ORIENTED_EDGE('',*,*,#696,.T.);
#897=ORIENTED_EDGE('',*,*,#697,.T.);
#898=ORIENTED_EDGE('',*,*,#690,.F.);
#899=ORIENTED_EDGE('',*,*,#698,.T.);
#900=ORIENTED_EDGE('',*,*,#699,.T.);
#901=ORIENTED_EDGE('',*,*,#700,.T.);
#902=ORIENTED_EDGE('',*,*,#701,.T.);
#903=ORIENTED_EDGE('',*,*,#684,.F.);
#904=ORIENTED_EDGE('',*,*,#702,.F.);
#905=ORIENTED_EDGE('',*,*,#685,.F.);
#906=ORIENTED_EDGE('',*,*,#703,.T.);
#907=ORIENTED_EDGE('',*,*,#704,.F.);
#908=ORIENTED_EDGE('',*,*,#703,.F.);
#909=ORIENTED_EDGE('',*,*,#682,.F.);
#910=ORIENTED_EDGE('',*,*,#705,.F.);
#911=ORIENTED_EDGE('',*,*,#706,.T.);
#912=ORIENTED_EDGE('',*,*,#707,.T.);
#913=ORIENTED_EDGE('',*,*,#708,.F.);
#914=ORIENTED_EDGE('',*,*,#681,.F.);
#915=ORIENTED_EDGE('',*,*,#709,.F.);
#916=ORIENTED_EDGE('',*,*,#710,.F.);
#917=ORIENTED_EDGE('',*,*,#705,.T.);
#918=ORIENTED_EDGE('',*,*,#691,.F.);
#919=ORIENTED_EDGE('',*,*,#711,.F.);
#920=ORIENTED_EDGE('',*,*,#712,.F.);
#921=ORIENTED_EDGE('',*,*,#709,.T.);
#922=ORIENTED_EDGE('',*,*,#697,.F.);
#923=ORIENTED_EDGE('',*,*,#713,.F.);
#924=ORIENTED_EDGE('',*,*,#714,.T.);
#925=ORIENTED_EDGE('',*,*,#711,.T.);
#926=ORIENTED_EDGE('',*,*,#696,.F.);
#927=ORIENTED_EDGE('',*,*,#715,.F.);
#928=ORIENTED_EDGE('',*,*,#716,.F.);
#929=ORIENTED_EDGE('',*,*,#717,.T.);
#930=ORIENTED_EDGE('',*,*,#713,.T.);
#931=ORIENTED_EDGE('',*,*,#694,.F.);
#932=ORIENTED_EDGE('',*,*,#718,.F.);
#933=ORIENTED_EDGE('',*,*,#719,.T.);
#934=ORIENTED_EDGE('',*,*,#720,.F.);
#935=ORIENTED_EDGE('',*,*,#719,.F.);
#936=ORIENTED_EDGE('',*,*,#721,.F.);
#937=ORIENTED_EDGE('',*,*,#700,.F.);
#938=ORIENTED_EDGE('',*,*,#722,.F.);
#939=ORIENTED_EDGE('',*,*,#723,.T.);
#940=ORIENTED_EDGE('',*,*,#724,.F.);
#941=ORIENTED_EDGE('',*,*,#723,.F.);
#942=ORIENTED_EDGE('',*,*,#725,.F.);
#943=ORIENTED_EDGE('',*,*,#678,.F.);
#944=ORIENTED_EDGE('',*,*,#726,.F.);
#945=ORIENTED_EDGE('',*,*,#692,.F.);
#946=ORIENTED_EDGE('',*,*,#679,.F.);
#947=ORIENTED_EDGE('',*,*,#727,.T.);
#948=ORIENTED_EDGE('',*,*,#728,.F.);
#949=ORIENTED_EDGE('',*,*,#727,.F.);
#950=ORIENTED_EDGE('',*,*,#687,.F.);
#951=ORIENTED_EDGE('',*,*,#729,.F.);
#952=ORIENTED_EDGE('',*,*,#730,.T.);
#953=ORIENTED_EDGE('',*,*,#731,.F.);
#954=ORIENTED_EDGE('',*,*,#730,.F.);
#955=ORIENTED_EDGE('',*,*,#732,.F.);
#956=ORIENTED_EDGE('',*,*,#675,.F.);
#957=ORIENTED_EDGE('',*,*,#733,.F.);
#958=ORIENTED_EDGE('',*,*,#676,.F.);
#959=ORIENTED_EDGE('',*,*,#734,.T.);
#960=ORIENTED_EDGE('',*,*,#735,.F.);
#961=ORIENTED_EDGE('',*,*,#734,.F.);
#962=ORIENTED_EDGE('',*,*,#689,.F.);
#963=ORIENTED_EDGE('',*,*,#736,.F.);
#964=ORIENTED_EDGE('',*,*,#737,.T.);
#965=ORIENTED_EDGE('',*,*,#738,.F.);
#966=ORIENTED_EDGE('',*,*,#737,.F.);
#967=ORIENTED_EDGE('',*,*,#739,.F.);
#968=ORIENTED_EDGE('',*,*,#698,.F.);
#969=ORIENTED_EDGE('',*,*,#740,.F.);
#970=ORIENTED_EDGE('',*,*,#741,.T.);
#971=ORIENTED_EDGE('',*,*,#742,.F.);
#972=ORIENTED_EDGE('',*,*,#743,.T.);
#973=ORIENTED_EDGE('',*,*,#740,.T.);
#974=ORIENTED_EDGE('',*,*,#744,.T.);
#975=ORIENTED_EDGE('',*,*,#745,.F.);
#976=ORIENTED_EDGE('',*,*,#746,.F.);
#977=ORIENTED_EDGE('',*,*,#747,.F.);
#978=ORIENTED_EDGE('',*,*,#748,.T.);
#979=ORIENTED_EDGE('',*,*,#749,.F.);
#980=ORIENTED_EDGE('',*,*,#750,.F.);
#981=ORIENTED_EDGE('',*,*,#751,.T.);
#982=ORIENTED_EDGE('',*,*,#752,.T.);
#983=ORIENTED_EDGE('',*,*,#753,.F.);
#984=ORIENTED_EDGE('',*,*,#754,.F.);
#985=ORIENTED_EDGE('',*,*,#753,.T.);
#986=ORIENTED_EDGE('',*,*,#755,.T.);
#987=ORIENTED_EDGE('',*,*,#749,.T.);
#988=ORIENTED_EDGE('',*,*,#756,.T.);
#989=ORIENTED_EDGE('',*,*,#757,.F.);
#990=ORIENTED_EDGE('',*,*,#758,.T.);
#991=ORIENTED_EDGE('',*,*,#759,.F.);
#992=ORIENTED_EDGE('',*,*,#760,.F.);
#993=ORIENTED_EDGE('',*,*,#761,.F.);
#994=ORIENTED_EDGE('',*,*,#762,.F.);
#995=ORIENTED_EDGE('',*,*,#763,.F.);
#996=ORIENTED_EDGE('',*,*,#764,.T.);
#997=ORIENTED_EDGE('',*,*,#765,.T.);
#998=ORIENTED_EDGE('',*,*,#766,.F.);
#999=ORIENTED_EDGE('',*,*,#767,.F.);
#1000=ORIENTED_EDGE('',*,*,#768,.F.);
#1001=ORIENTED_EDGE('',*,*,#769,.F.);
#1002=ORIENTED_EDGE('',*,*,#770,.T.);
#1003=ORIENTED_EDGE('',*,*,#763,.T.);
#1004=ORIENTED_EDGE('',*,*,#771,.T.);
#1005=ORIENTED_EDGE('',*,*,#772,.F.);
#1006=ORIENTED_EDGE('',*,*,#773,.F.);
#1007=ORIENTED_EDGE('',*,*,#774,.F.);
#1008=ORIENTED_EDGE('',*,*,#775,.F.);
#1009=ORIENTED_EDGE('',*,*,#776,.F.);
#1010=ORIENTED_EDGE('',*,*,#777,.T.);
#1011=ORIENTED_EDGE('',*,*,#759,.T.);
#1012=ORIENTED_EDGE('',*,*,#778,.T.);
#1013=ORIENTED_EDGE('',*,*,#779,.T.);
#1014=ORIENTED_EDGE('',*,*,#776,.T.);
#1015=ORIENTED_EDGE('',*,*,#780,.T.);
#1016=ORIENTED_EDGE('',*,*,#781,.T.);
#1017=ORIENTED_EDGE('',*,*,#782,.T.);
#1018=ORIENTED_EDGE('',*,*,#783,.T.);
#1019=ORIENTED_EDGE('',*,*,#784,.T.);
#1020=ORIENTED_EDGE('',*,*,#769,.T.);
#1021=ORIENTED_EDGE('',*,*,#785,.T.);
#1022=ORIENTED_EDGE('',*,*,#786,.T.);
#1023=ORIENTED_EDGE('',*,*,#706,.F.);
#1024=ORIENTED_EDGE('',*,*,#710,.T.);
#1025=ORIENTED_EDGE('',*,*,#712,.T.);
#1026=ORIENTED_EDGE('',*,*,#714,.F.);
#1027=ORIENTED_EDGE('',*,*,#717,.F.);
#1028=ORIENTED_EDGE('',*,*,#787,.T.);
#1029=ORIENTED_EDGE('',*,*,#704,.T.);
#1030=ORIENTED_EDGE('',*,*,#738,.T.);
#1031=ORIENTED_EDGE('',*,*,#724,.T.);
#1032=ORIENTED_EDGE('',*,*,#735,.T.);
#1033=ORIENTED_EDGE('',*,*,#731,.T.);
#1034=ORIENTED_EDGE('',*,*,#720,.T.);
#1035=ORIENTED_EDGE('',*,*,#728,.T.);
#1036=ORIENTED_EDGE('',*,*,#788,.T.);
#1037=ORIENTED_EDGE('',*,*,#787,.F.);
#1038=ORIENTED_EDGE('',*,*,#716,.T.);
#1039=ORIENTED_EDGE('',*,*,#789,.F.);
#1040=ORIENTED_EDGE('',*,*,#790,.F.);
#1041=ORIENTED_EDGE('',*,*,#781,.F.);
#1042=ORIENTED_EDGE('',*,*,#791,.T.);
#1043=ORIENTED_EDGE('',*,*,#767,.T.);
#1044=ORIENTED_EDGE('',*,*,#782,.F.);
#1045=ORIENTED_EDGE('',*,*,#790,.T.);
#1046=ORIENTED_EDGE('',*,*,#792,.F.);
#1047=ORIENTED_EDGE('',*,*,#793,.F.);
#1048=ORIENTED_EDGE('',*,*,#794,.T.);
#1049=ORIENTED_EDGE('',*,*,#783,.F.);
#1050=ORIENTED_EDGE('',*,*,#793,.T.);
#1051=ORIENTED_EDGE('',*,*,#795,.F.);
#1052=ORIENTED_EDGE('',*,*,#707,.F.);
#1053=ORIENTED_EDGE('',*,*,#786,.F.);
#1054=ORIENTED_EDGE('',*,*,#796,.T.);
#1055=ORIENTED_EDGE('',*,*,#774,.T.);
#1056=ORIENTED_EDGE('',*,*,#686,.F.);
#1057=ORIENTED_EDGE('',*,*,#702,.T.);
#1058=ORIENTED_EDGE('',*,*,#683,.F.);
#1059=ORIENTED_EDGE('',*,*,#708,.T.);
#1060=ORIENTED_EDGE('',*,*,#795,.T.);
#1061=ORIENTED_EDGE('',*,*,#792,.T.);
#1062=ORIENTED_EDGE('',*,*,#789,.T.);
#1063=ORIENTED_EDGE('',*,*,#715,.T.);
#1064=ORIENTED_EDGE('',*,*,#695,.F.);
#1065=ORIENTED_EDGE('',*,*,#721,.T.);
#1066=ORIENTED_EDGE('',*,*,#718,.T.);
#1067=ORIENTED_EDGE('',*,*,#701,.F.);
#1068=ORIENTED_EDGE('',*,*,#725,.T.);
#1069=ORIENTED_EDGE('',*,*,#722,.T.);
#1070=ORIENTED_EDGE('',*,*,#699,.F.);
#1071=ORIENTED_EDGE('',*,*,#739,.T.);
#1072=ORIENTED_EDGE('',*,*,#736,.T.);
#1073=ORIENTED_EDGE('',*,*,#688,.F.);
#1074=ORIENTED_EDGE('',*,*,#732,.T.);
#1075=ORIENTED_EDGE('',*,*,#729,.T.);
#1076=ORIENTED_EDGE('',*,*,#693,.F.);
#1077=ORIENTED_EDGE('',*,*,#726,.T.);
#1078=ORIENTED_EDGE('',*,*,#677,.F.);
#1079=ORIENTED_EDGE('',*,*,#733,.T.);
#1080=ORIENTED_EDGE('',*,*,#742,.T.);
#1081=ORIENTED_EDGE('',*,*,#797,.T.);
#1082=ORIENTED_EDGE('',*,*,#798,.T.);
#1083=ORIENTED_EDGE('',*,*,#799,.T.);
#1084=ORIENTED_EDGE('',*,*,#757,.T.);
#1085=ORIENTED_EDGE('',*,*,#800,.T.);
#1086=ORIENTED_EDGE('',*,*,#801,.F.);
#1087=ORIENTED_EDGE('',*,*,#802,.F.);
#1088=ORIENTED_EDGE('',*,*,#803,.T.);
#1089=ORIENTED_EDGE('',*,*,#804,.F.);
#1090=ORIENTED_EDGE('',*,*,#805,.F.);
#1091=ORIENTED_EDGE('',*,*,#801,.T.);
#1092=ORIENTED_EDGE('',*,*,#806,.T.);
#1093=ORIENTED_EDGE('',*,*,#807,.F.);
#1094=ORIENTED_EDGE('',*,*,#808,.F.);
#1095=ORIENTED_EDGE('',*,*,#804,.T.);
#1096=ORIENTED_EDGE('',*,*,#809,.T.);
#1097=ORIENTED_EDGE('',*,*,#810,.F.);
#1098=ORIENTED_EDGE('',*,*,#811,.F.);
#1099=ORIENTED_EDGE('',*,*,#807,.T.);
#1100=ORIENTED_EDGE('',*,*,#812,.T.);
#1101=ORIENTED_EDGE('',*,*,#798,.F.);
#1102=ORIENTED_EDGE('',*,*,#813,.F.);
#1103=ORIENTED_EDGE('',*,*,#810,.T.);
#1104=ORIENTED_EDGE('',*,*,#814,.T.);
#1105=ORIENTED_EDGE('',*,*,#815,.F.);
#1106=ORIENTED_EDGE('',*,*,#816,.F.);
#1107=ORIENTED_EDGE('',*,*,#747,.T.);
#1108=ORIENTED_EDGE('',*,*,#817,.T.);
#1109=ORIENTED_EDGE('',*,*,#818,.T.);
#1110=ORIENTED_EDGE('',*,*,#819,.T.);
#1111=ORIENTED_EDGE('',*,*,#818,.F.);
#1112=ORIENTED_EDGE('',*,*,#820,.T.);
#1113=ORIENTED_EDGE('',*,*,#821,.T.);
#1114=ORIENTED_EDGE('',*,*,#822,.T.);
#1115=ORIENTED_EDGE('',*,*,#821,.F.);
#1116=ORIENTED_EDGE('',*,*,#823,.T.);
#1117=ORIENTED_EDGE('',*,*,#824,.F.);
#1118=ORIENTED_EDGE('',*,*,#825,.T.);
#1119=ORIENTED_EDGE('',*,*,#815,.T.);
#1120=ORIENTED_EDGE('',*,*,#826,.T.);
#1121=ORIENTED_EDGE('',*,*,#827,.F.);
#1122=ORIENTED_EDGE('',*,*,#828,.T.);
#1123=ORIENTED_EDGE('',*,*,#824,.T.);
#1124=ORIENTED_EDGE('',*,*,#829,.T.);
#1125=ORIENTED_EDGE('',*,*,#830,.F.);
#1126=ORIENTED_EDGE('',*,*,#831,.T.);
#1127=ORIENTED_EDGE('',*,*,#827,.T.);
#1128=ORIENTED_EDGE('',*,*,#832,.T.);
#1129=ORIENTED_EDGE('',*,*,#833,.F.);
#1130=ORIENTED_EDGE('',*,*,#834,.F.);
#1131=ORIENTED_EDGE('',*,*,#830,.T.);
#1132=ORIENTED_EDGE('',*,*,#835,.T.);
#1133=ORIENTED_EDGE('',*,*,#765,.F.);
#1134=ORIENTED_EDGE('',*,*,#836,.F.);
#1135=ORIENTED_EDGE('',*,*,#833,.T.);
#1136=ORIENTED_EDGE('',*,*,#837,.F.);
#1137=ORIENTED_EDGE('',*,*,#838,.F.);
#1138=ORIENTED_EDGE('',*,*,#839,.F.);
#1139=ORIENTED_EDGE('',*,*,#840,.F.);
#1140=ORIENTED_EDGE('',*,*,#841,.F.);
#1141=ORIENTED_EDGE('',*,*,#842,.F.);
#1142=ORIENTED_EDGE('',*,*,#775,.T.);
#1143=ORIENTED_EDGE('',*,*,#796,.F.);
#1144=ORIENTED_EDGE('',*,*,#785,.F.);
#1145=ORIENTED_EDGE('',*,*,#771,.F.);
#1146=ORIENTED_EDGE('',*,*,#762,.T.);
#1147=ORIENTED_EDGE('',*,*,#843,.F.);
#1148=ORIENTED_EDGE('',*,*,#844,.F.);
#1149=ORIENTED_EDGE('',*,*,#845,.F.);
#1150=ORIENTED_EDGE('',*,*,#846,.F.);
#1151=ORIENTED_EDGE('',*,*,#847,.F.);
#1152=ORIENTED_EDGE('',*,*,#744,.F.);
#1153=ORIENTED_EDGE('',*,*,#743,.F.);
#1154=ORIENTED_EDGE('',*,*,#799,.F.);
#1155=ORIENTED_EDGE('',*,*,#812,.F.);
#1156=ORIENTED_EDGE('',*,*,#809,.F.);
#1157=ORIENTED_EDGE('',*,*,#806,.F.);
#1158=ORIENTED_EDGE('',*,*,#803,.F.);
#1159=ORIENTED_EDGE('',*,*,#800,.F.);
#1160=ORIENTED_EDGE('',*,*,#760,.T.);
#1161=ORIENTED_EDGE('',*,*,#777,.F.);
#1162=ORIENTED_EDGE('',*,*,#779,.F.);
#1163=ORIENTED_EDGE('',*,*,#788,.F.);
#1164=ORIENTED_EDGE('',*,*,#766,.T.);
#1165=ORIENTED_EDGE('',*,*,#835,.F.);
#1166=ORIENTED_EDGE('',*,*,#832,.F.);
#1167=ORIENTED_EDGE('',*,*,#829,.F.);
#1168=ORIENTED_EDGE('',*,*,#826,.F.);
#1169=ORIENTED_EDGE('',*,*,#823,.F.);
#1170=ORIENTED_EDGE('',*,*,#814,.F.);
#1171=ORIENTED_EDGE('',*,*,#750,.T.);
#1172=ORIENTED_EDGE('',*,*,#755,.F.);
#1173=ORIENTED_EDGE('',*,*,#752,.F.);
#1174=ORIENTED_EDGE('',*,*,#820,.F.);
#1175=ORIENTED_EDGE('',*,*,#817,.F.);
#1176=ORIENTED_EDGE('',*,*,#848,.F.);
#1177=ORIENTED_EDGE('',*,*,#849,.F.);
#1178=ORIENTED_EDGE('',*,*,#842,.T.);
#1179=ORIENTED_EDGE('',*,*,#850,.F.);
#1180=ORIENTED_EDGE('',*,*,#851,.T.);
#1181=ORIENTED_EDGE('',*,*,#772,.T.);
#1182=ORIENTED_EDGE('',*,*,#841,.T.);
#1183=ORIENTED_EDGE('',*,*,#852,.F.);
#1184=ORIENTED_EDGE('',*,*,#853,.T.);
#1185=ORIENTED_EDGE('',*,*,#850,.T.);
#1186=ORIENTED_EDGE('',*,*,#840,.T.);
#1187=ORIENTED_EDGE('',*,*,#854,.F.);
#1188=ORIENTED_EDGE('',*,*,#855,.F.);
#1189=ORIENTED_EDGE('',*,*,#852,.T.);
#1190=ORIENTED_EDGE('',*,*,#839,.T.);
#1191=ORIENTED_EDGE('',*,*,#856,.F.);
#1192=ORIENTED_EDGE('',*,*,#857,.F.);
#1193=ORIENTED_EDGE('',*,*,#854,.T.);
#1194=ORIENTED_EDGE('',*,*,#838,.T.);
#1195=ORIENTED_EDGE('',*,*,#858,.F.);
#1196=ORIENTED_EDGE('',*,*,#859,.F.);
#1197=ORIENTED_EDGE('',*,*,#856,.T.);
#1198=ORIENTED_EDGE('',*,*,#837,.T.);
#1199=ORIENTED_EDGE('',*,*,#751,.F.);
#1200=ORIENTED_EDGE('',*,*,#860,.T.);
#1201=ORIENTED_EDGE('',*,*,#858,.T.);
#1202=ORIENTED_EDGE('',*,*,#848,.T.);
#1203=ORIENTED_EDGE('',*,*,#861,.T.);
#1204=ORIENTED_EDGE('',*,*,#862,.F.);
#1205=ORIENTED_EDGE('',*,*,#861,.F.);
#1206=ORIENTED_EDGE('',*,*,#849,.T.);
#1207=ORIENTED_EDGE('',*,*,#863,.T.);
#1208=ORIENTED_EDGE('',*,*,#864,.F.);
#1209=ORIENTED_EDGE('',*,*,#863,.F.);
#1210=ORIENTED_EDGE('',*,*,#847,.T.);
#1211=ORIENTED_EDGE('',*,*,#865,.F.);
#1212=ORIENTED_EDGE('',*,*,#866,.T.);
#1213=ORIENTED_EDGE('',*,*,#745,.T.);
#1214=ORIENTED_EDGE('',*,*,#846,.T.);
#1215=ORIENTED_EDGE('',*,*,#867,.F.);
#1216=ORIENTED_EDGE('',*,*,#868,.T.);
#1217=ORIENTED_EDGE('',*,*,#865,.T.);
#1218=ORIENTED_EDGE('',*,*,#845,.T.);
#1219=ORIENTED_EDGE('',*,*,#869,.F.);
#1220=ORIENTED_EDGE('',*,*,#870,.T.);
#1221=ORIENTED_EDGE('',*,*,#867,.T.);
#1222=ORIENTED_EDGE('',*,*,#844,.T.);
#1223=ORIENTED_EDGE('',*,*,#871,.F.);
#1224=ORIENTED_EDGE('',*,*,#872,.T.);
#1225=ORIENTED_EDGE('',*,*,#869,.T.);
#1226=ORIENTED_EDGE('',*,*,#761,.T.);
#1227=ORIENTED_EDGE('',*,*,#873,.T.);
#1228=ORIENTED_EDGE('',*,*,#871,.T.);
#1229=ORIENTED_EDGE('',*,*,#843,.T.);
#1230=ORIENTED_EDGE('',*,*,#851,.F.);
#1231=ORIENTED_EDGE('',*,*,#853,.F.);
#1232=ORIENTED_EDGE('',*,*,#855,.T.);
#1233=ORIENTED_EDGE('',*,*,#857,.T.);
#1234=ORIENTED_EDGE('',*,*,#859,.T.);
#1235=ORIENTED_EDGE('',*,*,#860,.F.);
#1236=ORIENTED_EDGE('',*,*,#754,.T.);
#1237=ORIENTED_EDGE('',*,*,#756,.F.);
#1238=ORIENTED_EDGE('',*,*,#748,.F.);
#1239=ORIENTED_EDGE('',*,*,#816,.T.);
#1240=ORIENTED_EDGE('',*,*,#825,.F.);
#1241=ORIENTED_EDGE('',*,*,#828,.F.);
#1242=ORIENTED_EDGE('',*,*,#831,.F.);
#1243=ORIENTED_EDGE('',*,*,#834,.T.);
#1244=ORIENTED_EDGE('',*,*,#836,.T.);
#1245=ORIENTED_EDGE('',*,*,#768,.T.);
#1246=ORIENTED_EDGE('',*,*,#791,.F.);
#1247=ORIENTED_EDGE('',*,*,#780,.F.);
#1248=ORIENTED_EDGE('',*,*,#778,.F.);
#1249=ORIENTED_EDGE('',*,*,#758,.F.);
#1250=ORIENTED_EDGE('',*,*,#802,.T.);
#1251=ORIENTED_EDGE('',*,*,#805,.T.);
#1252=ORIENTED_EDGE('',*,*,#808,.T.);
#1253=ORIENTED_EDGE('',*,*,#811,.T.);
#1254=ORIENTED_EDGE('',*,*,#813,.T.);
#1255=ORIENTED_EDGE('',*,*,#797,.F.);
#1256=ORIENTED_EDGE('',*,*,#741,.F.);
#1257=ORIENTED_EDGE('',*,*,#746,.T.);
#1258=ORIENTED_EDGE('',*,*,#866,.F.);
#1259=ORIENTED_EDGE('',*,*,#868,.F.);
#1260=ORIENTED_EDGE('',*,*,#870,.F.);
#1261=ORIENTED_EDGE('',*,*,#872,.F.);
#1262=ORIENTED_EDGE('',*,*,#873,.F.);
#1263=ORIENTED_EDGE('',*,*,#764,.F.);
#1264=ORIENTED_EDGE('',*,*,#770,.F.);
#1265=ORIENTED_EDGE('',*,*,#784,.F.);
#1266=ORIENTED_EDGE('',*,*,#794,.F.);
#1267=ORIENTED_EDGE('',*,*,#773,.T.);
#1268=ORIENTED_EDGE('',*,*,#822,.F.);
#1269=ORIENTED_EDGE('',*,*,#819,.F.);
#1270=ORIENTED_EDGE('',*,*,#862,.T.);
#1271=ORIENTED_EDGE('',*,*,#864,.T.);
#1272=CYLINDRICAL_SURFACE('',#1368,2.5);
#1273=CYLINDRICAL_SURFACE('',#1371,2.5);
#1274=CYLINDRICAL_SURFACE('',#1373,2.5);
#1275=CYLINDRICAL_SURFACE('',#1375,2.00000000000001);
#1276=CYLINDRICAL_SURFACE('',#1383,2.00000000000001);
#1277=CYLINDRICAL_SURFACE('',#1387,2.00000000000001);
#1278=CYLINDRICAL_SURFACE('',#1391,2.00000000000001);
#1279=CYLINDRICAL_SURFACE('',#1394,2.00000000000001);
#1280=CYLINDRICAL_SURFACE('',#1398,2.00000000000001);
#1281=CYLINDRICAL_SURFACE('',#1401,2.00000000000001);
#1282=CYLINDRICAL_SURFACE('',#1423,2.1);
#1283=CYLINDRICAL_SURFACE('',#1428,11.0052558883258);
#1284=CYLINDRICAL_SURFACE('',#1432,0.750000000000001);
#1285=CYLINDRICAL_SURFACE('',#1435,0.750000000000001);
#1286=CYLINDRICAL_SURFACE('',#1439,2.);
#1287=CYLINDRICAL_SURFACE('',#1444,2.1);
#1288=CYLINDRICAL_SURFACE('',#1454,2.1);
#1289=CYLINDRICAL_SURFACE('',#1458,2.);
#1290=CYLINDRICAL_SURFACE('',#1462,0.750000000000001);
#1291=CYLINDRICAL_SURFACE('',#1464,0.750000000000001);
#1292=CYLINDRICAL_SURFACE('',#1466,11.0052558883258);
#1293=CYLINDRICAL_SURFACE('',#1470,2.1);
#1294=ADVANCED_FACE('',(#68),#1272,.T.);
#1295=ADVANCED_FACE('',(#69),#1273,.T.);
#1296=ADVANCED_FACE('',(#70),#1274,.T.);
#1297=ADVANCED_FACE('',(#71),#1275,.F.);
#1298=ADVANCED_FACE('',(#72),#30,.T.);
#1299=ADVANCED_FACE('',(#73),#31,.T.);
#1300=ADVANCED_FACE('',(#74),#32,.T.);
#1301=ADVANCED_FACE('',(#75),#33,.T.);
#1302=ADVANCED_FACE('',(#76),#34,.T.);
#1303=ADVANCED_FACE('',(#77),#1276,.F.);
#1304=ADVANCED_FACE('',(#78),#1277,.F.);
#1305=ADVANCED_FACE('',(#79),#1278,.F.);
#1306=ADVANCED_FACE('',(#80),#1279,.F.);
#1307=ADVANCED_FACE('',(#81),#1280,.F.);
#1308=ADVANCED_FACE('',(#82),#1281,.F.);
#1309=ADVANCED_FACE('',(#83),#35,.T.);
#1310=ADVANCED_FACE('',(#84),#36,.T.);
#1311=ADVANCED_FACE('',(#85),#37,.T.);
#1312=ADVANCED_FACE('',(#86),#38,.T.);
#1313=ADVANCED_FACE('',(#87),#39,.T.);
#1314=ADVANCED_FACE('',(#88),#40,.T.);
#1315=ADVANCED_FACE('',(#89),#41,.T.);
#1316=ADVANCED_FACE('',(#90),#42,.T.);
#1317=ADVANCED_FACE('',(#91),#43,.T.);
#1318=ADVANCED_FACE('',(#92),#44,.T.);
#1319=ADVANCED_FACE('',(#93),#45,.T.);
#1320=ADVANCED_FACE('',(#94,#15,#16,#17,#18,#19,#20,#21),#46,.F.);
#1321=ADVANCED_FACE('',(#95),#47,.T.);
#1322=ADVANCED_FACE('',(#96),#48,.T.);
#1323=ADVANCED_FACE('',(#97),#49,.T.);
#1324=ADVANCED_FACE('',(#98),#50,.T.);
#1325=ADVANCED_FACE('',(#99),#51,.T.);
#1326=ADVANCED_FACE('',(#100),#52,.T.);
#1327=ADVANCED_FACE('',(#101),#1282,.T.);
#1328=ADVANCED_FACE('',(#102),#53,.T.);
#1329=ADVANCED_FACE('',(#103),#54,.T.);
#1330=ADVANCED_FACE('',(#104),#1283,.F.);
#1331=ADVANCED_FACE('',(#105),#55,.T.);
#1332=ADVANCED_FACE('',(#106),#1284,.F.);
#1333=ADVANCED_FACE('',(#107),#1285,.F.);
#1334=ADVANCED_FACE('',(#108),#56,.T.);
#1335=ADVANCED_FACE('',(#109),#1286,.F.);
#1336=ADVANCED_FACE('',(#110),#57,.T.);
#1337=ADVANCED_FACE('',(#111),#58,.T.);
#1338=ADVANCED_FACE('',(#112),#1287,.T.);
#1339=ADVANCED_FACE('',(#113,#22,#23,#24,#25),#59,.F.);
#1340=ADVANCED_FACE('',(#114),#1288,.T.);
#1341=ADVANCED_FACE('',(#115),#60,.T.);
#1342=ADVANCED_FACE('',(#116),#61,.T.);
#1343=ADVANCED_FACE('',(#117),#1289,.F.);
#1344=ADVANCED_FACE('',(#118),#62,.T.);
#1345=ADVANCED_FACE('',(#119),#63,.T.);
#1346=ADVANCED_FACE('',(#120),#1290,.F.);
#1347=ADVANCED_FACE('',(#121),#1291,.F.);
#1348=ADVANCED_FACE('',(#122),#1292,.F.);
#1349=ADVANCED_FACE('',(#123),#64,.T.);
#1350=ADVANCED_FACE('',(#124),#65,.T.);
#1351=ADVANCED_FACE('',(#125),#1293,.T.);
#1352=ADVANCED_FACE('',(#126),#66,.T.);
#1353=ADVANCED_FACE('',(#127,#26,#27,#28,#29),#67,.T.);
#1354=CLOSED_SHELL('',(#1294,#1295,#1296,#1297,#1298,#1299,#1300,#1301,
#1302,#1303,#1304,#1305,#1306,#1307,#1308,#1309,#1310,#1311,#1312,#1313,
#1314,#1315,#1316,#1317,#1318,#1319,#1320,#1321,#1322,#1323,#1324,#1325,
#1326,#1327,#1328,#1329,#1330,#1331,#1332,#1333,#1334,#1335,#1336,#1337,
#1338,#1339,#1340,#1341,#1342,#1343,#1344,#1345,#1346,#1347,#1348,#1349,
#1350,#1351,#1352,#1353));
#1355=DERIVED_UNIT_ELEMENT(#1357,1.);
#1356=DERIVED_UNIT_ELEMENT(#2340,-3.);
#1357=(
MASS_UNIT()
NAMED_UNIT(*)
SI_UNIT(.KILO.,.GRAM.)
);
#1358=DERIVED_UNIT((#1355,#1356));
#1359=MEASURE_REPRESENTATION_ITEM('density measure',
POSITIVE_RATIO_MEASURE(7850.),#1358);
#1360=PROPERTY_DEFINITION_REPRESENTATION(#1365,#1362);
#1361=PROPERTY_DEFINITION_REPRESENTATION(#1366,#1363);
#1362=REPRESENTATION('material name',(#1364),#2337);
#1363=REPRESENTATION('density',(#1359),#2337);
#1364=DESCRIPTIVE_REPRESENTATION_ITEM('Steel','Steel');
#1365=PROPERTY_DEFINITION('material property','material name',#2347);
#1366=PROPERTY_DEFINITION('material property','density of part',#2347);
#1367=AXIS2_PLACEMENT_3D('',#1829,#1474,#1475);
#1368=AXIS2_PLACEMENT_3D('',#1830,#1476,#1477);
#1369=AXIS2_PLACEMENT_3D('',#1871,#1479,#1480);
#1370=AXIS2_PLACEMENT_3D('',#1875,#1482,#1483);
#1371=AXIS2_PLACEMENT_3D('',#1897,#1486,#1487);
#1372=AXIS2_PLACEMENT_3D('',#1926,#1489,#1490);
#1373=AXIS2_PLACEMENT_3D('',#1941,#1493,#1494);
#1374=AXIS2_PLACEMENT_3D('',#1962,#1496,#1497);
#1375=AXIS2_PLACEMENT_3D('',#1999,#1501,#1502);
#1376=AXIS2_PLACEMENT_3D('',#2000,#1503,#1504);
#1377=AXIS2_PLACEMENT_3D('',#2003,#1506,#1507);
#1378=AXIS2_PLACEMENT_3D('',#2004,#1508,#1509);
#1379=AXIS2_PLACEMENT_3D('',#2012,#1514,#1515);
#1380=AXIS2_PLACEMENT_3D('',#2016,#1518,#1519);
#1381=AXIS2_PLACEMENT_3D('',#2020,#1522,#1523);
#1382=AXIS2_PLACEMENT_3D('',#2024,#1526,#1527);
#1383=AXIS2_PLACEMENT_3D('',#2030,#1531,#1532);
#1384=AXIS2_PLACEMENT_3D('',#2032,#1533,#1534);
#1385=AXIS2_PLACEMENT_3D('',#2035,#1536,#1537);
#1386=AXIS2_PLACEMENT_3D('',#2036,#1538,#1539);
#1387=AXIS2_PLACEMENT_3D('',#2037,#1540,#1541);
#1388=AXIS2_PLACEMENT_3D('',#2039,#1542,#1543);
#1389=AXIS2_PLACEMENT_3D('',#2042,#1545,#1546);
#1390=AXIS2_PLACEMENT_3D('',#2043,#1547,#1548);
#1391=AXIS2_PLACEMENT_3D('',#2044,#1549,#1550);
#1392=AXIS2_PLACEMENT_3D('',#2045,#1551,#1552);
#1393=AXIS2_PLACEMENT_3D('',#2048,#1554,#1555);
#1394=AXIS2_PLACEMENT_3D('',#2049,#1556,#1557);
#1395=AXIS2_PLACEMENT_3D('',#2051,#1558,#1559);
#1396=AXIS2_PLACEMENT_3D('',#2054,#1561,#1562);
#1397=AXIS2_PLACEMENT_3D('',#2055,#1563,#1564);
#1398=AXIS2_PLACEMENT_3D('',#2056,#1565,#1566);
#1399=AXIS2_PLACEMENT_3D('',#2057,#1567,#1568);
#1400=AXIS2_PLACEMENT_3D('',#2060,#1570,#1571);
#1401=AXIS2_PLACEMENT_3D('',#2061,#1572,#1573);
#1402=AXIS2_PLACEMENT_3D('',#2063,#1574,#1575);
#1403=AXIS2_PLACEMENT_3D('',#2066,#1577,#1578);
#1404=AXIS2_PLACEMENT_3D('',#2067,#1579,#1580);
#1405=AXIS2_PLACEMENT_3D('',#2068,#1581,#1582);
#1406=AXIS2_PLACEMENT_3D('',#2077,#1587,#1588);
#1407=AXIS2_PLACEMENT_3D('',#2083,#1592,#1593);
#1408=AXIS2_PLACEMENT_3D('',#2092,#1598,#1599);
#1409=AXIS2_PLACEMENT_3D('',#2101,#1604,#1605);
#1410=AXIS2_PLACEMENT_3D('',#2104,#1608,#1609);
#1411=AXIS2_PLACEMENT_3D('',#2113,#1614,#1615);
#1412=AXIS2_PLACEMENT_3D('',#2122,#1620,#1621);
#1413=AXIS2_PLACEMENT_3D('',#2131,#1626,#1627);
#1414=AXIS2_PLACEMENT_3D('',#2137,#1631,#1632);
#1415=AXIS2_PLACEMENT_3D('',#2146,#1637,#1638);
#1416=AXIS2_PLACEMENT_3D('',#2152,#1642,#1643);
#1417=AXIS2_PLACEMENT_3D('',#2168,#1653,#1654);
#1418=AXIS2_PLACEMENT_3D('',#2174,#1659,#1660);
#1419=AXIS2_PLACEMENT_3D('',#2178,#1663,#1664);
#1420=AXIS2_PLACEMENT_3D('',#2182,#1668,#1669);
#1421=AXIS2_PLACEMENT_3D('',#2183,#1670,#1671);
#1422=AXIS2_PLACEMENT_3D('',#2189,#1675,#1676);
#1423=AXIS2_PLACEMENT_3D('',#2195,#1680,#1681);
#1424=AXIS2_PLACEMENT_3D('',#2197,#1682,#1683);
#1425=AXIS2_PLACEMENT_3D('',#2200,#1685,#1686);
#1426=AXIS2_PLACEMENT_3D('',#2201,#1687,#1688);
#1427=AXIS2_PLACEMENT_3D('',#2207,#1692,#1693);
#1428=AXIS2_PLACEMENT_3D('',#2213,#1697,#1698);
#1429=AXIS2_PLACEMENT_3D('',#2214,#1699,#1700);
#1430=AXIS2_PLACEMENT_3D('',#2215,#1701,#1702);
#1431=AXIS2_PLACEMENT_3D('',#2216,#1703,#1704);
#1432=AXIS2_PLACEMENT_3D('',#2222,#1708,#1709);
#1433=AXIS2_PLACEMENT_3D('',#2224,#1710,#1711);
#1434=AXIS2_PLACEMENT_3D('',#2227,#1713,#1714);
#1435=AXIS2_PLACEMENT_3D('',#2228,#1715,#1716);
#1436=AXIS2_PLACEMENT_3D('',#2230,#1717,#1718);
#1437=AXIS2_PLACEMENT_3D('',#2233,#1720,#1721);
#1438=AXIS2_PLACEMENT_3D('',#2234,#1722,#1723);
#1439=AXIS2_PLACEMENT_3D('',#2240,#1727,#1728);
#1440=AXIS2_PLACEMENT_3D('',#2242,#1729,#1730);
#1441=AXIS2_PLACEMENT_3D('',#2245,#1732,#1733);
#1442=AXIS2_PLACEMENT_3D('',#2246,#1734,#1735);
#1443=AXIS2_PLACEMENT_3D('',#2252,#1739,#1740);
#1444=AXIS2_PLACEMENT_3D('',#2258,#1744,#1745);
#1445=AXIS2_PLACEMENT_3D('',#2259,#1746,#1747);
#1446=AXIS2_PLACEMENT_3D('',#2260,#1748,#1749);
#1447=AXIS2_PLACEMENT_3D('',#2261,#1750,#1751);
#1448=AXIS2_PLACEMENT_3D('',#2267,#1754,#1755);
#1449=AXIS2_PLACEMENT_3D('',#2272,#1758,#1759);
#1450=AXIS2_PLACEMENT_3D('',#2276,#1761,#1762);
#1451=AXIS2_PLACEMENT_3D('',#2281,#1765,#1766);
#1452=AXIS2_PLACEMENT_3D('',#2283,#1767,#1768);
#1453=AXIS2_PLACEMENT_3D('',#2285,#1769,#1770);
#1454=AXIS2_PLACEMENT_3D('',#2286,#1771,#1772);
#1455=AXIS2_PLACEMENT_3D('',#2289,#1774,#1775);
#1456=AXIS2_PLACEMENT_3D('',#2290,#1776,#1777);
#1457=AXIS2_PLACEMENT_3D('',#2294,#1780,#1781);
#1458=AXIS2_PLACEMENT_3D('',#2298,#1784,#1785);
#1459=AXIS2_PLACEMENT_3D('',#2301,#1787,#1788);
#1460=AXIS2_PLACEMENT_3D('',#2302,#1789,#1790);
#1461=AXIS2_PLACEMENT_3D('',#2306,#1793,#1794);
#1462=AXIS2_PLACEMENT_3D('',#2308,#1796,#1797);
#1463=AXIS2_PLACEMENT_3D('',#2311,#1799,#1800);
#1464=AXIS2_PLACEMENT_3D('',#2312,#1801,#1802);
#1465=AXIS2_PLACEMENT_3D('',#2315,#1804,#1805);
#1466=AXIS2_PLACEMENT_3D('',#2316,#1806,#1807);
#1467=AXIS2_PLACEMENT_3D('',#2319,#1809,#1810);
#1468=AXIS2_PLACEMENT_3D('',#2320,#1811,#1812);
#1469=AXIS2_PLACEMENT_3D('',#2324,#1815,#1816);
#1470=AXIS2_PLACEMENT_3D('',#2328,#1819,#1820);
#1471=AXIS2_PLACEMENT_3D('',#2331,#1822,#1823);
#1472=AXIS2_PLACEMENT_3D('',#2332,#1824,#1825);
#1473=AXIS2_PLACEMENT_3D('',#2334,#1827,#1828);
#1474=DIRECTION('axis',(0.,0.,1.));
#1475=DIRECTION('refdir',(1.,0.,0.));
#1476=DIRECTION('center_axis',(0.996194698091776,7.14935571973467E-9,-0.0871557427473048));
#1477=DIRECTION('ref_axis',(0.0616284217520887,-0.707106781186548,0.704416025962176));
#1478=DIRECTION('',(-0.996194698091776,-7.14935571973467E-9,0.0871557427473048));
#1479=DIRECTION('center_axis',(0.704416028920848,-0.707106778658861,-0.0616284169362784));
#1480=DIRECTION('ref_axis',(-0.704416023884713,-0.707106783714234,0.0616284164956606));
#1481=DIRECTION('',(0.996194698091776,7.14935571973467E-9,-0.0871557427473048));
#1482=DIRECTION('center_axis',(-0.996194698091776,2.11020292146621E-29,
0.0871557427473048));
#1483=DIRECTION('ref_axis',(0.0616284167159694,-0.707106781186548,0.70441602640278));
#1484=DIRECTION('',(-0.996194698091776,-7.14935571973467E-9,0.0871557427473048));
#1485=DIRECTION('',(-0.996194698091776,-7.14935571973467E-9,0.0871557427473048));
#1486=DIRECTION('center_axis',(7.25717342447737E-17,-1.,8.29498718123249E-16));
#1487=DIRECTION('ref_axis',(-0.642787609686827,6.28036983473506E-16,0.766044443118737));
#1488=DIRECTION('',(-7.25717342447737E-17,1.,-8.29498718123249E-16));
#1489=DIRECTION('center_axis',(-0.704416026402777,-0.70710678118655,0.0616284167159773));
#1490=DIRECTION('ref_axis',(-0.704416026402783,0.707106781186545,0.0616284167159765));
#1491=DIRECTION('',(7.25717342447737E-17,-1.,8.29498718123249E-16));
#1492=DIRECTION('',(-7.25717342447737E-17,1.,-8.29498718123249E-16));
#1493=DIRECTION('center_axis',(-0.996194698091776,2.07075987620516E-30,
0.0871557427473048));
#1494=DIRECTION('ref_axis',(0.0616284167159763,0.707106781186554,0.704416026402773));
#1495=DIRECTION('',(0.996194698091776,-2.07075987620516E-30,-0.0871557427473048));
#1496=DIRECTION('center_axis',(-0.996194698091776,-1.01506107269384E-14,
0.0871557427473048));
#1497=DIRECTION('ref_axis',(0.0616284167159763,0.707106781186554,0.704416026402773));
#1498=DIRECTION('',(-0.996194698091776,2.07075987620516E-30,0.0871557427473048));
#1499=DIRECTION('',(0.996194698091776,-2.07075987620516E-30,-0.0871557427473048));
#1500=DIRECTION('',(0.996194698091776,-2.07075987620516E-30,-0.0871557427473048));
#1501=DIRECTION('center_axis',(-0.087155742747304,0.,-0.996194698091777));
#1502=DIRECTION('ref_axis',(0.,1.,0.));
#1503=DIRECTION('center_axis',(-0.0871557427473048,-8.32667268468869E-16,
-0.996194698091776));
#1504=DIRECTION('ref_axis',(0.,1.,0.));
#1505=DIRECTION('',(-0.087155742747304,0.,-0.996194698091777));
#1506=DIRECTION('center_axis',(0.0871557427473017,8.72318109346277E-16,
0.996194698091777));
#1507=DIRECTION('ref_axis',(0.,1.,0.));
#1508=DIRECTION('center_axis',(0.996194698091776,-2.11020292146621E-29,
-0.0871557427473048));
#1509=DIRECTION('ref_axis',(-4.69988390164317E-16,1.,-5.37199188129094E-15));
#1510=DIRECTION('',(0.0871557427473048,8.32667268468869E-16,0.996194698091776));
#1511=DIRECTION('',(-4.69988390164317E-16,1.,-5.37199188129094E-15));
#1512=DIRECTION('',(0.0871557427473048,8.32667268468869E-16,0.996194698091776));
#1513=DIRECTION('',(-4.69988390164318E-16,1.,-5.37199188129094E-15));
#1514=DIRECTION('center_axis',(7.12215033534353E-9,-1.,-6.23106578419449E-10));
#1515=DIRECTION('ref_axis',(0.996194698091777,7.14935571973467E-9,-0.0871557427473015));
#1516=DIRECTION('',(0.0871557427473048,8.32667268468869E-16,0.996194698091776));
#1517=DIRECTION('',(-0.996194698091777,-7.14935571973467E-9,0.0871557427473015));
#1518=DIRECTION('center_axis',(-0.996194698091776,0.,0.0871557427473048));
#1519=DIRECTION('ref_axis',(0.,-1.,0.));
#1520=DIRECTION('',(0.0871557427473048,8.32667268468869E-16,0.996194698091776));
#1521=DIRECTION('',(0.,1.,0.));
#1522=DIRECTION('center_axis',(-7.25717342447717E-17,1.,-8.29498718123249E-16));
#1523=DIRECTION('ref_axis',(-0.996194698091777,0.,0.0871557427473023));
#1524=DIRECTION('',(0.0871557427473048,8.32667268468869E-16,0.996194698091776));
#1525=DIRECTION('',(-0.996194698091777,0.,0.0871557427473023));
#1526=DIRECTION('center_axis',(0.996194698091776,1.01506107269384E-14,-0.0871557427473048));
#1527=DIRECTION('ref_axis',(-1.01880121213016E-14,1.,1.56853416648405E-17));
#1528=DIRECTION('',(-1.01880121213016E-14,1.,1.56853416648406E-17));
#1529=DIRECTION('',(0.0871557427473048,8.32667268468869E-16,0.996194698091776));
#1530=DIRECTION('',(-1.01880121213016E-14,1.,1.56853416648405E-17));
#1531=DIRECTION('center_axis',(-0.087155742747304,0.,-0.996194698091777));
#1532=DIRECTION('ref_axis',(0.,1.,0.));
#1533=DIRECTION('center_axis',(-0.0871557427473048,-8.32667268468869E-16,
-0.996194698091776));
#1534=DIRECTION('ref_axis',(0.,1.,0.));
#1535=DIRECTION('',(-0.087155742747304,0.,-0.996194698091777));
#1536=DIRECTION('center_axis',(0.0871557427473017,8.72318109346277E-16,
0.996194698091777));
#1537=DIRECTION('ref_axis',(0.,1.,0.));
#1538=DIRECTION('center_axis',(-0.0871557427473048,-8.32667268468869E-16,
-0.996194698091776));
#1539=DIRECTION('ref_axis',(0.,1.,0.));
#1540=DIRECTION('center_axis',(-0.087155742747304,0.,-0.996194698091777));
#1541=DIRECTION('ref_axis',(0.,1.,0.));
#1542=DIRECTION('center_axis',(-0.0871557427473048,-8.32667268468869E-16,
-0.996194698091776));
#1543=DIRECTION('ref_axis',(0.,1.,0.));
#1544=DIRECTION('',(-0.087155742747304,0.,-0.996194698091777));
#1545=DIRECTION('center_axis',(0.0871557427473017,8.72318109346277E-16,
0.996194698091777));
#1546=DIRECTION('ref_axis',(0.,1.,0.));
#1547=DIRECTION('center_axis',(-0.0871557427473048,-8.32667268468869E-16,
-0.996194698091776));
#1548=DIRECTION('ref_axis',(0.,1.,0.));
#1549=DIRECTION('center_axis',(-0.087155742747304,0.,-0.996194698091777));
#1550=DIRECTION('ref_axis',(0.,1.,0.));
#1551=DIRECTION('center_axis',(-0.0871557427473048,-8.32667268468869E-16,
-0.996194698091776));
#1552=DIRECTION('ref_axis',(0.,1.,0.));
#1553=DIRECTION('',(-0.087155742747304,0.,-0.996194698091777));
#1554=DIRECTION('center_axis',(0.0871557427473017,8.72318109346277E-16,
0.996194698091777));
#1555=DIRECTION('ref_axis',(0.,1.,0.));
#1556=DIRECTION('center_axis',(-0.087155742747304,0.,-0.996194698091777));
#1557=DIRECTION('ref_axis',(0.,1.,0.));
#1558=DIRECTION('center_axis',(-0.0871557427473048,-8.32667268468869E-16,
-0.996194698091776));
#1559=DIRECTION('ref_axis',(0.,1.,0.));
#1560=DIRECTION('',(-0.087155742747304,0.,-0.996194698091777));
#1561=DIRECTION('center_axis',(0.0871557427473017,8.72318109346277E-16,
0.996194698091777));
#1562=DIRECTION('ref_axis',(0.,1.,0.));
#1563=DIRECTION('center_axis',(-0.0871557427473048,-8.32667268468869E-16,
-0.996194698091776));
#1564=DIRECTION('ref_axis',(0.,1.,0.));
#1565=DIRECTION('center_axis',(-0.087155742747304,0.,-0.996194698091777));
#1566=DIRECTION('ref_axis',(0.,1.,0.));
#1567=DIRECTION('center_axis',(-0.0871557427473048,-8.32667268468869E-16,
-0.996194698091776));
#1568=DIRECTION('ref_axis',(0.,1.,0.));
#1569=DIRECTION('',(-0.087155742747304,0.,-0.996194698091777));
#1570=DIRECTION('center_axis',(0.0871557427473017,8.72318109346277E-16,
0.996194698091777));
#1571=DIRECTION('ref_axis',(0.,1.,0.));
#1572=DIRECTION('center_axis',(-0.087155742747304,0.,-0.996194698091777));
#1573=DIRECTION('ref_axis',(0.,1.,0.));
#1574=DIRECTION('center_axis',(-0.0871557427473048,-8.32667268468869E-16,
-0.996194698091776));
#1575=DIRECTION('ref_axis',(0.,1.,0.));
#1576=DIRECTION('',(-0.087155742747304,0.,-0.996194698091777));
#1577=DIRECTION('center_axis',(0.0871557427473017,8.72318109346277E-16,
0.996194698091777));
#1578=DIRECTION('ref_axis',(0.,1.,0.));
#1579=DIRECTION('center_axis',(-0.0871557427473048,-8.32667268468869E-16,
-0.996194698091776));
#1580=DIRECTION('ref_axis',(0.,1.,0.));
#1581=DIRECTION('center_axis',(-0.0871557427476688,0.,-0.996194698091745));
#1582=DIRECTION('ref_axis',(-0.996194698091745,0.,0.0871557427476688));
#1583=DIRECTION('',(0.996194698091745,-2.84074666797117E-32,-0.0871557427476688));
#1584=DIRECTION('',(0.,1.,0.));
#1585=DIRECTION('',(-0.996194698091745,-1.75644810928116E-30,0.0871557427476688));
#1586=DIRECTION('',(0.,-1.,0.));
#1587=DIRECTION('center_axis',(-3.40763091613041E-19,1.,-3.89493995998756E-18));
#1588=DIRECTION('ref_axis',(0.0871557427476579,3.90981799787581E-18,0.996194698091746));
#1589=DIRECTION('',(-0.0871557427476579,-3.90981799787581E-18,-0.996194698091746));
#1590=DIRECTION('',(0.996194698091745,0.,-0.0871557427476615));
#1591=DIRECTION('',(-0.0871557427476579,-3.90981799787581E-18,-0.996194698091746));
#1592=DIRECTION('center_axis',(-2.0260428666664E-31,1.,1.77255782650876E-32));
#1593=DIRECTION('ref_axis',(-0.996194698091745,-2.03378202127292E-31,0.0871557427476624));
#1594=DIRECTION('',(0.996194698091745,0.,-0.0871557427476615));
#1595=DIRECTION('',(0.0871557427476587,0.,0.996194698091746));
#1596=DIRECTION('',(-0.996194698091745,-2.03378202127292E-31,0.0871557427476623));
#1597=DIRECTION('',(0.0871557427476587,0.,0.996194698091746));
#1598=DIRECTION('center_axis',(-3.26162203914098E-33,-1.,2.85354953131145E-34));
#1599=DIRECTION('ref_axis',(0.996194698091745,-3.2740809054583E-33,-0.0871557427476624));
#1600=DIRECTION('',(0.996194698091745,0.,-0.0871557427476615));
#1601=DIRECTION('',(0.0871557427476587,0.,0.996194698091746));
#1602=DIRECTION('',(0.996194698091745,-3.2740809054583E-33,-0.0871557427476623));
#1603=DIRECTION('',(0.0871557427476587,0.,0.996194698091746));
#1604=DIRECTION('center_axis',(0.0871557427476587,0.,0.996194698091746));
#1605=DIRECTION('ref_axis',(0.996194698091746,0.,-0.0871557427476587));
#1606=DIRECTION('',(0.,1.,0.));
#1607=DIRECTION('',(0.,-1.,0.));
#1608=DIRECTION('center_axis',(-0.0871557427476686,0.,-0.996194698091745));
#1609=DIRECTION('ref_axis',(-0.996194698091745,2.36670864341323E-16,0.0871557427476686));
#1610=DIRECTION('',(0.996194698091745,8.95172238151187E-31,-0.0871557427476686));
#1611=DIRECTION('',(0.,1.,0.));
#1612=DIRECTION('',(-0.996194698091745,2.36670864341323E-16,0.0871557427476686));
#1613=DIRECTION('',(0.,1.,0.));
#1614=DIRECTION('center_axis',(-0.0871557427476686,0.,-0.996194698091745));
#1615=DIRECTION('ref_axis',(-0.996194698091745,2.36670864341323E-16,0.0871557427476686));
#1616=DIRECTION('',(-0.996194698091745,-7.84238673354482E-31,0.0871557427476686));
#1617=DIRECTION('',(0.,1.,0.));
#1618=DIRECTION('',(0.996194698091745,-2.36670864341323E-16,-0.0871557427476686));
#1619=DIRECTION('',(0.,1.,0.));
#1620=DIRECTION('center_axis',(0.0871557427476624,0.,0.996194698091745));
#1621=DIRECTION('ref_axis',(0.996194698091745,-2.36670864341326E-16,-0.0871557427476624));
#1622=DIRECTION('',(0.996194698091745,0.,-0.0871557427476615));
#1623=DIRECTION('',(0.,-1.,0.));
#1624=DIRECTION('',(0.996194698091745,-3.01492777214155E-28,-0.0871557427476624));
#1625=DIRECTION('',(0.,1.,0.));
#1626=DIRECTION('center_axis',(0.,-1.,0.));
#1627=DIRECTION('ref_axis',(0.,0.,-1.));
#1628=DIRECTION('',(0.996194698091777,0.,-0.0871557427473016));
#1629=DIRECTION('',(-0.0871557427476601,0.,-0.996194698091745));
#1630=DIRECTION('',(0.0871557427476509,0.,0.996194698091746));
#1631=DIRECTION('center_axis',(0.0871557427476624,0.,0.996194698091745));
#1632=DIRECTION('ref_axis',(0.996194698091745,-2.36670864341326E-16,-0.0871557427476624));
#1633=DIRECTION('',(0.996194698091745,0.,-0.0871557427476615));
#1634=DIRECTION('',(0.,1.,0.));
#1635=DIRECTION('',(-0.996194698091745,3.01480451262511E-28,0.0871557427476624));
#1636=DIRECTION('',(0.,-1.,0.));
#1637=DIRECTION('center_axis',(0.,1.,0.));
#1638=DIRECTION('ref_axis',(0.,0.,1.));
#1639=DIRECTION('',(-0.996194698091777,0.,0.0871557427473016));
#1640=DIRECTION('',(-0.0871557427476509,0.,-0.996194698091746));
#1641=DIRECTION('',(0.0871557427476601,0.,0.996194698091745));
#1642=DIRECTION('center_axis',(0.0871557427473017,8.72318109346277E-16,
0.996194698091777));
#1643=DIRECTION('ref_axis',(-7.60275327319961E-17,1.,-8.68998675580204E-16));
#1644=DIRECTION('',(-7.60275327323013E-17,1.,-8.68998675580178E-16));
#1645=DIRECTION('',(7.60275327323094E-17,-1.,8.68998675580177E-16));
#1646=DIRECTION('',(-0.996194698091777,0.,0.0871557427473017));
#1647=DIRECTION('',(-5.46352271812561E-15,-1.,2.63676323902422E-16));
#1648=DIRECTION('',(0.996194698091777,0.,-0.0871557427473017));
#1649=DIRECTION('',(7.60275327323094E-17,-1.,8.68998675580177E-16));
#1650=DIRECTION('',(-7.60275327323013E-17,1.,-8.68998675580178E-16));
#1651=DIRECTION('',(0.996194698091777,0.,-0.0871557427473017));
#1652=DIRECTION('',(-0.996194698091777,0.,0.0871557427473016));
#1653=DIRECTION('center_axis',(7.25717342447711E-17,-1.,8.29498718123249E-16));
#1654=DIRECTION('ref_axis',(0.996194698091777,0.,-0.0871557427473017));
#1655=DIRECTION('',(-0.0871557427476509,-8.32667268468869E-16,-0.996194698091746));
#1656=DIRECTION('',(0.996194698091777,-8.1901136643144E-31,-0.0871557427473017));
#1657=DIRECTION('',(0.0871557427473048,8.32667268468869E-16,0.996194698091776));
#1658=DIRECTION('',(0.0871557427476601,8.32667268468869E-16,0.996194698091745));
#1659=DIRECTION('center_axis',(0.996194698091776,-5.4657132705553E-15,-0.0871557427473048));
#1660=DIRECTION('ref_axis',(5.46352271812561E-15,1.,-2.63676323902422E-16));
#1661=DIRECTION('',(5.46352271812561E-15,1.,-2.63676323902422E-16));
#1662=DIRECTION('',(0.0871557427473048,8.32667268468869E-16,0.996194698091776));
#1663=DIRECTION('center_axis',(-7.25717342447711E-17,1.,-8.29498718123249E-16));
#1664=DIRECTION('ref_axis',(-0.996194698091777,0.,0.0871557427473017));
#1665=DIRECTION('',(-0.0871557427476601,-8.32667268468869E-16,-0.996194698091745));
#1666=DIRECTION('',(-0.996194698091777,8.1901136643144E-31,0.0871557427473017));
#1667=DIRECTION('',(0.0871557427476509,8.32667268468869E-16,0.996194698091746));
#1668=DIRECTION('center_axis',(0.0871557427473048,8.32667268468869E-16,
0.996194698091776));
#1669=DIRECTION('ref_axis',(0.996194698091776,0.,-0.0871557427473048));
#1670=DIRECTION('center_axis',(-2.10062371850338E-17,-1.,-2.40102389709137E-16));
#1671=DIRECTION('ref_axis',(-0.0871557427476579,2.41019541831595E-16,-0.996194698091746));
#1672=DIRECTION('',(-0.0871557427476579,2.41019541831595E-16,-0.996194698091746));
#1673=DIRECTION('',(0.996194698091745,0.,-0.0871557427476615));
#1674=DIRECTION('',(0.0871557427476579,-2.41019541831595E-16,0.996194698091746));
#1675=DIRECTION('center_axis',(1.1015635003719E-17,1.,1.25909284240632E-16));
#1676=DIRECTION('ref_axis',(0.0871557427476579,-1.2639023725163E-16,0.996194698091746));
#1677=DIRECTION('',(-0.0871557427476579,1.2639023725163E-16,-0.996194698091746));
#1678=DIRECTION('',(0.996194698091745,0.,-0.0871557427476615));
#1679=DIRECTION('',(-0.0871557427476579,1.2639023725163E-16,-0.996194698091746));
#1680=DIRECTION('center_axis',(0.996194698091745,0.,-0.0871557427476615));
#1681=DIRECTION('ref_axis',(0.0871557427476615,3.90981799787581E-18,0.996194698091745));
#1682=DIRECTION('center_axis',(-0.996194698091746,-1.22933234373744E-18,
0.0871557427476579));
#1683=DIRECTION('ref_axis',(0.0871557427476615,3.90981799787581E-18,0.996194698091745));
#1684=DIRECTION('',(0.996194698091745,0.,-0.0871557427476615));
#1685=DIRECTION('center_axis',(-0.996194698091746,-1.22933234373744E-18,
0.0871557427476579));
#1686=DIRECTION('ref_axis',(0.0871557427476579,3.90981799787581E-18,0.996194698091746));
#1687=DIRECTION('center_axis',(1.1015635003719E-17,1.,1.25909284240632E-16));
#1688=DIRECTION('ref_axis',(0.0871557427476579,-1.2639023725163E-16,0.996194698091746));
#1689=DIRECTION('',(-0.0871557427476579,1.2639023725163E-16,-0.996194698091746));
#1690=DIRECTION('',(0.996194698091745,0.,-0.0871557427476615));
#1691=DIRECTION('',(-0.0871557427476579,1.2639023725163E-16,-0.996194698091746));
#1692=DIRECTION('center_axis',(-0.0871557427476615,2.41019541831595E-16,
-0.996194698091745));
#1693=DIRECTION('ref_axis',(1.9781582822009E-17,1.,2.40209533082639E-16));
#1694=DIRECTION('',(-1.9781582822009E-17,-1.,-2.40209533082639E-16));
#1695=DIRECTION('',(0.996194698091745,0.,-0.0871557427476615));
#1696=DIRECTION('',(-1.9781582822009E-17,-1.,-2.40209533082639E-16));
#1697=DIRECTION('center_axis',(0.996194698091745,0.,-0.0871557427476615));
#1698=DIRECTION('ref_axis',(0.0871557427476615,-2.41019541831595E-16,0.996194698091745));
#1699=DIRECTION('center_axis',(0.996194698091746,1.22933234373744E-18,-0.0871557427476579));
#1700=DIRECTION('ref_axis',(0.0871557427476615,-2.41019541831595E-16,0.996194698091745));
#1701=DIRECTION('center_axis',(0.996194698091746,1.22933234373744E-18,-0.0871557427476579));
#1702=DIRECTION('ref_axis',(0.0871557427476579,-2.41019541831595E-16,0.996194698091746));
#1703=DIRECTION('center_axis',(0.0871557427476615,-2.41019541831595E-16,
0.996194698091745));
#1704=DIRECTION('ref_axis',(-1.9781582822009E-17,-1.,-2.40209533082639E-16));
#1705=DIRECTION('',(1.9781582822009E-17,1.,2.40209533082639E-16));
#1706=DIRECTION('',(0.996194698091745,0.,-0.0871557427476615));
#1707=DIRECTION('',(1.9781582822009E-17,1.,2.40209533082639E-16));
#1708=DIRECTION('center_axis',(0.996194698091745,0.,-0.0871557427476615));
#1709=DIRECTION('ref_axis',(0.0871557427476615,3.90981799787581E-18,0.996194698091745));
#1710=DIRECTION('center_axis',(0.996194698091746,1.22933234373744E-18,-0.0871557427476579));
#1711=DIRECTION('ref_axis',(0.0871557427476615,3.90981799787581E-18,0.996194698091745));
#1712=DIRECTION('',(-0.996194698091745,0.,0.0871557427476615));
#1713=DIRECTION('center_axis',(-0.996194698091746,-1.22933234373744E-18,
0.0871557427476579));
#1714=DIRECTION('ref_axis',(0.0871557427476579,3.90981799787581E-18,0.996194698091746));
#1715=DIRECTION('center_axis',(0.996194698091745,0.,-0.0871557427476615));
#1716=DIRECTION('ref_axis',(0.0871557427476615,3.90981799787581E-18,0.996194698091745));
#1717=DIRECTION('center_axis',(0.996194698091746,1.22933234373744E-18,-0.0871557427476579));
#1718=DIRECTION('ref_axis',(0.0871557427476615,3.90981799787581E-18,0.996194698091745));
#1719=DIRECTION('',(-0.996194698091745,0.,0.0871557427476615));
#1720=DIRECTION('center_axis',(-0.996194698091746,-1.22933234373744E-18,
0.0871557427476579));
#1721=DIRECTION('ref_axis',(0.0871557427476579,3.90981799787581E-18,0.996194698091746));
#1722=DIRECTION('center_axis',(9.66017936903153E-17,1.,1.10416355442082E-15));
#1723=DIRECTION('ref_axis',(0.0871557427476579,-1.10838127981999E-15,0.996194698091746));
#1724=DIRECTION('',(-0.0871557427476579,1.10838127981999E-15,-0.996194698091746));
#1725=DIRECTION('',(0.996194698091745,0.,-0.0871557427476615));
#1726=DIRECTION('',(0.0871557427476579,-1.10838127981999E-15,0.996194698091746));
#1727=DIRECTION('center_axis',(0.996194698091745,0.,-0.0871557427476615));
#1728=DIRECTION('ref_axis',(0.0871557427476615,3.90981799787581E-18,0.996194698091745));
#1729=DIRECTION('center_axis',(0.996194698091746,1.22933234373744E-18,-0.0871557427476579));
#1730=DIRECTION('ref_axis',(0.0871557427476615,3.90981799787581E-18,0.996194698091745));
#1731=DIRECTION('',(0.996194698091745,0.,-0.0871557427476615));
#1732=DIRECTION('center_axis',(-0.996194698091746,-1.22933234373744E-18,
0.0871557427476579));
#1733=DIRECTION('ref_axis',(0.0871557427476579,3.90981799787581E-18,0.996194698091746));
#1734=DIRECTION('center_axis',(0.0871557427476615,-2.41019541831595E-16,
0.996194698091745));
#1735=DIRECTION('ref_axis',(-1.9781582822009E-17,-1.,-2.40209533082639E-16));
#1736=DIRECTION('',(1.9781582822009E-17,1.,2.40209533082639E-16));
#1737=DIRECTION('',(0.996194698091745,0.,-0.0871557427476615));
#1738=DIRECTION('',(-1.9781582822009E-17,-1.,-2.40209533082639E-16));
#1739=DIRECTION('center_axis',(1.1015635003719E-17,1.,1.25909284240632E-16));
#1740=DIRECTION('ref_axis',(0.0871557427476579,-1.2639023725163E-16,0.996194698091746));
#1741=DIRECTION('',(-0.0871557427476579,1.2639023725163E-16,-0.996194698091746));
#1742=DIRECTION('',(0.996194698091745,0.,-0.0871557427476615));
#1743=DIRECTION('',(-0.0871557427476579,1.2639023725163E-16,-0.996194698091746));
#1744=DIRECTION('center_axis',(0.996194698091745,0.,-0.0871557427476615));
#1745=DIRECTION('ref_axis',(0.0871557427476615,3.90981799787581E-18,0.996194698091745));
#1746=DIRECTION('center_axis',(-0.996194698091746,-1.22933234373744E-18,
0.0871557427476579));
#1747=DIRECTION('ref_axis',(0.0871557427476615,3.90981799787581E-18,0.996194698091745));
#1748=DIRECTION('center_axis',(-0.996194698091746,-1.22933234373744E-18,
0.0871557427476579));
#1749=DIRECTION('ref_axis',(0.0871557427476579,3.90981799787581E-18,0.996194698091746));
#1750=DIRECTION('center_axis',(-0.996194698091746,-1.22933234373744E-18,
0.0871557427476579));
#1751=DIRECTION('ref_axis',(0.0871557427476579,3.90981799787581E-18,0.996194698091746));
#1752=DIRECTION('',(-1.56541745463697E-18,1.,-3.78779658648541E-18));
#1753=DIRECTION('',(0.0871557427476579,8.71271555986279E-16,0.996194698091746));
#1754=DIRECTION('center_axis',(0.996194698091746,1.22933234373744E-18,-0.0871557427476579));
#1755=DIRECTION('ref_axis',(0.0871557427476615,3.90981799787581E-18,0.996194698091745));
#1756=DIRECTION('',(-1.56541745463697E-18,1.,-3.78779658648541E-18));
#1757=DIRECTION('',(0.0871557427476579,-1.10719486582089E-16,0.996194698091746));
#1758=DIRECTION('center_axis',(-0.996194698091746,-1.22933234373744E-18,
0.0871557427476579));
#1759=DIRECTION('ref_axis',(0.0871557427476615,3.90981799787581E-18,0.996194698091745));
#1760=DIRECTION('',(0.0871557427476579,-1.10719486582089E-16,0.996194698091746));
#1761=DIRECTION('center_axis',(-0.996194698091746,-1.22933234373744E-18,
0.0871557427476579));
#1762=DIRECTION('ref_axis',(0.0871557427476615,3.90981799787581E-18,0.996194698091745));
#1763=DIRECTION('',(0.0871557427476579,-1.10719486582089E-16,0.996194698091746));
#1764=DIRECTION('',(1.56541745463697E-18,-1.,3.78779658648541E-18));
#1765=DIRECTION('center_axis',(0.996194698091746,1.22933234373744E-18,-0.0871557427476579));
#1766=DIRECTION('ref_axis',(0.0871557427476615,3.90981799787581E-18,0.996194698091745));
#1767=DIRECTION('center_axis',(0.996194698091746,1.22933234373744E-18,-0.0871557427476579));
#1768=DIRECTION('ref_axis',(0.0871557427476615,3.90981799787581E-18,0.996194698091745));
#1769=DIRECTION('center_axis',(0.996194698091746,1.22933234373744E-18,-0.0871557427476579));
#1770=DIRECTION('ref_axis',(0.0871557427476615,3.90981799787581E-18,0.996194698091745));
#1771=DIRECTION('center_axis',(0.996194698091745,0.,-0.0871557427476615));
#1772=DIRECTION('ref_axis',(0.0871557427476615,3.90981799787581E-18,0.996194698091745));
#1773=DIRECTION('',(0.996194698091745,0.,-0.0871557427476615));
#1774=DIRECTION('center_axis',(0.996194698091746,1.22933234373744E-18,-0.0871557427476579));
#1775=DIRECTION('ref_axis',(0.0871557427476579,3.90981799787581E-18,0.996194698091746));
#1776=DIRECTION('center_axis',(-9.64983908970173E-18,-1.,-1.10298165508517E-16));
#1777=DIRECTION('ref_axis',(-0.0871557427476579,1.10719486582089E-16,-0.996194698091746));
#1778=DIRECTION('',(0.996194698091745,0.,-0.0871557427476615));
#1779=DIRECTION('',(-0.0871557427476579,1.10719486582089E-16,-0.996194698091746));
#1780=DIRECTION('center_axis',(0.0871557427476615,3.90981799787581E-18,
0.996194698091745));
#1781=DIRECTION('ref_axis',(1.56541745463697E-18,-1.,3.78779658648541E-18));
#1782=DIRECTION('',(0.996194698091745,0.,-0.0871557427476615));
#1783=DIRECTION('',(-1.56541745463697E-18,1.,-3.78779658648541E-18));
#1784=DIRECTION('center_axis',(0.996194698091745,0.,-0.0871557427476615));
#1785=DIRECTION('ref_axis',(0.0871557427476615,3.90981799787581E-18,0.996194698091745));
#1786=DIRECTION('',(0.996194698091745,0.,-0.0871557427476615));
#1787=DIRECTION('center_axis',(0.996194698091746,1.22933234373744E-18,-0.0871557427476579));
#1788=DIRECTION('ref_axis',(0.0871557427476579,3.90981799787581E-18,0.996194698091746));
#1789=DIRECTION('center_axis',(7.59363195968949E-17,-1.,8.67956104671676E-16));
#1790=DIRECTION('ref_axis',(-0.0871557427476579,-8.71271555986279E-16,-0.996194698091746));
#1791=DIRECTION('',(0.996194698091745,0.,-0.0871557427476615));
#1792=DIRECTION('',(0.0871557427476579,8.71271555986279E-16,0.996194698091746));
#1793=DIRECTION('center_axis',(0.0871557427476615,3.90981799787581E-18,
0.996194698091745));
#1794=DIRECTION('ref_axis',(1.56541745463697E-18,-1.,3.78779658648541E-18));
#1795=DIRECTION('',(1.56541745463697E-18,-1.,3.78779658648541E-18));
#1796=DIRECTION('center_axis',(0.996194698091745,0.,-0.0871557427476615));
#1797=DIRECTION('ref_axis',(0.0871557427476615,3.90981799787581E-18,0.996194698091745));
#1798=DIRECTION('',(-0.996194698091745,0.,0.0871557427476615));
#1799=DIRECTION('center_axis',(0.996194698091746,1.22933234373744E-18,-0.0871557427476579));
#1800=DIRECTION('ref_axis',(0.0871557427476579,3.90981799787581E-18,0.996194698091746));
#1801=DIRECTION('center_axis',(0.996194698091745,0.,-0.0871557427476615));
#1802=DIRECTION('ref_axis',(0.0871557427476615,3.90981799787581E-18,0.996194698091745));
#1803=DIRECTION('',(-0.996194698091745,0.,0.0871557427476615));
#1804=DIRECTION('center_axis',(0.996194698091746,1.22933234373744E-18,-0.0871557427476579));
#1805=DIRECTION('ref_axis',(0.0871557427476579,3.90981799787581E-18,0.996194698091746));
#1806=DIRECTION('center_axis',(0.996194698091745,0.,-0.0871557427476615));
#1807=DIRECTION('ref_axis',(0.0871557427476615,3.90981799787581E-18,0.996194698091745));
#1808=DIRECTION('',(0.996194698091745,0.,-0.0871557427476615));
#1809=DIRECTION('center_axis',(-0.996194698091746,-1.22933234373744E-18,
0.0871557427476579));
#1810=DIRECTION('ref_axis',(0.0871557427476579,3.90981799787581E-18,0.996194698091746));
#1811=DIRECTION('center_axis',(-0.0871557427476615,-3.90981799787581E-18,
-0.996194698091745));
#1812=DIRECTION('ref_axis',(-1.56541745463697E-18,1.,-3.78779658648541E-18));
#1813=DIRECTION('',(0.996194698091745,0.,-0.0871557427476615));
#1814=DIRECTION('',(-1.56541745463697E-18,1.,-3.78779658648541E-18));
#1815=DIRECTION('center_axis',(-9.64983908970173E-18,-1.,-1.10298165508517E-16));
#1816=DIRECTION('ref_axis',(-0.0871557427476579,1.10719486582089E-16,-0.996194698091746));
#1817=DIRECTION('',(0.996194698091745,0.,-0.0871557427476615));
#1818=DIRECTION('',(-0.0871557427476579,1.10719486582089E-16,-0.996194698091746));
#1819=DIRECTION('center_axis',(0.996194698091745,0.,-0.0871557427476615));
#1820=DIRECTION('ref_axis',(0.0871557427476615,3.90981799787581E-18,0.996194698091745));
#1821=DIRECTION('',(0.996194698091745,0.,-0.0871557427476615));
#1822=DIRECTION('center_axis',(0.996194698091746,1.22933234373744E-18,-0.0871557427476579));
#1823=DIRECTION('ref_axis',(0.0871557427476579,3.90981799787581E-18,0.996194698091746));
#1824=DIRECTION('center_axis',(-9.64983908970173E-18,-1.,-1.10298165508517E-16));
#1825=DIRECTION('ref_axis',(-0.0871557427476579,1.10719486582089E-16,-0.996194698091746));
#1826=DIRECTION('',(-0.0871557427476579,1.10719486582089E-16,-0.996194698091746));
#1827=DIRECTION('center_axis',(-0.996194698091746,-1.22933234373744E-18,
0.0871557427476579));
#1828=DIRECTION('ref_axis',(0.0871557427476579,3.90981799787581E-18,0.996194698091746));
#1829=CARTESIAN_POINT('',(0.,0.,0.));
#1830=CARTESIAN_POINT('Origin',(351.631316968194,-20.500000257045,210.068974919116));
#1831=CARTESIAN_POINT('',(361.497994146731,-20.5000001877989,211.715302113186));
#1832=CARTESIAN_POINT('',(359.754343852728,-21.5000002001888,211.658342348023));
#1833=CARTESIAN_POINT('Ctrl Pts',(361.497994146731,-20.500000187799,211.715302113186));
#1834=CARTESIAN_POINT('Ctrl Pts',(361.415096663036,-20.6441313061703,211.722554703244));
#1835=CARTESIAN_POINT('Ctrl Pts',(361.308599861703,-20.7815118149618,211.718415381035));
#1836=CARTESIAN_POINT('Ctrl Pts',(361.020124392966,-21.0762470683133,211.696743071073));
#1837=CARTESIAN_POINT('Ctrl Pts',(360.790408482665,-21.2349782002229,211.668963811013));
#1838=CARTESIAN_POINT('Ctrl Pts',(360.286568410317,-21.4469031199152,211.637057705595));
#1839=CARTESIAN_POINT('Ctrl Pts',(360.012227172998,-21.5000001983381,211.635780480987));
#1840=CARTESIAN_POINT('Ctrl Pts',(359.75434385985,-21.5000002001888,211.6583423474));
#1841=CARTESIAN_POINT('',(358.047074484072,-20.500000212565,212.017218462406));
#1842=CARTESIAN_POINT('Ctrl Pts',(359.75434385985,-21.5000002001888,211.6583423474));
#1843=CARTESIAN_POINT('Ctrl Pts',(359.496460546702,-21.5000002020396,211.680904213813));
#1844=CARTESIAN_POINT('Ctrl Pts',(359.226508956189,-21.446903127523,211.729800890495));
#1845=CARTESIAN_POINT('Ctrl Pts',(358.735863780705,-21.2349782149677,211.848713181141));
#1846=CARTESIAN_POINT('Ctrl Pts',(358.514461586877,-21.0762470862956,211.915960161224));
#1847=CARTESIAN_POINT('Ctrl Pts',(358.234132061642,-20.7815118370262,211.987396459915));
#1848=CARTESIAN_POINT('Ctrl Pts',(358.12997196982,-20.6441313297465,212.009965872168));
#1849=CARTESIAN_POINT('Ctrl Pts',(358.047074484072,-20.500000212565,212.017218462406));
#1850=CARTESIAN_POINT('',(345.620518374728,-20.5000003017462,213.104401248638));
#1851=CARTESIAN_POINT('',(351.849206325062,-20.500000257045,212.559461664345));
#1852=CARTESIAN_POINT('',(343.876868080727,-21.5000003141326,213.047441483476));
#1853=CARTESIAN_POINT('Ctrl Pts',(345.620518374728,-20.5000003017463,213.104401248638));
#1854=CARTESIAN_POINT('Ctrl Pts',(345.537620891033,-20.6441314201164,213.111653838696));
#1855=CARTESIAN_POINT('Ctrl Pts',(345.431124089702,-20.7815119289066,213.107514516487));
#1856=CARTESIAN_POINT('Ctrl Pts',(345.142648620965,-21.0762471822572,213.085842206526));
#1857=CARTESIAN_POINT('Ctrl Pts',(344.912932710664,-21.2349783141667,213.058062946466));
#1858=CARTESIAN_POINT('Ctrl Pts',(344.409092638316,-21.446903233859,213.026156841049));
#1859=CARTESIAN_POINT('Ctrl Pts',(344.134751400997,-21.5000003122818,213.02487961644));
#1860=CARTESIAN_POINT('Ctrl Pts',(343.876868087849,-21.5000003141326,213.047441482853));
#1861=CARTESIAN_POINT('',(342.259014058365,-20.6419414117618,213.394446657508));
#1862=CARTESIAN_POINT('Ctrl Pts',(343.876868087849,-21.5000003141326,213.047441482853));
#1863=CARTESIAN_POINT('Ctrl Pts',(343.618984774701,-21.5000003159833,213.070003349266));
#1864=CARTESIAN_POINT('Ctrl Pts',(343.349033184188,-21.4469032414667,213.118900025948));
#1865=CARTESIAN_POINT('Ctrl Pts',(342.858388008705,-21.2349783289115,213.237812316594));
#1866=CARTESIAN_POINT('Ctrl Pts',(342.636985814876,-21.0762472002395,213.305059296676));
#1867=CARTESIAN_POINT('Ctrl Pts',(342.391653396554,-20.8183075079877,213.367577291879));
#1868=CARTESIAN_POINT('Ctrl Pts',(342.321913783144,-20.7333814490561,213.383723754016));
#1869=CARTESIAN_POINT('Ctrl Pts',(342.259014058365,-20.6419414117618,213.394446657508));
#1870=CARTESIAN_POINT('',(339.692390387043,-23.0000003427267,211.11349564963));
#1871=CARTESIAN_POINT('Origin',(342.182877132273,-20.5000003248533,210.895606292762));
#1872=CARTESIAN_POINT('',(387.448096497981,-23.,206.935412746265));
#1873=CARTESIAN_POINT('',(351.631316985999,-23.000000257045,210.068974917558));
#1874=CARTESIAN_POINT('',(387.665985854849,-20.5,209.425899491494));
#1875=CARTESIAN_POINT('Origin',(387.448096497981,-20.5,206.935412746265));
#1876=CARTESIAN_POINT('',(381.421888108567,-20.5000000448118,209.97218725824));
#1877=CARTESIAN_POINT('',(351.849206325062,-20.500000257045,212.559461664345));
#1878=CARTESIAN_POINT('',(379.678237814563,-21.5000000572021,209.915227493077));
#1879=CARTESIAN_POINT('Ctrl Pts',(381.421888108567,-20.5000000448118,209.972187258239));
#1880=CARTESIAN_POINT('Ctrl Pts',(381.338990624872,-20.6441311631832,209.979439848298));
#1881=CARTESIAN_POINT('Ctrl Pts',(381.232493823539,-20.781511671975,209.975300526089));
#1882=CARTESIAN_POINT('Ctrl Pts',(380.944018354801,-21.0762469253266,209.953628216127));
#1883=CARTESIAN_POINT('Ctrl Pts',(380.714302444501,-21.2349780572361,209.925848956067));
#1884=CARTESIAN_POINT('Ctrl Pts',(380.210462372152,-21.4469029769285,209.893942850649));
#1885=CARTESIAN_POINT('Ctrl Pts',(379.936121134834,-21.5000000553514,209.892665626041));
#1886=CARTESIAN_POINT('Ctrl Pts',(379.678237821685,-21.5000000572021,209.915227492453));
#1887=CARTESIAN_POINT('',(377.970968445907,-20.5000000695779,210.27410360746));
#1888=CARTESIAN_POINT('Ctrl Pts',(379.678237821686,-21.5000000572021,209.915227492453));
#1889=CARTESIAN_POINT('Ctrl Pts',(379.420354508537,-21.5000000590528,209.937789358866));
#1890=CARTESIAN_POINT('Ctrl Pts',(379.150402918024,-21.4469029845362,209.986686035549));
#1891=CARTESIAN_POINT('Ctrl Pts',(378.659757742541,-21.2349780719809,210.105598326195));
#1892=CARTESIAN_POINT('Ctrl Pts',(378.438355548712,-21.0762469433088,210.172845306277));
#1893=CARTESIAN_POINT('Ctrl Pts',(378.158026023477,-20.7815116940394,210.244281604969));
#1894=CARTESIAN_POINT('Ctrl Pts',(378.053865931655,-20.6441311867595,210.266851017222));
#1895=CARTESIAN_POINT('Ctrl Pts',(377.970968445907,-20.5000000695779,210.27410360746));
#1896=CARTESIAN_POINT('',(351.849206325062,-20.500000257045,212.559461664345));
#1897=CARTESIAN_POINT('Origin',(342.182877132273,6.99999991431833,210.895606292762));
#1898=CARTESIAN_POINT('',(342.400766489141,-3.33409308313502,213.386093037992));
#1899=CARTESIAN_POINT('',(342.400766489141,-0.688341772070464,213.386093037992));
#1900=CARTESIAN_POINT('Ctrl Pts',(342.400766489141,-3.33409308313502,213.386093037992));
#1901=CARTESIAN_POINT('Ctrl Pts',(342.257077206983,-3.17054239195408,213.398664221251));
#1902=CARTESIAN_POINT('Ctrl Pts',(342.133314373519,-2.97470498330452,213.39661245554));
#1903=CARTESIAN_POINT('Ctrl Pts',(341.947556794945,-2.52121519682125,213.386494526199));
#1904=CARTESIAN_POINT('Ctrl Pts',(341.898266881111,-2.25813982311531,213.379352858927));
#1905=CARTESIAN_POINT('Ctrl Pts',(341.898266881111,-2.01121742760274,213.379352858927));
#1906=CARTESIAN_POINT('Ctrl Pts',(341.898266881111,-1.76429503209018,213.379352858927));
#1907=CARTESIAN_POINT('Ctrl Pts',(341.947556794945,-1.50121965838423,213.386494526199));
#1908=CARTESIAN_POINT('Ctrl Pts',(342.133314373519,-1.04772987190096,213.39661245554));
#1909=CARTESIAN_POINT('Ctrl Pts',(342.257077206983,-0.851892463251299,213.398664221251));
#1910=CARTESIAN_POINT('Ctrl Pts',(342.400766489141,-0.688341772070418,213.386093037992));
#1911=CARTESIAN_POINT('',(342.400766489141,12.1771243444613,213.386093037992));
#1912=CARTESIAN_POINT('',(342.400766489141,6.99999991431833,213.386093037992));
#1913=CARTESIAN_POINT('',(342.259014053549,14.6419410907047,213.394446657655));
#1914=CARTESIAN_POINT('Ctrl Pts',(342.400766489141,12.1771243444613,213.386093037992));
#1915=CARTESIAN_POINT('Ctrl Pts',(342.257077206983,12.3406750356422,213.398664221251));
#1916=CARTESIAN_POINT('Ctrl Pts',(342.133314373519,12.5365124442918,213.39661245554));
#1917=CARTESIAN_POINT('Ctrl Pts',(341.947556794946,12.990002230775,213.386494526199));
#1918=CARTESIAN_POINT('Ctrl Pts',(341.898266881111,13.2530776044809,213.379352858927));
#1919=CARTESIAN_POINT('Ctrl Pts',(341.898266881111,13.4999999999934,213.379352858927));
#1920=CARTESIAN_POINT('Ctrl Pts',(341.898266881111,13.746922395506,213.379352858927));
#1921=CARTESIAN_POINT('Ctrl Pts',(341.947556794945,14.0099977692119,213.386494526199));
#1922=CARTESIAN_POINT('Ctrl Pts',(342.103355549681,14.390349109717,213.394980644525));
#1923=CARTESIAN_POINT('Ctrl Pts',(342.175431122606,14.5218994715989,213.396993337756));
#1924=CARTESIAN_POINT('Ctrl Pts',(342.259014053549,14.6419410907047,213.394446657655));
#1925=CARTESIAN_POINT('',(339.692390387043,17.,211.11349564963));
#1926=CARTESIAN_POINT('Origin',(342.182877132273,14.5,210.895606292762));
#1927=CARTESIAN_POINT('',(339.692390387043,6.99999991431833,211.11349564963));
#1928=CARTESIAN_POINT('',(342.400766489141,-18.1771246586001,213.386093037992));
#1929=CARTESIAN_POINT('Ctrl Pts',(342.259014058366,-20.6419414117618,213.394446657508));
#1930=CARTESIAN_POINT('Ctrl Pts',(342.175431125384,-20.5218997907871,213.396993337833));
#1931=CARTESIAN_POINT('Ctrl Pts',(342.103355550765,-20.3903494265028,213.394980644584));
#1932=CARTESIAN_POINT('Ctrl Pts',(341.947556794945,-20.0099980833511,213.386494526199));
#1933=CARTESIAN_POINT('Ctrl Pts',(341.898266881111,-19.7469227096451,213.379352858927));
#1934=CARTESIAN_POINT('Ctrl Pts',(341.898266881111,-19.5000003141326,213.379352858927));
#1935=CARTESIAN_POINT('Ctrl Pts',(341.898266881111,-19.25307791862,213.379352858927));
#1936=CARTESIAN_POINT('Ctrl Pts',(341.947556794945,-18.9900025449141,213.386494526199));
#1937=CARTESIAN_POINT('Ctrl Pts',(342.133314373519,-18.5365127584307,213.39661245554));
#1938=CARTESIAN_POINT('Ctrl Pts',(342.257077206983,-18.3406753497811,213.398664221251));
#1939=CARTESIAN_POINT('Ctrl Pts',(342.400766489141,-18.1771246586002,213.386093037992));
#1940=CARTESIAN_POINT('',(342.400766489141,6.99999991431833,213.386093037992));
#1941=CARTESIAN_POINT('Origin',(375.509169970247,14.5,207.979933472106));
#1942=CARTESIAN_POINT('',(377.970968438792,14.5,210.274103608082));
#1943=CARTESIAN_POINT('',(381.421888101439,14.5,209.972187258863));
#1944=CARTESIAN_POINT('Ctrl Pts',(377.970968438792,14.5,210.274103608082));
#1945=CARTESIAN_POINT('Ctrl Pts',(378.053865923513,14.6441311177729,210.266851017934));
#1946=CARTESIAN_POINT('Ctrl Pts',(378.158026014354,14.7815116258047,210.244281605768));
#1947=CARTESIAN_POINT('Ctrl Pts',(378.438355537487,15.0762468771124,210.172845307262));
#1948=CARTESIAN_POINT('Ctrl Pts',(378.659757730186,15.2349780074031,210.105598327279));
#1949=CARTESIAN_POINT('Ctrl Pts',(379.15040290416,15.4469029235267,209.986686036766));
#1950=CARTESIAN_POINT('Ctrl Pts',(379.420354494294,15.4999999999964,209.937789360117));
#1951=CARTESIAN_POINT('Ctrl Pts',(379.678237807442,15.4999999999964,209.915227493704));
#1952=CARTESIAN_POINT('Ctrl Pts',(379.93612112059,15.4999999999964,209.892665627291));
#1953=CARTESIAN_POINT('Ctrl Pts',(380.210462358287,15.4469029235267,209.893942851867));
#1954=CARTESIAN_POINT('Ctrl Pts',(380.714302432144,15.2349780074031,209.925848957151));
#1955=CARTESIAN_POINT('Ctrl Pts',(380.944018343575,15.0762468771124,209.953628217112));
#1956=CARTESIAN_POINT('Ctrl Pts',(381.23249381441,14.7815116258047,209.975300526888));
#1957=CARTESIAN_POINT('Ctrl Pts',(381.338990616718,14.6441311177728,209.979439849011));
#1958=CARTESIAN_POINT('Ctrl Pts',(381.421888101439,14.5,209.972187258863));
#1959=CARTESIAN_POINT('',(387.665985854849,14.5,209.425899491494));
#1960=CARTESIAN_POINT('',(375.727059327115,14.5,210.470420217336));
#1961=CARTESIAN_POINT('',(387.448096497981,17.,206.935412746265));
#1962=CARTESIAN_POINT('Origin',(387.448096497981,14.5,206.935412746265));
#1963=CARTESIAN_POINT('',(375.509169970247,17.,207.979933472106));
#1964=CARTESIAN_POINT('',(345.620518367601,14.5,213.104401249261));
#1965=CARTESIAN_POINT('Ctrl Pts',(342.259014053549,14.6419410907047,213.394446657655));
#1966=CARTESIAN_POINT('Ctrl Pts',(342.321913776801,14.7333811266268,213.383723754223));
#1967=CARTESIAN_POINT('Ctrl Pts',(342.391653388387,14.8183071843563,213.36757729239));
#1968=CARTESIAN_POINT('Ctrl Pts',(342.63698580365,15.0762468771096,213.305059297661));
#1969=CARTESIAN_POINT('Ctrl Pts',(342.858387996349,15.2349780074003,213.237812317678));
#1970=CARTESIAN_POINT('Ctrl Pts',(343.349033170323,15.4469029235238,213.118900027165));
#1971=CARTESIAN_POINT('Ctrl Pts',(343.618984760458,15.4999999999935,213.070003350517));
#1972=CARTESIAN_POINT('Ctrl Pts',(343.876868073606,15.4999999999935,213.047441484104));
#1973=CARTESIAN_POINT('Ctrl Pts',(344.134751386754,15.4999999999934,213.024879617691));
#1974=CARTESIAN_POINT('Ctrl Pts',(344.40909262445,15.4469029235238,213.026156842266));
#1975=CARTESIAN_POINT('Ctrl Pts',(344.912932698307,15.2349780074002,213.05806294755));
#1976=CARTESIAN_POINT('Ctrl Pts',(345.142648609738,15.0762468771096,213.08584220751));
#1977=CARTESIAN_POINT('Ctrl Pts',(345.431124080572,14.7815116258026,213.107514517287));
#1978=CARTESIAN_POINT('Ctrl Pts',(345.53762088288,14.6441311177718,213.111653839409));
#1979=CARTESIAN_POINT('Ctrl Pts',(345.620518367601,14.5,213.104401249261));
#1980=CARTESIAN_POINT('',(358.047074476958,14.5,212.017218463028));
#1981=CARTESIAN_POINT('',(375.727059327115,14.5,210.470420217336));
#1982=CARTESIAN_POINT('',(361.497994139602,14.5,211.715302113809));
#1983=CARTESIAN_POINT('Ctrl Pts',(358.047074476958,14.5,212.017218463028));
#1984=CARTESIAN_POINT('Ctrl Pts',(358.129971961679,14.6441311177718,212.00996587288));
#1985=CARTESIAN_POINT('Ctrl Pts',(358.234132052519,14.7815116258024,211.987396460714));
#1986=CARTESIAN_POINT('Ctrl Pts',(358.514461575652,15.0762468771093,211.915960162209));
#1987=CARTESIAN_POINT('Ctrl Pts',(358.73586376835,15.2349780074,211.848713182226));
#1988=CARTESIAN_POINT('Ctrl Pts',(359.226508942324,15.4469029235235,211.729800891713));
#1989=CARTESIAN_POINT('Ctrl Pts',(359.496460532459,15.4999999999932,211.680904215065));
#1990=CARTESIAN_POINT('Ctrl Pts',(359.754343845607,15.4999999999932,211.658342348652));
#1991=CARTESIAN_POINT('Ctrl Pts',(360.012227158755,15.4999999999932,211.635780482239));
#1992=CARTESIAN_POINT('Ctrl Pts',(360.286568396451,15.4469029235235,211.637057706814));
#1993=CARTESIAN_POINT('Ctrl Pts',(360.790408470309,15.2349780074,211.668963812098));
#1994=CARTESIAN_POINT('Ctrl Pts',(361.020124381739,15.0762468771093,211.696743072058));
#1995=CARTESIAN_POINT('Ctrl Pts',(361.308599852573,14.7815116258024,211.718415381835));
#1996=CARTESIAN_POINT('Ctrl Pts',(361.415096654881,14.6441311177718,211.722554703957));
#1997=CARTESIAN_POINT('Ctrl Pts',(361.497994139602,14.5000000000001,211.715302113809));
#1998=CARTESIAN_POINT('',(375.727059327115,14.5,210.470420217336));
#1999=CARTESIAN_POINT('Origin',(379.696428270115,-19.5000000572021,210.123145433472));
#2000=CARTESIAN_POINT('Origin',(379.696428270115,-19.5000000572021,210.123145433473));
#2001=CARTESIAN_POINT('',(378.999182328136,-21.5000000572021,202.153587848738));
#2002=CARTESIAN_POINT('',(379.696428270115,-21.5000000572021,210.123145433472));
#2003=CARTESIAN_POINT('Origin',(378.999182328136,-19.5000000572021,202.153587848738));
#2004=CARTESIAN_POINT('Origin',(386.968739912871,-23.,201.45634190676));
#2005=CARTESIAN_POINT('',(386.968739912871,-23.,201.45634190676));
#2006=CARTESIAN_POINT('',(386.968739912871,-23.,201.45634190676));
#2007=CARTESIAN_POINT('',(386.968739912871,-16.0000002384186,201.45634190676));
#2008=CARTESIAN_POINT('',(386.968739912871,-23.,201.45634190676));
#2009=CARTESIAN_POINT('',(387.665985854849,-16.0000002384186,209.425899491494));
#2010=CARTESIAN_POINT('',(386.968739912871,-16.0000002384186,201.45634190676));
#2011=CARTESIAN_POINT('',(387.665985854849,-23.,209.425899491494));
#2012=CARTESIAN_POINT('Origin',(339.213033801933,-23.0000003427267,205.634424810125));
#2013=CARTESIAN_POINT('',(339.213033801933,-23.0000003427267,205.634424810126));
#2014=CARTESIAN_POINT('',(339.213033801933,-23.0000003427267,205.634424810126));
#2015=CARTESIAN_POINT('',(386.968739912871,-23.,201.45634190676));
#2016=CARTESIAN_POINT('Origin',(339.213033801933,17.,205.634424810126));
#2017=CARTESIAN_POINT('',(339.213033801933,17.,205.634424810126));
#2018=CARTESIAN_POINT('',(339.213033801933,17.,205.634424810126));
#2019=CARTESIAN_POINT('',(339.213033801933,-23.0000003427267,205.634424810126));
#2020=CARTESIAN_POINT('Origin',(386.968739912871,17.,201.45634190676));
#2021=CARTESIAN_POINT('',(386.968739912871,17.,201.45634190676));
#2022=CARTESIAN_POINT('',(386.968739912871,17.,201.45634190676));
#2023=CARTESIAN_POINT('',(386.968739912871,17.,201.45634190676));
#2024=CARTESIAN_POINT('Origin',(386.968739912871,10.0000001490116,201.45634190676));
#2025=CARTESIAN_POINT('',(387.665985854849,10.0000001490116,209.425899491494));
#2026=CARTESIAN_POINT('',(387.66598585485,10.0000001490116,209.425899491494));
#2027=CARTESIAN_POINT('',(386.968739912871,10.0000001490116,201.45634190676));
#2028=CARTESIAN_POINT('',(386.968739912871,10.0000001490116,201.45634190676));
#2029=CARTESIAN_POINT('',(386.968739912871,10.0000001490116,201.45634190676));
#2030=CARTESIAN_POINT('Origin',(379.696428270115,13.4999999999964,210.123145433472));
#2031=CARTESIAN_POINT('',(379.696428270116,11.4999999999964,210.123145433473));
#2032=CARTESIAN_POINT('Origin',(379.696428270116,13.4999999999964,210.123145433473));
#2033=CARTESIAN_POINT('',(378.999182328137,11.4999999999964,202.153587848738));
#2034=CARTESIAN_POINT('',(379.696428270115,11.4999999999964,210.123145433472));
#2035=CARTESIAN_POINT('Origin',(378.999182328137,13.4999999999964,202.153587848738));
#2036=CARTESIAN_POINT('Origin',(379.696428270116,13.4999999999964,210.123145433473));
#2037=CARTESIAN_POINT('Origin',(359.77253430828,13.4999999999931,211.866260288418));
#2038=CARTESIAN_POINT('',(359.77253430828,11.4999999999931,211.866260288419));
#2039=CARTESIAN_POINT('Origin',(359.77253430828,13.4999999999931,211.866260288419));
#2040=CARTESIAN_POINT('',(359.075288366301,11.4999999999931,203.896702703684));
#2041=CARTESIAN_POINT('',(359.77253430828,11.4999999999931,211.866260288418));
#2042=CARTESIAN_POINT('Origin',(359.075288366301,13.4999999999931,203.896702703684));
#2043=CARTESIAN_POINT('Origin',(359.77253430828,13.4999999999931,211.866260288419));
#2044=CARTESIAN_POINT('Origin',(343.895058536278,-19.5000003141326,213.25535942387));
#2045=CARTESIAN_POINT('Origin',(343.895058536278,-19.5000003141326,213.255359423871));
#2046=CARTESIAN_POINT('',(343.1978125943,-21.5000003141326,205.285801839136));
#2047=CARTESIAN_POINT('',(343.895058536278,-21.5000003141326,213.25535942387));
#2048=CARTESIAN_POINT('Origin',(343.1978125943,-19.5000003141326,205.285801839136));
#2049=CARTESIAN_POINT('Origin',(343.895058536278,-2.01121742760274,213.25535942387));
#2050=CARTESIAN_POINT('',(343.895058536279,-4.01121742760275,213.255359423871));
#2051=CARTESIAN_POINT('Origin',(343.895058536278,-2.01121742760274,213.255359423871));
#2052=CARTESIAN_POINT('',(343.1978125943,-4.01121742760275,205.285801839136));
#2053=CARTESIAN_POINT('',(343.895058536278,-4.01121742760275,213.25535942387));
#2054=CARTESIAN_POINT('Origin',(343.1978125943,-2.01121742760274,205.285801839136));
#2055=CARTESIAN_POINT('Origin',(343.895058536278,-2.01121742760274,213.255359423871));
#2056=CARTESIAN_POINT('Origin',(359.772534308279,-19.5000002001888,211.866260288418));
#2057=CARTESIAN_POINT('Origin',(359.772534308279,-19.5000002001888,211.866260288419));
#2058=CARTESIAN_POINT('',(359.075288366301,-21.5000002001888,203.896702703684));
#2059=CARTESIAN_POINT('',(359.772534308279,-21.5000002001888,211.866260288418));
#2060=CARTESIAN_POINT('Origin',(359.075288366301,-19.5000002001888,203.896702703684));
#2061=CARTESIAN_POINT('Origin',(343.895058536279,13.4999999999934,213.25535942387));
#2062=CARTESIAN_POINT('',(343.895058536279,11.4999999999934,213.255359423871));
#2063=CARTESIAN_POINT('Origin',(343.895058536279,13.4999999999934,213.255359423871));
#2064=CARTESIAN_POINT('',(343.1978125943,11.4999999999934,205.285801839136));
#2065=CARTESIAN_POINT('',(343.895058536279,11.4999999999934,213.25535942387));
#2066=CARTESIAN_POINT('Origin',(343.1978125943,13.4999999999934,205.285801839136));
#2067=CARTESIAN_POINT('Origin',(343.895058536279,13.4999999999934,213.255359423871));
#2068=CARTESIAN_POINT('Origin',(386.352809976739,8.99807621135309,194.419532861926));
#2069=CARTESIAN_POINT('',(381.67966064799,-10.0000000000002,194.828380451155));
#2070=CARTESIAN_POINT('',(386.352809976739,-10.0000000000002,194.419532861926));
#2071=CARTESIAN_POINT('',(384.016235312365,-10.0000000000002,194.62395665654));
#2072=CARTESIAN_POINT('',(381.67966064799,3.99999999999979,194.828380451155));
#2073=CARTESIAN_POINT('',(381.67966064799,8.99807621135309,194.828380451155));
#2074=CARTESIAN_POINT('',(386.352809976739,3.99999999999979,194.419532861926));
#2075=CARTESIAN_POINT('',(384.016235312365,3.99999999999979,194.62395665654));
#2076=CARTESIAN_POINT('',(386.352809976739,8.99807621135308,194.419532861926));
#2077=CARTESIAN_POINT('Origin',(381.301039323711,-10.0000000000002,190.500718911694));
#2078=CARTESIAN_POINT('',(385.974188652459,-10.0000000000002,190.091871322465));
#2079=CARTESIAN_POINT('',(387.138062353354,-10.0000000000002,203.395008597505));
#2080=CARTESIAN_POINT('',(381.301039323711,-10.0000000000002,190.500718911694));
#2081=CARTESIAN_POINT('',(381.301039323711,-10.0000000000002,190.500718911694));
#2082=CARTESIAN_POINT('',(383.628786725501,-10.0000000000002,217.106993461774));
#2083=CARTESIAN_POINT('Origin',(387.660146117954,3.99999999999979,209.362453333302));
#2084=CARTESIAN_POINT('',(383.593756759173,3.99999999999979,216.706599114487));
#2085=CARTESIAN_POINT('',(388.266906087922,3.99999999999979,216.297751525258));
#2086=CARTESIAN_POINT('',(383.593756759173,3.99999999999979,216.706599114487));
#2087=CARTESIAN_POINT('',(383.597086988439,3.99999999999979,216.744663809173));
#2088=CARTESIAN_POINT('',(382.986996789205,3.99999999999979,209.771300922531));
#2089=CARTESIAN_POINT('',(388.270236317187,3.99999999999979,216.335816219944));
#2090=CARTESIAN_POINT('',(383.597086988439,3.99999999999979,216.744663809173));
#2091=CARTESIAN_POINT('',(387.660146117954,3.99999999999979,209.362453333302));
#2092=CARTESIAN_POINT('Origin',(382.986996789205,-10.0000000000002,209.771300922531));
#2093=CARTESIAN_POINT('',(383.593756759173,-10.0000000000002,216.706599114487));
#2094=CARTESIAN_POINT('',(388.266906087922,-10.0000000000002,216.297751525258));
#2095=CARTESIAN_POINT('',(383.593756759173,-10.0000000000002,216.706599114487));
#2096=CARTESIAN_POINT('',(388.270236317187,-10.0000000000002,216.335816219944));
#2097=CARTESIAN_POINT('',(387.660146117954,-10.0000000000002,209.362453333302));
#2098=CARTESIAN_POINT('',(383.597086988439,-10.0000000000002,216.744663809173));
#2099=CARTESIAN_POINT('',(383.597086988439,-10.0000000000002,216.744663809173));
#2100=CARTESIAN_POINT('',(382.986996789205,-10.0000000000002,209.771300922531));
#2101=CARTESIAN_POINT('Origin',(383.597086988439,8.99807621135309,216.744663809173));
#2102=CARTESIAN_POINT('',(388.270236317187,8.99807621135308,216.335816219944));
#2103=CARTESIAN_POINT('',(383.597086988439,8.99807621135309,216.744663809173));
#2104=CARTESIAN_POINT('Origin',(386.962900175973,8.99807621135308,201.392895748568));
#2105=CARTESIAN_POINT('',(382.289750847224,8.99807621135308,201.801743337797));
#2106=CARTESIAN_POINT('',(386.962900175973,8.99807621135308,201.392895748568));
#2107=CARTESIAN_POINT('',(384.626325511598,8.99807621135308,201.597319543182));
#2108=CARTESIAN_POINT('',(382.289750847224,13.9980762113531,201.801743337797));
#2109=CARTESIAN_POINT('',(382.289750847224,8.99807621135309,201.801743337797));
#2110=CARTESIAN_POINT('',(386.962900175973,13.9980762113531,201.392895748568));
#2111=CARTESIAN_POINT('',(386.962900175973,13.9980762113531,201.392895748568));
#2112=CARTESIAN_POINT('',(386.962900175973,8.99807621135308,201.392895748568));
#2113=CARTESIAN_POINT('Origin',(386.962900175973,8.99807621135308,201.392895748568));
#2114=CARTESIAN_POINT('',(386.962900175973,-14.9980762113535,201.392895748568));
#2115=CARTESIAN_POINT('',(382.289750847224,-14.9980762113535,201.801743337797));
#2116=CARTESIAN_POINT('',(384.626325511598,-14.9980762113535,201.597319543182));
#2117=CARTESIAN_POINT('',(386.962900175973,-21.0019237886469,201.392895748568));
#2118=CARTESIAN_POINT('',(386.962900175973,8.99807621135308,201.392895748568));
#2119=CARTESIAN_POINT('',(382.289750847224,-21.0019237886469,201.801743337797));
#2120=CARTESIAN_POINT('',(386.962900175973,-21.0019237886469,201.392895748568));
#2121=CARTESIAN_POINT('',(382.289750847224,8.99807621135309,201.801743337797));
#2122=CARTESIAN_POINT('Origin',(382.986996789205,8.99807621135309,209.771300922531));
#2123=CARTESIAN_POINT('',(382.986996789205,8.99807621135309,209.771300922531));
#2124=CARTESIAN_POINT('',(387.660146117954,8.99807621135309,209.362453333302));
#2125=CARTESIAN_POINT('',(382.986996789205,8.99807621135309,209.771300922531));
#2126=CARTESIAN_POINT('',(387.660146117954,10.0000001490116,209.362453333302));
#2127=CARTESIAN_POINT('',(387.660146117954,8.99807621135308,209.362453333302));
#2128=CARTESIAN_POINT('',(382.986996789205,10.0000001490116,209.771300922531));
#2129=CARTESIAN_POINT('',(365.897918202121,10.0000001490116,211.266401569005));
#2130=CARTESIAN_POINT('',(382.986996789205,8.99807621135309,209.771300922531));
#2131=CARTESIAN_POINT('Origin',(384.974948482589,-21.0019237886469,205.582098335549));
#2132=CARTESIAN_POINT('',(382.295303861462,-21.0019237886469,201.86521458097));
#2133=CARTESIAN_POINT('',(386.96845319021,-21.0019237886469,201.456366991742));
#2134=CARTESIAN_POINT('',(373.86138269162,-21.0019237886469,202.603087072399));
#2135=CARTESIAN_POINT('',(382.986996789205,-21.0019237886469,209.771300922531));
#2136=CARTESIAN_POINT('',(387.660146117954,-21.0019237886469,209.362453333302));
#2137=CARTESIAN_POINT('Origin',(382.986996789205,8.99807621135309,209.771300922531));
#2138=CARTESIAN_POINT('',(382.986996789205,-14.9980762113535,209.771300922531));
#2139=CARTESIAN_POINT('',(387.660146117954,-14.9980762113535,209.362453333302));
#2140=CARTESIAN_POINT('',(382.986996789205,-14.9980762113535,209.771300922531));
#2141=CARTESIAN_POINT('',(382.986996789205,-16.0000002384186,209.771300922531));
#2142=CARTESIAN_POINT('',(382.986996789205,8.99807621135309,209.771300922531));
#2143=CARTESIAN_POINT('',(387.660146117954,-16.0000002384186,209.362453333302));
#2144=CARTESIAN_POINT('',(385.32371481491,-16.0000002384186,209.566864585425));
#2145=CARTESIAN_POINT('',(387.660146117954,8.99807621135308,209.362453333302));
#2146=CARTESIAN_POINT('Origin',(384.974948482589,13.9980762113531,205.582098335549));
#2147=CARTESIAN_POINT('',(386.96845319021,13.9980762113531,201.456366991742));
#2148=CARTESIAN_POINT('',(382.295303861462,13.9980762113531,201.86521458097));
#2149=CARTESIAN_POINT('',(373.86138269162,13.9980762113531,202.603087072399));
#2150=CARTESIAN_POINT('',(387.660146117954,13.9980762113531,209.362453333302));
#2151=CARTESIAN_POINT('',(382.986996789205,13.9980762113531,209.771300922531));
#2152=CARTESIAN_POINT('Origin',(363.090886857402,-3.00000017136335,203.545383358443));
#2153=CARTESIAN_POINT('',(386.96845319021,10.0000001490116,201.456366991742));
#2154=CARTESIAN_POINT('',(386.96845319021,2.99903801999486,201.456366991742));
#2155=CARTESIAN_POINT('',(382.295303861462,10.0000001490116,201.86521458097));
#2156=CARTESIAN_POINT('',(382.295303861462,2.99903801999487,201.86521458097));
#2157=CARTESIAN_POINT('',(348.117146687292,10.0000001490116,204.855415873905));
#2158=CARTESIAN_POINT('',(386.968739912871,10.0000001490116,201.45634190676));
#2159=CARTESIAN_POINT('',(348.117146687292,-16.0000002384186,204.855415873905));
#2160=CARTESIAN_POINT('',(348.117146687292,10.0000001490116,204.855415873905));
#2161=CARTESIAN_POINT('',(382.295303861462,-16.0000002384186,201.86521458097));
#2162=CARTESIAN_POINT('',(348.117146687292,-16.0000002384186,204.855415873905));
#2163=CARTESIAN_POINT('',(382.295303861462,2.99903801999487,201.86521458097));
#2164=CARTESIAN_POINT('',(386.96845319021,-16.0000002384186,201.456366991742));
#2165=CARTESIAN_POINT('',(386.96845319021,2.99903801999486,201.456366991742));
#2166=CARTESIAN_POINT('',(348.117146687292,-16.0000002384186,204.855415873905));
#2167=CARTESIAN_POINT('',(386.968739912871,10.0000001490116,201.45634190676));
#2168=CARTESIAN_POINT('Origin',(348.117146687292,10.0000001490116,204.855415873905));
#2169=CARTESIAN_POINT('',(387.314299654081,10.0000001490116,205.409410162515));
#2170=CARTESIAN_POINT('',(348.81439262927,10.0000001490116,212.824973458639));
#2171=CARTESIAN_POINT('',(387.66598585485,10.0000001490116,209.425899491494));
#2172=CARTESIAN_POINT('',(348.117146687292,10.0000001490116,204.855415873905));
#2173=CARTESIAN_POINT('',(382.292527354342,10.0000001490116,201.833478959377));
#2174=CARTESIAN_POINT('Origin',(348.117146687292,-16.0000002384186,204.855415873905));
#2175=CARTESIAN_POINT('',(348.81439262927,-16.0000002384186,212.824973458639));
#2176=CARTESIAN_POINT('',(348.81439262927,10.0000001490116,212.824973458639));
#2177=CARTESIAN_POINT('',(348.117146687292,-16.0000002384186,204.855415873905));
#2178=CARTESIAN_POINT('Origin',(386.968739912871,-16.0000002384186,201.45634190676));
#2179=CARTESIAN_POINT('',(382.292527354343,-16.0000002384186,201.833478959384));
#2180=CARTESIAN_POINT('',(348.81439262927,-16.0000002384186,212.824973458639));
#2181=CARTESIAN_POINT('',(387.314299654082,-16.0000002384186,205.409410162522));
#2182=CARTESIAN_POINT('Origin',(363.78813279938,-3.00000017136335,211.514940943177));
#2183=CARTESIAN_POINT('Origin',(383.593756759173,3.99999999999979,216.706599114487));
#2184=CARTESIAN_POINT('',(381.301039323711,3.9999999999998,190.500718911694));
#2185=CARTESIAN_POINT('',(383.628786725501,3.99999999999979,217.106993461774));
#2186=CARTESIAN_POINT('',(385.974188652459,3.9999999999998,190.091871322465));
#2187=CARTESIAN_POINT('',(381.301039323711,3.9999999999998,190.500718911694));
#2188=CARTESIAN_POINT('',(388.284421071086,3.99999999999979,216.497948698901));
#2189=CARTESIAN_POINT('Origin',(381.385721576849,8.99807621135309,191.46864149418));
#2190=CARTESIAN_POINT('',(386.058870905597,8.99807621135309,191.059793904951));
#2191=CARTESIAN_POINT('',(387.180403479923,8.99807621135308,203.878969888748));
#2192=CARTESIAN_POINT('',(381.385721576849,8.99807621135309,191.46864149418));
#2193=CARTESIAN_POINT('',(381.385721576849,8.99807621135309,191.46864149418));
#2194=CARTESIAN_POINT('',(381.650351365129,8.99807621135309,194.493373815091));
#2195=CARTESIAN_POINT('Origin',(381.284297245589,7.24999999999979,190.309356083106));
#2196=CARTESIAN_POINT('',(385.856022243077,8.99807621135309,188.741223082803));
#2197=CARTESIAN_POINT('Origin',(385.957446574337,7.24999999999979,189.900508493877));
#2198=CARTESIAN_POINT('',(381.182872914329,8.99807621135309,189.150070672032));
#2199=CARTESIAN_POINT('',(381.182872914329,8.99807621135309,189.150070672032));
#2200=CARTESIAN_POINT('Origin',(381.284297245589,7.24999999999979,190.309356083106));
#2201=CARTESIAN_POINT('Origin',(381.057859983673,8.99807621135309,187.721166336117));
#2202=CARTESIAN_POINT('',(385.731009312422,8.99807621135309,187.312318746888));
#2203=CARTESIAN_POINT('',(387.016472683336,8.99807621135309,202.005232309716));
#2204=CARTESIAN_POINT('',(381.057859983673,8.99807621135309,187.721166336117));
#2205=CARTESIAN_POINT('',(381.057859983673,8.99807621135309,187.721166336117));
#2206=CARTESIAN_POINT('',(381.650351365129,8.99807621135309,194.493373815091));
#2207=CARTESIAN_POINT('Origin',(381.057859983673,6.41295502358266,187.721166336117));
#2208=CARTESIAN_POINT('',(385.731009312422,6.41295502358266,187.312318746888));
#2209=CARTESIAN_POINT('',(385.731009312422,10.2064775117912,187.312318746888));
#2210=CARTESIAN_POINT('',(381.057859983673,6.41295502358266,187.721166336117));
#2211=CARTESIAN_POINT('',(381.057859983673,6.41295502358266,187.721166336117));
#2212=CARTESIAN_POINT('',(381.057859983673,6.9799799598995,187.721166336117));
#2213=CARTESIAN_POINT('Origin',(380.560904580783,-3.00000000000021,182.040940088944));
#2214=CARTESIAN_POINT('Origin',(385.234053909532,-3.00000000000021,181.632092499715));
#2215=CARTESIAN_POINT('Origin',(380.560904580783,-3.00000000000021,182.040940088944));
#2216=CARTESIAN_POINT('Origin',(383.593756759173,5.39999999999979,216.706599114487));
#2217=CARTESIAN_POINT('',(388.266906087922,5.39999999999979,216.297751525258));
#2218=CARTESIAN_POINT('',(388.266906087922,9.69999999999979,216.297751525258));
#2219=CARTESIAN_POINT('',(383.593756759173,5.39999999999979,216.706599114487));
#2220=CARTESIAN_POINT('',(383.593756759173,5.39999999999979,216.706599114487));
#2221=CARTESIAN_POINT('',(383.593756759173,-3.00000000000022,216.706599114487));
#2222=CARTESIAN_POINT('Origin',(381.284297245589,7.24999999999979,190.309356083106));
#2223=CARTESIAN_POINT('',(385.892079767276,7.24999999999979,189.153362470308));
#2224=CARTESIAN_POINT('Origin',(385.957446574337,7.24999999999979,189.900508493877));
#2225=CARTESIAN_POINT('',(381.218930438528,7.24999999999979,189.562210059537));
#2226=CARTESIAN_POINT('',(381.218930438528,7.24999999999979,189.562210059537));
#2227=CARTESIAN_POINT('Origin',(381.284297245589,7.24999999999979,190.309356083106));
#2228=CARTESIAN_POINT('Origin',(383.088421120465,7.24999999999979,210.930586333605));
#2229=CARTESIAN_POINT('',(387.696203642153,7.24999999999979,209.774592720807));
#2230=CARTESIAN_POINT('Origin',(387.761570449214,7.24999999999979,210.521738744376));
#2231=CARTESIAN_POINT('',(383.023054313405,7.24999999999979,210.183440310036));
#2232=CARTESIAN_POINT('',(383.023054313405,7.24999999999979,210.183440310036));
#2233=CARTESIAN_POINT('Origin',(383.088421120465,7.24999999999979,210.930586333605));
#2234=CARTESIAN_POINT('Origin',(383.454475240006,5.39999999999979,215.11460406559));
#2235=CARTESIAN_POINT('',(388.127624568754,5.39999999999979,214.705756476361));
#2236=CARTESIAN_POINT('',(388.214780311502,5.39999999999979,215.701951174453));
#2237=CARTESIAN_POINT('',(383.454475240006,5.39999999999979,215.11460406559));
#2238=CARTESIAN_POINT('',(383.454475240006,5.39999999999979,215.11460406559));
#2239=CARTESIAN_POINT('',(383.628786725501,5.39999999999979,217.106993461774));
#2240=CARTESIAN_POINT('Origin',(383.454475240006,7.39999999999978,215.11460406559));
#2241=CARTESIAN_POINT('',(387.953313083259,7.39999999999978,212.713367080178));
#2242=CARTESIAN_POINT('Origin',(388.127624568754,7.39999999999978,214.705756476361));
#2243=CARTESIAN_POINT('',(383.28016375451,7.39999999999978,213.122214669407));
#2244=CARTESIAN_POINT('',(383.28016375451,7.39999999999978,213.122214669407));
#2245=CARTESIAN_POINT('Origin',(383.454475240006,7.39999999999978,215.11460406559));
#2246=CARTESIAN_POINT('Origin',(383.28016375451,8.99807621135309,213.122214669407));
#2247=CARTESIAN_POINT('',(387.953313083259,8.99807621135309,212.713367080178));
#2248=CARTESIAN_POINT('',(387.953313083259,11.4990381056764,212.713367080178));
#2249=CARTESIAN_POINT('',(383.28016375451,8.99807621135309,213.122214669407));
#2250=CARTESIAN_POINT('',(383.28016375451,8.99807621135309,213.122214669407));
#2251=CARTESIAN_POINT('',(383.28016375451,7.39999999999978,213.122214669407));
#2252=CARTESIAN_POINT('Origin',(383.189845451725,8.99807621135308,212.089871744679));
#2253=CARTESIAN_POINT('',(387.862994780474,8.99807621135309,211.68102415545));
#2254=CARTESIAN_POINT('',(388.082465417362,8.99807621135308,214.189585013997));
#2255=CARTESIAN_POINT('',(383.189845451725,8.99807621135309,212.089871744679));
#2256=CARTESIAN_POINT('',(383.189845451725,8.99807621135309,212.089871744679));
#2257=CARTESIAN_POINT('',(381.650351365129,8.99807621135309,194.493373815091));
#2258=CARTESIAN_POINT('Origin',(383.088421120465,7.24999999999979,210.930586333605));
#2259=CARTESIAN_POINT('Origin',(387.761570449214,7.24999999999979,210.521738744376));
#2260=CARTESIAN_POINT('Origin',(383.088421120465,7.24999999999979,210.930586333605));
#2261=CARTESIAN_POINT('Origin',(388.301936054249,-20.0000000000002,216.698145872545));
#2262=CARTESIAN_POINT('',(388.266906087922,-11.4000000000002,216.297751525258));
#2263=CARTESIAN_POINT('',(388.266906087922,-15.0000000000002,216.297751525258));
#2264=CARTESIAN_POINT('',(388.127624568754,-11.4000000000002,214.705756476361));
#2265=CARTESIAN_POINT('',(388.284421071086,-11.4000000000002,216.497948698901));
#2266=CARTESIAN_POINT('',(387.953313083259,-13.4000000000002,212.713367080178));
#2267=CARTESIAN_POINT('Origin',(388.127624568754,-13.4000000000002,214.705756476361));
#2268=CARTESIAN_POINT('',(387.953313083259,-14.9980762113535,212.713367080178));
#2269=CARTESIAN_POINT('',(387.953313083259,-16.7000000000002,212.713367080178));
#2270=CARTESIAN_POINT('',(387.862994780474,-14.9980762113535,211.68102415545));
#2271=CARTESIAN_POINT('',(388.127624568754,-14.9980762113535,214.705756476361));
#2272=CARTESIAN_POINT('Origin',(387.761570449214,-13.2500000000002,210.521738744376));
#2273=CARTESIAN_POINT('',(386.058870905597,-14.9980762113535,191.059793904951));
#2274=CARTESIAN_POINT('',(387.981041086102,-14.9980762113535,213.030299602923));
#2275=CARTESIAN_POINT('',(385.856022243077,-14.9980762113535,188.741223082803));
#2276=CARTESIAN_POINT('Origin',(385.957446574337,-13.2500000000002,189.900508493877));
#2277=CARTESIAN_POINT('',(385.731009312422,-14.9980762113535,187.312318746888));
#2278=CARTESIAN_POINT('',(387.078979148663,-14.9980762113535,202.719684477674));
#2279=CARTESIAN_POINT('',(385.731009312422,-12.4129550235831,187.312318746888));
#2280=CARTESIAN_POINT('',(385.731009312422,-17.4990381056769,187.312318746888));
#2281=CARTESIAN_POINT('Origin',(385.234053909532,-3.00000000000021,181.632092499715));
#2282=CARTESIAN_POINT('',(385.892079767276,-13.2500000000002,189.153362470308));
#2283=CARTESIAN_POINT('Origin',(385.957446574337,-13.2500000000002,189.900508493877));
#2284=CARTESIAN_POINT('',(387.696203642153,-13.2500000000002,209.774592720807));
#2285=CARTESIAN_POINT('Origin',(387.761570449214,-13.2500000000002,210.521738744376));
#2286=CARTESIAN_POINT('Origin',(383.088421120465,-13.2500000000002,210.930586333605));
#2287=CARTESIAN_POINT('',(383.189845451725,-14.9980762113535,212.089871744679));
#2288=CARTESIAN_POINT('',(383.189845451725,-14.9980762113535,212.089871744679));
#2289=CARTESIAN_POINT('Origin',(383.088421120465,-13.2500000000002,210.930586333605));
#2290=CARTESIAN_POINT('Origin',(383.28016375451,-14.9980762113535,213.122214669407));
#2291=CARTESIAN_POINT('',(383.28016375451,-14.9980762113535,213.122214669407));
#2292=CARTESIAN_POINT('',(383.28016375451,-14.9980762113535,213.122214669407));
#2293=CARTESIAN_POINT('',(381.650351365129,-14.9980762113535,194.493373815091));
#2294=CARTESIAN_POINT('Origin',(383.28016375451,-13.4000000000002,213.122214669407));
#2295=CARTESIAN_POINT('',(383.28016375451,-13.4000000000002,213.122214669407));
#2296=CARTESIAN_POINT('',(383.28016375451,-13.4000000000002,213.122214669407));
#2297=CARTESIAN_POINT('',(383.28016375451,-13.4000000000002,213.122214669407));
#2298=CARTESIAN_POINT('Origin',(383.454475240006,-13.4000000000002,215.11460406559));
#2299=CARTESIAN_POINT('',(383.454475240006,-11.4000000000002,215.11460406559));
#2300=CARTESIAN_POINT('',(383.454475240006,-11.4000000000002,215.11460406559));
#2301=CARTESIAN_POINT('Origin',(383.454475240006,-13.4000000000002,215.11460406559));
#2302=CARTESIAN_POINT('Origin',(383.593756759173,-11.4000000000002,216.706599114487));
#2303=CARTESIAN_POINT('',(383.593756759173,-11.4000000000002,216.706599114487));
#2304=CARTESIAN_POINT('',(383.593756759173,-11.4000000000002,216.706599114487));
#2305=CARTESIAN_POINT('',(383.628786725501,-11.4000000000002,217.106993461774));
#2306=CARTESIAN_POINT('Origin',(383.593756759173,-10.0000000000002,216.706599114487));
#2307=CARTESIAN_POINT('',(383.593756759173,-3.00000000000022,216.706599114487));
#2308=CARTESIAN_POINT('Origin',(381.284297245589,-13.2500000000002,190.309356083106));
#2309=CARTESIAN_POINT('',(381.218930438528,-13.2500000000002,189.562210059537));
#2310=CARTESIAN_POINT('',(381.218930438528,-13.2500000000002,189.562210059537));
#2311=CARTESIAN_POINT('Origin',(381.284297245589,-13.2500000000002,190.309356083106));
#2312=CARTESIAN_POINT('Origin',(383.088421120465,-13.2500000000002,210.930586333605));
#2313=CARTESIAN_POINT('',(383.023054313405,-13.2500000000002,210.183440310036));
#2314=CARTESIAN_POINT('',(383.023054313405,-13.2500000000002,210.183440310036));
#2315=CARTESIAN_POINT('Origin',(383.088421120465,-13.2500000000002,210.930586333605));
#2316=CARTESIAN_POINT('Origin',(380.560904580783,-3.00000000000021,182.040940088944));
#2317=CARTESIAN_POINT('',(381.057859983673,-12.4129550235831,187.721166336117));
#2318=CARTESIAN_POINT('',(381.057859983673,-12.4129550235831,187.721166336117));
#2319=CARTESIAN_POINT('Origin',(380.560904580783,-3.00000000000021,182.040940088944));
#2320=CARTESIAN_POINT('Origin',(381.057859983673,-14.9980762113535,187.721166336117));
#2321=CARTESIAN_POINT('',(381.057859983673,-14.9980762113535,187.721166336117));
#2322=CARTESIAN_POINT('',(381.057859983673,-14.9980762113535,187.721166336117));
#2323=CARTESIAN_POINT('',(381.057859983673,-12.9799799598999,187.721166336117));
#2324=CARTESIAN_POINT('Origin',(381.182872914329,-14.9980762113535,189.150070672032));
#2325=CARTESIAN_POINT('',(381.182872914329,-14.9980762113535,189.150070672032));
#2326=CARTESIAN_POINT('',(381.182872914329,-14.9980762113535,189.150070672032));
#2327=CARTESIAN_POINT('',(381.650351365129,-14.9980762113535,194.493373815091));
#2328=CARTESIAN_POINT('Origin',(381.284297245589,-13.2500000000002,190.309356083106));
#2329=CARTESIAN_POINT('',(381.385721576849,-14.9980762113535,191.46864149418));
#2330=CARTESIAN_POINT('',(381.385721576849,-14.9980762113535,191.46864149418));
#2331=CARTESIAN_POINT('Origin',(381.284297245589,-13.2500000000002,190.309356083106));
#2332=CARTESIAN_POINT('Origin',(382.986996789205,-14.9980762113535,209.771300922531));
#2333=CARTESIAN_POINT('',(381.650351365129,-14.9980762113535,194.493373815091));
#2334=CARTESIAN_POINT('Origin',(383.628786725501,-20.0000000000002,217.106993461774));
#2335=UNCERTAINTY_MEASURE_WITH_UNIT(LENGTH_MEASURE(0.01),#2339,
'DISTANCE_ACCURACY_VALUE',
'Maximum model space distance between geometric entities at asserted c
onnectivities');
#2336=UNCERTAINTY_MEASURE_WITH_UNIT(LENGTH_MEASURE(0.01),#2339,
'DISTANCE_ACCURACY_VALUE',
'Maximum model space distance between geometric entities at asserted c
onnectivities');
#2337=(
GEOMETRIC_REPRESENTATION_CONTEXT(3)
GLOBAL_UNCERTAINTY_ASSIGNED_CONTEXT((#2335))
GLOBAL_UNIT_ASSIGNED_CONTEXT((#2339,#2341,#2342))
REPRESENTATION_CONTEXT('','3D')
);
#2338=(
GEOMETRIC_REPRESENTATION_CONTEXT(3)
GLOBAL_UNCERTAINTY_ASSIGNED_CONTEXT((#2336))
GLOBAL_UNIT_ASSIGNED_CONTEXT((#2339,#2341,#2342))
REPRESENTATION_CONTEXT('','3D')
);
#2339=(
LENGTH_UNIT()
NAMED_UNIT(*)
SI_UNIT(.MILLI.,.METRE.)
);
#2340=(
LENGTH_UNIT()
NAMED_UNIT(*)
SI_UNIT($,.METRE.)
);
#2341=(
NAMED_UNIT(*)
PLANE_ANGLE_UNIT()
SI_UNIT($,.RADIAN.)
);
#2342=(
NAMED_UNIT(*)
SI_UNIT($,.STERADIAN.)
SOLID_ANGLE_UNIT()
);
#2343=SHAPE_DEFINITION_REPRESENTATION(#2344,#2345);
#2344=PRODUCT_DEFINITION_SHAPE('',$,#2347);
#2345=SHAPE_REPRESENTATION('',(#1367),#2337);
#2346=PRODUCT_DEFINITION_CONTEXT('part definition',#2351,'design');
#2347=PRODUCT_DEFINITION('StepperMountJ5','StepperMountJ5',#2348,#2346);
#2348=PRODUCT_DEFINITION_FORMATION('',$,#2353);
#2349=PRODUCT_RELATED_PRODUCT_CATEGORY('StepperMountJ5',
'StepperMountJ5',(#2353));
#2350=APPLICATION_PROTOCOL_DEFINITION('international standard',
'automotive_design',2009,#2351);
#2351=APPLICATION_CONTEXT(
'Core Data for Automotive Mechanical Design Process');
#2352=PRODUCT_CONTEXT('part definition',#2351,'mechanical');
#2353=PRODUCT('StepperMountJ5','StepperMountJ5',$,(#2352));
#2354=PRESENTATION_STYLE_ASSIGNMENT((#2355));
#2355=SURFACE_STYLE_USAGE(.BOTH.,#2356);
#2356=SURFACE_SIDE_STYLE('',(#2357));
#2357=SURFACE_STYLE_FILL_AREA(#2358);
#2358=FILL_AREA_STYLE('Steel - Satin',(#2359));
#2359=FILL_AREA_STYLE_COLOUR('Steel - Satin',#2360);
#2360=COLOUR_RGB('Steel - Satin',0.627450980392157,0.627450980392157,0.627450980392157);
ENDSEC;
END-ISO-10303-21;
